-- phpMyAdmin SQL Dump
-- version 4.0.4
-- http://www.phpmyadmin.net
--
-- Host: localhost
-- Generation Time: Oct 26, 2015 at 12:21 AM
-- Server version: 5.6.12-log
-- PHP Version: 5.4.16

SET SQL_MODE = "NO_AUTO_VALUE_ON_ZERO";
SET time_zone = "+00:00";


/*!40101 SET @OLD_CHARACTER_SET_CLIENT=@@CHARACTER_SET_CLIENT */;
/*!40101 SET @OLD_CHARACTER_SET_RESULTS=@@CHARACTER_SET_RESULTS */;
/*!40101 SET @OLD_COLLATION_CONNECTION=@@COLLATION_CONNECTION */;
/*!40101 SET NAMES utf8 */;

--
-- Database: `top_ace_db`
--
CREATE DATABASE IF NOT EXISTS `top_ace_db` DEFAULT CHARACTER SET latin1 COLLATE latin1_swedish_ci;
USE `top_ace_db`;

-- --------------------------------------------------------

--
-- Table structure for table `clients`
--

CREATE TABLE IF NOT EXISTS `clients` (
  `clientid` int(15) NOT NULL AUTO_INCREMENT,
  `cllastname` varchar(50) DEFAULT NULL,
  `clfirstname` varchar(50) DEFAULT NULL,
  `clmidinitial` varchar(5) DEFAULT NULL,
  `clcelno` varchar(15) DEFAULT NULL,
  `clgender` enum('Male','Female') DEFAULT NULL,
  `claddress` varchar(300) DEFAULT NULL,
  `clsince` date DEFAULT NULL,
  PRIMARY KEY (`clientid`)
) ENGINE=InnoDB  DEFAULT CHARSET=latin1 AUTO_INCREMENT=12 ;

--
-- Dumping data for table `clients`
--

INSERT INTO `clients` (`clientid`, `cllastname`, `clfirstname`, `clmidinitial`, `clcelno`, `clgender`, `claddress`, `clsince`) VALUES
(1, 'Francisco', 'Trisha', 'M', '09068535509', 'Female', 'IC 77, Poblacion, La Trinidad, Benguet', '2014-02-13'),
(3, 'Ferreria', 'Kimberly', 'R', '09169212756', 'Female', '17, Pias, Mapandan, Pangasinan', '2013-10-10'),
(4, 'Salvatore', 'Perry', 'B', '09196478953', 'Male', '23, Quezon Hill, Baguio City', '2013-10-10'),
(5, 'Aquino', 'Bea', 'G', '09124789624', 'Female', '11, Poblacion, Sta. Barbara, Pangasinan', '2015-10-10'),
(6, 'Corla', 'Elmo', 'F', '09124796524', 'Male', '01, New Lucban, Baguio City', '2015-10-10'),
(7, 'Padlan', 'Alvin', 'I', '09153479562', 'Female', '99, Honeymoon Road, Baguio City', '2013-10-10'),
(8, 'Villanueva', 'Aizyl Grace', 'R', '09354789210', 'Female', '18, Malanay, Manaoag, Pangasinan', '2015-10-10'),
(9, 'Mamucod', 'Rico', 'M', '09163254896', 'Male', '12, Trancoville, Baguio City', '2014-02-13'),
(10, 'Flora', 'Lyrenz', 'Y', '09306123945', 'Male', '87, Golden, Moncada, Tarlac City', '2014-02-13'),
(11, 'Lomboy', 'Kissel', 'E', '09154652560', 'Female', '34, Aurora Hill, Baguio City', '2014-02-13');

-- --------------------------------------------------------

--
-- Table structure for table `employees`
--

CREATE TABLE IF NOT EXISTS `employees` (
  `employeeid` int(15) NOT NULL AUTO_INCREMENT,
  `emplastname` varchar(50) DEFAULT NULL,
  `empfirstname` varchar(50) DEFAULT NULL,
  `empmiddlename` varchar(50) DEFAULT NULL,
  `empcelno` varchar(15) DEFAULT NULL,
  `empgender` enum('Male','Female') DEFAULT NULL,
  `empaddress` varchar(300) DEFAULT NULL,
  `empstatus` enum('Active','Inactive') DEFAULT NULL,
  `empemailad` varchar(50) DEFAULT NULL,
  `noofjobs` int(5) DEFAULT '0',
  `emptype` enum('Front Desk Personnel','Machinist','Manager') DEFAULT NULL,
  PRIMARY KEY (`employeeid`)
) ENGINE=InnoDB  DEFAULT CHARSET=latin1 AUTO_INCREMENT=8 ;

--
-- Dumping data for table `employees`
--

INSERT INTO `employees` (`employeeid`, `emplastname`, `empfirstname`, `empmiddlename`, `empcelno`, `empgender`, `empaddress`, `empstatus`, `empemailad`, `noofjobs`, `emptype`) VALUES
(1, 'Snow', 'Jon', 'Stark', '09061234567', 'Male', '#3 Winterfell, Baguio City', 'Active', 'jonsnow@yahoo.com', 5, 'Machinist'),
(2, 'Tiong', 'Benedict', 'So', '09121212121', 'Male', 'Baguio City, Benguet', 'Active', 'tiong@gmail.com', 0, 'Manager'),
(3, 'Tiong', 'Brenwin', 'So', '09199829872', 'Male', 'Baguio City, Benguet', 'Active', 'tiongso@gmail.com', 0, 'Manager'),
(4, 'San Pedro', 'Marvin', 'Malik', '09128718711', 'Male', 'Baguio City, Benguet', 'Active', 'marvin@gmail.com', 3, 'Machinist'),
(5, 'Castro', 'Jameson', 'Side', '09182763871', 'Male', 'La Trinidad, Benguet', 'Active', 'castro@yahoo.com', 2, 'Machinist'),
(6, 'Conje', 'Noryza', 'Reyes', '09912877126', 'Female', 'Sual, Pangasinan', 'Active', 'conje@gmail.com', 0, 'Front Desk Personnel'),
(7, 'Roces', 'Mikee', 'Ancheta', '01216521982', 'Female', 'Dagupan, Pangasinan', 'Active', 'Roces@gmail.com', 0, 'Front Desk Personnel');

-- --------------------------------------------------------

--
-- Table structure for table `engrecon`
--

CREATE TABLE IF NOT EXISTS `engrecon` (
  `engreconid` int(15) NOT NULL AUTO_INCREMENT,
  `joborderid` int(15) DEFAULT NULL,
  PRIMARY KEY (`engreconid`),
  KEY `fk_engrecon_joborderid_idx` (`joborderid`)
) ENGINE=InnoDB DEFAULT CHARSET=latin1 AUTO_INCREMENT=1 ;

-- --------------------------------------------------------

--
-- Table structure for table `engreconfab`
--

CREATE TABLE IF NOT EXISTS `engreconfab` (
  `engreconfabid` int(15) NOT NULL AUTO_INCREMENT,
  `joborderid` int(15) DEFAULT NULL,
  PRIMARY KEY (`engreconfabid`),
  KEY `fk_engreconfab_joborderid_idx` (`joborderid`)
) ENGINE=InnoDB DEFAULT CHARSET=latin1 AUTO_INCREMENT=1 ;

-- --------------------------------------------------------

--
-- Table structure for table `fabrications`
--

CREATE TABLE IF NOT EXISTS `fabrications` (
  `fabricationid` int(15) NOT NULL AUTO_INCREMENT,
  `fabricationdesc` varchar(500) DEFAULT NULL,
  `fabricationquantity` int(5) DEFAULT NULL,
  `fabricationprice` decimal(11,2) DEFAULT NULL,
  `fabricationstatus` enum('Pending','Started','Done') DEFAULT 'Pending',
  `joborderid` int(15) DEFAULT NULL,
  PRIMARY KEY (`fabricationid`),
  KEY `fk_fabrications_joborderid_idx` (`joborderid`)
) ENGINE=InnoDB  DEFAULT CHARSET=latin1 AUTO_INCREMENT=2 ;

-- --------------------------------------------------------

--
-- Table structure for table `ingoingitems`
--

CREATE TABLE IF NOT EXISTS `ingoingitems` (
  `isdate` date NOT NULL,
  `time` time NOT NULL,
  `quantity` int(11) NOT NULL,
  `enteredby` varchar(10) NOT NULL,
  `inventoryid` int(11) NOT NULL
) ENGINE=InnoDB DEFAULT CHARSET=latin1;

-- --------------------------------------------------------

--
-- Table structure for table `inventory`
--

CREATE TABLE IF NOT EXISTS `inventory` (
  `inventoryid` int(15) NOT NULL AUTO_INCREMENT,
  `inventoryname` varchar(300) DEFAULT NULL,
  `inventorysize` varchar(50) DEFAULT NULL,
  `inventoryprice` decimal(11,2) DEFAULT NULL,
  `inventoryquantity` int(5) DEFAULT NULL,
  `modelid` int(15) DEFAULT NULL,
  `reorderlevel` int(11) DEFAULT '10',
  PRIMARY KEY (`inventoryid`),
  KEY `fk_inventory_modelid_idx` (`modelid`)
) ENGINE=InnoDB  DEFAULT CHARSET=latin1 AUTO_INCREMENT=1459 ;

--
-- Dumping data for table `inventory`
--

INSERT INTO `inventory` (`inventoryid`, `inventoryname`, `inventorysize`, `inventoryprice`, `inventoryquantity`, `modelid`, `reorderlevel`) VALUES
(1, 'Engine Valve', NULL, '600.00', 100, 1, 10),
(2, 'Engine Valve', NULL, '400.00', 100, 2, 10),
(3, 'Engine Valve', NULL, '300.00', 100, 3, 10),
(4, 'Engine Valve', NULL, '350.00', 100, 4, 10),
(5, 'Engine Valve', NULL, '245.00', 100, 5, 10),
(6, 'Engine Valve', NULL, '150.75', 100, 6, 10),
(7, 'Engine Valve', NULL, '340.00', 100, 7, 10),
(8, 'Engine Valve', NULL, '245.50', 100, 8, 10),
(9, 'Engine Valve', NULL, '120.00', 100, 9, 10),
(10, 'Engine Valve', NULL, '135.00', 100, 10, 10),
(11, 'Engine Valve', NULL, '450.00', 100, 11, 10),
(12, 'Engine Valve', NULL, '345.00', 100, 12, 10),
(13, 'Engine Valve', NULL, '254.00', 100, 13, 10),
(14, 'Engine Valve', NULL, '323.90', 100, 14, 10),
(15, 'Engine Valve', NULL, '445.00', 100, 15, 10),
(16, 'Engine Valve', NULL, '345.00', 100, 16, 10),
(17, 'Engine Valve', NULL, '167.00', 100, 17, 10),
(18, 'Engine Valve', NULL, '340.00', 100, 18, 10),
(19, 'Engine Valve', NULL, '231.00', 100, 19, 10),
(20, 'Engine Valve', NULL, '609.00', 100, 20, 10),
(21, 'Engine Valve', NULL, '780.00', 100, 21, 10),
(22, 'Engine Valve', NULL, '890.00', 100, 22, 10),
(23, 'Engine Valve', NULL, '1500.00', 100, 23, 10),
(24, 'Engine Valve', NULL, '798.00', 100, 24, 10),
(25, 'Engine Valve', NULL, '450.00', 100, 25, 10),
(26, 'Engine Valve', NULL, '540.00', 100, 26, 10),
(27, 'Engine Valve', NULL, '789.00', 100, 27, 10),
(28, 'Engine Valve', NULL, '1254.00', 100, 28, 10),
(29, 'Engine Valve', NULL, '370.00', 100, 29, 10),
(30, 'Valve Seal', NULL, '450.00', 100, 1, 10),
(31, 'Valve Seal', NULL, '670.00', 100, 2, 10),
(32, 'Valve Seal', NULL, '650.00', 100, 3, 10),
(33, 'Valve Seal', NULL, '340.00', 100, 4, 10),
(34, 'Valve Seal', NULL, '456.00', 100, 5, 10),
(35, 'Valve Seal', NULL, '345.00', 100, 6, 10),
(36, 'Valve Seal', NULL, '567.00', 100, 7, 10),
(37, 'Valve Seal', NULL, '789.00', 100, 8, 10),
(38, 'Valve Seal', NULL, '234.00', 100, 9, 10),
(39, 'Valve Seal', NULL, '670.00', 100, 10, 10),
(40, 'Valve Seal', NULL, '569.00', 100, 11, 10),
(41, 'Valve Seal', NULL, '450.00', 100, 12, 10),
(42, 'Valve Seal', NULL, '680.00', 100, 13, 10),
(43, 'Valve Seal', NULL, '350.00', 100, 14, 10),
(44, 'Valve Seal', NULL, '670.00', 100, 15, 10),
(45, 'Valve Seal', NULL, '345.00', 100, 16, 10),
(46, 'Valve Seal', NULL, '234.50', 100, 17, 10),
(47, 'Valve Seal', NULL, '780.00', 100, 18, 10),
(48, 'Valve Seal', NULL, '760.00', 100, 19, 10),
(49, 'Valve Seal', NULL, '230.00', 100, 20, 10),
(50, 'Valve Seal', NULL, '670.00', 100, 21, 10),
(51, 'Valve Seal', NULL, '345.00', 100, 22, 10),
(52, 'Valve Seal', NULL, '560.00', 100, 23, 10),
(53, 'Valve Seal', NULL, '230.00', 100, 24, 10),
(54, 'Valve Seal', NULL, '440.00', 100, 25, 10),
(55, 'Valve Seal', NULL, '650.00', 100, 26, 10),
(56, 'Valve Seal', NULL, '340.00', 100, 27, 10),
(57, 'Valve Seal', NULL, '560.00', 100, 28, 10),
(58, 'Valve Seal', NULL, '230.00', 100, 29, 10),
(59, 'Valve Tappet', NULL, '450.25', 100, 1, 10),
(60, 'Valve Tappet', NULL, '670.00', 100, 2, 10),
(61, 'Valve Tappet', NULL, '890.00', 100, 3, 10),
(62, 'Valve Tappet', NULL, '450.00', 100, 4, 10),
(63, 'Valve Tappet', NULL, '235.00', 100, 5, 10),
(64, 'Valve Tappet', NULL, '340.00', 100, 6, 10),
(65, 'Valve Tappet', NULL, '790.00', 100, 7, 10),
(66, 'Valve Tappet', NULL, '670.00', 100, 8, 10),
(67, 'Valve Tappet', NULL, '560.00', 100, 9, 10),
(68, 'Valve Tappet', NULL, '777.00', 100, 10, 10),
(69, 'Valve Tappet', NULL, '556.00', 100, 11, 10),
(70, 'Valve Tappet', NULL, '787.50', 100, 12, 10),
(71, 'Valve Tappet', NULL, '340.00', 100, 13, 10),
(72, 'Valve Tappet', NULL, '450.00', 100, 14, 10),
(73, 'Valve Tappet', NULL, '560.00', 100, 15, 10),
(74, 'Valve Tappet', NULL, '435.00', 100, 16, 10),
(75, 'Valve Tappet', NULL, '879.00', 100, 17, 10),
(76, 'Valve Tappet', NULL, '567.00', 100, 18, 10),
(77, 'Valve Tappet', NULL, '845.00', 100, 19, 10),
(78, 'Valve Tappet', NULL, '738.00', 100, 20, 10),
(79, 'Valve Tappet', NULL, '577.00', 100, 21, 10),
(80, 'Valve Tappet', NULL, '535.00', 100, 22, 10),
(81, 'Valve Tappet', NULL, '456.67', 100, 23, 10),
(82, 'Valve Tappet', NULL, '436.90', 100, 24, 10),
(83, 'Valve Tappet', NULL, '789.00', 100, 25, 10),
(84, 'Valve Tappet', NULL, '437.00', 100, 26, 10),
(85, 'Valve Tappet', NULL, '909.00', 100, 27, 10),
(86, 'Valve Tappet', NULL, '999.00', 100, 28, 10),
(87, 'Valve Tappet', NULL, '1456.00', 100, 29, 10),
(88, 'Valve Insert Ring', NULL, '345.00', 100, 1, 10),
(89, 'Valve Insert Ring', NULL, '290.00', 100, 2, 10),
(90, 'Valve Insert Ring', NULL, '560.00', 100, 3, 10),
(91, 'Valve Insert Ring', NULL, '567.25', 100, 4, 10),
(92, 'Valve Insert Ring', NULL, '340.00', 100, 5, 10),
(93, 'Valve Insert Ring', NULL, '670.00', 100, 6, 10),
(94, 'Valve Insert Ring', NULL, '579.00', 100, 7, 10),
(95, 'Valve Insert Ring', NULL, '434.00', 100, 8, 10),
(96, 'Valve Insert Ring', NULL, '790.00', 100, 9, 10),
(97, 'Valve Insert Ring', NULL, '760.00', 100, 10, 10),
(98, 'Valve Insert Ring', NULL, '538.00', 100, 11, 10),
(99, 'Valve Insert Ring', NULL, '560.00', 100, 12, 10),
(100, 'Valve Insert Ring', NULL, '890.00', 100, 13, 10),
(101, 'Valve Insert Ring', NULL, '678.00', 100, 14, 10),
(102, 'Valve Insert Ring', NULL, '560.00', 100, 15, 10),
(103, 'Valve Insert Ring', NULL, '580.00', 100, 16, 10),
(104, 'Valve Insert Ring', NULL, '648.00', 100, 17, 10),
(105, 'Valve Insert Ring', NULL, '457.25', 100, 18, 10),
(106, 'Valve Insert Ring', NULL, '670.00', 100, 19, 10),
(107, 'Valve Insert Ring', NULL, '599.00', 100, 20, 10),
(108, 'Valve Insert Ring', NULL, '234.00', 100, 21, 10),
(109, 'Valve Insert Ring', NULL, '450.00', 100, 22, 10),
(110, 'Valve Insert Ring', NULL, '350.00', 100, 23, 10),
(111, 'Valve Insert Ring', NULL, '435.00', 100, 24, 10),
(112, 'Valve Insert Ring', NULL, '670.00', 100, 25, 10),
(113, 'Valve Insert Ring', NULL, '690.00', 100, 26, 10),
(114, 'Valve Insert Ring', NULL, '345.00', 100, 27, 10),
(115, 'Valve Insert Ring', NULL, '450.00', 100, 28, 10),
(116, 'Valve Insert Ring', NULL, '340.00', 100, 29, 10),
(117, 'Valve Guide', NULL, '550.00', 100, 1, 10),
(118, 'Valve Guide', NULL, '670.00', 100, 2, 10),
(119, 'Valve Guide', NULL, '650.00', 100, 3, 10),
(120, 'Valve Guide', NULL, '890.00', 100, 4, 10),
(121, 'Valve Guide', NULL, '567.00', 100, 5, 10),
(122, 'Valve Guide', NULL, '789.00', 100, 6, 10),
(123, 'Valve Guide', NULL, '567.00', 100, 7, 10),
(124, 'Valve Guide', NULL, '434.25', 100, 8, 10),
(125, 'Valve Guide', NULL, '563.00', 100, 9, 10),
(126, 'Valve Guide', NULL, '233.00', 100, 10, 10),
(127, 'Valve Guide', NULL, '679.00', 100, 11, 10),
(128, 'Valve Guide', NULL, '650.00', 100, 12, 10),
(129, 'Valve Guide', NULL, '345.00', 100, 13, 10),
(130, 'Valve Guide', NULL, '340.00', 100, 14, 10),
(131, 'Valve Guide', NULL, '680.00', 100, 15, 10),
(132, 'Valve Guide', NULL, '650.00', 100, 16, 10),
(133, 'Valve Guide', NULL, '450.00', 100, 17, 10),
(134, 'Valve Guide', NULL, '560.00', 100, 18, 10),
(135, 'Valve Guide', NULL, '450.00', 100, 19, 10),
(136, 'Valve Guide', NULL, '430.00', 100, 20, 10),
(137, 'Valve Guide', NULL, '439.00', 100, 21, 10),
(138, 'Valve Guide', NULL, '467.00', 100, 22, 10),
(139, 'Valve Guide', NULL, '890.00', 100, 23, 10),
(140, 'Valve Guide', NULL, '659.00', 100, 24, 10),
(141, 'Valve Guide', NULL, '888.00', 100, 25, 10),
(142, 'Valve Guide', NULL, '545.00', 100, 26, 10),
(143, 'Valve Guide', NULL, '565.00', 100, 27, 10),
(144, 'Valve Guide', NULL, '456.00', 100, 28, 10),
(145, 'Valve Guide', NULL, '789.00', 100, 29, 10),
(146, 'Gasket', NULL, '770.00', 100, 1, 10),
(147, 'Gasket', NULL, '1349.00', 100, 2, 10),
(148, 'Gasket', NULL, '1569.00', 100, 3, 10),
(149, 'Gasket', NULL, '450.00', 100, 4, 10),
(150, 'Gasket', NULL, '3234.00', 100, 5, 10),
(151, 'Gasket', NULL, '6908.00', 100, 6, 10),
(152, 'Gasket', NULL, '4467.00', 100, 7, 10),
(153, 'Gasket', NULL, '450.00', 100, 8, 10),
(154, 'Gasket', NULL, '230.90', 100, 9, 10),
(155, 'Gasket', NULL, '788.00', 100, 10, 10),
(156, 'Gasket', NULL, '550.00', 100, 11, 10),
(157, 'Gasket', NULL, '2322.00', 100, 12, 10),
(158, 'Gasket', NULL, '1122.00', 100, 13, 10),
(159, 'Gasket', NULL, '3556.00', 100, 14, 10),
(160, 'Gasket', NULL, '7760.00', 100, 15, 10),
(161, 'Gasket', NULL, '560.00', 100, 16, 10),
(162, 'Gasket', NULL, '343.00', 100, 17, 10),
(163, 'Gasket', NULL, '545.00', 100, 18, 10),
(164, 'Gasket', NULL, '324.00', 100, 19, 10),
(165, 'Gasket', NULL, '5455.00', 100, 20, 10),
(166, 'Gasket', NULL, '2122.00', 100, 21, 10),
(167, 'Gasket', NULL, '2215.00', 100, 22, 10),
(168, 'Gasket', NULL, '547.00', 100, 23, 10),
(169, 'Gasket', NULL, '888.00', 100, 24, 10),
(170, 'Gasket', NULL, '887.00', 100, 25, 10),
(171, 'Gasket', NULL, '434.00', 100, 26, 10),
(172, 'Gasket', NULL, '232.00', 100, 27, 10),
(173, 'Gasket', NULL, '3223.00', 100, 28, 10),
(174, 'Gasket', NULL, '546.00', 100, 29, 10),
(175, 'Piston Ring', '0.25', '776.00', 100, 1, 10),
(176, 'Piston Ring', '0.25', '725.00', 100, 2, 10),
(177, 'Piston Ring', '0.25', '566.00', 100, 3, 10),
(178, 'Piston Ring', '0.25', '766.00', 100, 4, 10),
(179, 'Piston Ring', '0.25', '450.00', 100, 5, 10),
(180, 'Piston Ring', '0.25', '650.00', 100, 6, 10),
(181, 'Piston Ring', '0.25', '1200.50', 100, 7, 10),
(182, 'Piston Ring', '0.25', '800.00', 100, 8, 10),
(183, 'Piston Ring', '0.25', '350.00', 100, 9, 10),
(184, 'Piston Ring', '0.25', '400.00', 100, 10, 10),
(185, 'Piston Ring', '0.25', '360.00', 100, 11, 10),
(186, 'Piston Ring', '0.25', '400.00', 100, 12, 10),
(187, 'Piston Ring', '0.25', '550.00', 100, 13, 10),
(188, 'Piston Ring', '0.25', '580.25', 100, 14, 10),
(189, 'Piston Ring', '0.25', '1200.00', 100, 15, 10),
(190, 'Piston Ring', '0.25', '1100.00', 100, 16, 10),
(191, 'Piston Ring', '0.25', '580.00', 100, 17, 10),
(192, 'Piston Ring', '0.25', '500.00', 100, 18, 10),
(193, 'Piston Ring', '0.25', '650.00', 100, 19, 10),
(194, 'Piston Ring', '0.25', '750.00', 100, 20, 10),
(195, 'Piston Ring', '0.25', '700.00', 100, 21, 10),
(196, 'Piston Ring', '0.25', '720.00', 100, 22, 10),
(197, 'Piston Ring', '0.25', '680.00', 100, 23, 10),
(198, 'Piston Ring', '0.25', '600.00', 100, 24, 10),
(199, 'Piston Ring', '0.25', '1150.00', 100, 25, 10),
(200, 'Piston Ring', '0.25', '1000.00', 100, 26, 10),
(201, 'Piston Ring', '0.25', '800.00', 100, 27, 10),
(202, 'Piston Ring', '0.25', '850.00', 100, 28, 10),
(203, 'Piston Ring', '0.25', '300.00', 100, 29, 10),
(204, 'Main Bearing', '0.25', '660.00', 100, 1, 10),
(205, 'Main Bearing', '0.25', '880.00', 100, 2, 10),
(206, 'Main Bearing', '0.25', '980.00', 100, 3, 10),
(207, 'Main Bearing', '0.25', '1000.50', 100, 4, 10),
(208, 'Main Bearing', '0.25', '650.00', 100, 5, 10),
(209, 'Main Bearing', '0.25', '850.00', 100, 6, 10),
(210, 'Main Bearing', '0.25', '360.00', 100, 7, 10),
(211, 'Main Bearing', '0.25', '480.00', 100, 8, 10),
(212, 'Main Bearing', '0.25', '370.00', 100, 9, 10),
(213, 'Main Bearing', '0.25', '460.00', 100, 10, 10),
(214, 'Main Bearing', '0.25', '460.00', 100, 11, 10),
(215, 'Main Bearing', '0.25', '450.00', 100, 12, 10),
(216, 'Main Bearing', '0.25', '550.00', 100, 13, 10),
(217, 'Main Bearing', '0.25', '580.00', 100, 14, 10),
(218, 'Main Bearing', '0.25', '600.00', 100, 15, 10),
(219, 'Main Bearing', '0.25', '650.00', 100, 16, 10),
(220, 'Main Bearing', '0.25', '700.00', 100, 17, 10),
(221, 'Main Bearing', '0.25', '400.50', 100, 18, 10),
(222, 'Main Bearing', '0.25', '660.00', 100, 19, 10),
(223, 'Main Bearing', '0.25', '730.00', 100, 20, 10),
(224, 'Main Bearing', '0.25', '390.00', 100, 21, 10),
(225, 'Main Bearing', '0.25', '450.00', 100, 22, 10),
(226, 'Main Bearing', '0.25', '470.00', 100, 23, 10),
(227, 'Main Bearing', '0.25', '520.00', 100, 24, 10),
(228, 'Main Bearing', '0.25', '500.00', 100, 25, 10),
(229, 'Main Bearing', '0.25', '600.00', 100, 26, 10),
(230, 'Main Bearing', '0.25', '400.00', 100, 27, 10),
(231, 'Main Bearing', '0.25', '390.00', 100, 28, 10),
(232, 'Main Bearing', '0.25', '380.00', 100, 29, 10),
(233, 'Connecting Rod Bearing', '0.25', '410.00', 100, 1, 10),
(234, 'Connecting Rod Bearing', '0.25', '570.00', 100, 2, 10),
(235, 'Connecting Rod Bearing', '0.25', '580.00', 100, 3, 10),
(236, 'Connecting Rod Bearing', '0.25', '585.00', 100, 4, 10),
(237, 'Connecting Rod Bearing', '0.25', '550.90', 100, 5, 10),
(238, 'Connecting Rod Bearing', '0.25', '290.00', 100, 6, 10),
(239, 'Connecting Rod Bearing', '0.25', '375.00', 100, 7, 10),
(240, 'Connecting Rod Bearing', '0.25', '850.00', 100, 8, 10),
(241, 'Connecting Rod Bearing', '0.25', '800.00', 100, 9, 10),
(242, 'Connecting Rod Bearing', '0.25', '690.00', 100, 10, 10),
(243, 'Connecting Rod Bearing', '0.25', '900.00', 100, 11, 10),
(244, 'Connecting Rod Bearing', '0.25', '1500.00', 100, 12, 10),
(245, 'Connecting Rod Bearing', '0.25', '1400.00', 100, 13, 10),
(246, 'Connecting Rod Bearing', '0.25', '400.00', 100, 14, 10),
(247, 'Connecting Rod Bearing', '0.25', '500.00', 100, 15, 10),
(248, 'Connecting Rod Bearing', '0.25', '520.00', 100, 16, 10),
(249, 'Connecting Rod Bearing', '0.25', '530.00', 100, 17, 10),
(250, 'Connecting Rod Bearing', '0.25', '580.00', 100, 18, 10),
(251, 'Connecting Rod Bearing', '0.25', '670.00', 100, 19, 10),
(252, 'Connecting Rod Bearing', '0.25', '680.00', 100, 20, 10),
(253, 'Connecting Rod Bearing', '0.25', '600.00', 100, 21, 10),
(254, 'Connecting Rod Bearing', '0.25', '800.00', 100, 22, 10),
(255, 'Connecting Rod Bearing', '0.25', '900.00', 100, 23, 10),
(256, 'Connecting Rod Bearing', '0.25', '980.00', 100, 24, 10),
(257, 'Connecting Rod Bearing', '0.25', '970.00', 100, 25, 10),
(258, 'Connecting Rod Bearing', '0.25', '600.00', 100, 26, 10),
(259, 'Connecting Rod Bearing', '0.25', '900.00', 100, 27, 10),
(260, 'Connecting Rod Bearing', '0.25', '800.00', 100, 28, 10),
(261, 'Connecting Rod Bearing', '0.25', '860.00', 100, 29, 10),
(262, 'Thrust Washer', NULL, '700.00', 100, 1, 10),
(263, 'Thrust Washer', NULL, '470.00', 100, 2, 10),
(264, 'Thrust Washer', NULL, '860.00', 100, 3, 10),
(265, 'Thrust Washer', NULL, '900.00', 100, 4, 10),
(266, 'Thrust Washer', NULL, '900.00', 100, 5, 10),
(267, 'Thrust Washer', NULL, '860.00', 100, 6, 10),
(268, 'Thrust Washer', NULL, '470.00', 100, 7, 10),
(269, 'Thrust Washer', NULL, '700.00', 100, 8, 10),
(270, 'Thrust Washer', NULL, '800.00', 100, 9, 10),
(271, 'Thrust Washer', NULL, '800.00', 100, 10, 10),
(272, 'Thrust Washer', NULL, '980.00', 100, 11, 10),
(273, 'Thrust Washer', NULL, '600.00', 100, 12, 10),
(274, 'Thrust Washer', NULL, '650.00', 100, 13, 10),
(275, 'Thrust Washer', NULL, '750.75', 100, 14, 10),
(276, 'Thrust Washer', NULL, '1800.00', 100, 15, 10),
(277, 'Thrust Washer', NULL, '1500.00', 100, 16, 10),
(278, 'Thrust Washer', NULL, '700.00', 100, 17, 10),
(279, 'Thrust Washer', NULL, '730.00', 100, 18, 10),
(280, 'Thrust Washer', NULL, '440.00', 100, 19, 10),
(281, 'Thrust Washer', NULL, '399.00', 100, 20, 10),
(282, 'Thrust Washer', NULL, '770.00', 100, 21, 10),
(283, 'Thrust Washer', NULL, '885.00', 100, 22, 10),
(284, 'Thrust Washer', NULL, '880.00', 100, 23, 10),
(285, 'Thrust Washer', NULL, '695.00', 100, 24, 10),
(286, 'Thrust Washer', NULL, '990.00', 100, 25, 10),
(287, 'Thrust Washer', NULL, '1000.00', 100, 26, 10),
(288, 'Thrust Washer', NULL, '188.00', 100, 27, 10),
(289, 'Thrust Washer', NULL, '280.00', 100, 28, 10),
(290, 'Thrust Washer', NULL, '780.00', 100, 29, 10),
(291, 'Camshaft Bushing', NULL, '1000.00', 100, 1, 10),
(292, 'Camshaft Bushing', NULL, '900.00', 100, 2, 10),
(293, 'Camshaft Bushing', NULL, '1500.00', 100, 3, 10),
(294, 'Camshaft Bushing', NULL, '900.00', 100, 4, 10),
(295, 'Camshaft Bushing', NULL, '800.00', 100, 5, 10),
(296, 'Camshaft Bushing', NULL, '500.75', 100, 6, 10),
(297, 'Camshaft Bushing', NULL, '750.00', 100, 7, 10),
(298, 'Camshaft Bushing', NULL, '650.00', 100, 8, 10),
(299, 'Camshaft Bushing', NULL, '600.00', 100, 9, 10),
(300, 'Camshaft Bushing', NULL, '850.00', 100, 10, 10),
(301, 'Camshaft Bushing', NULL, '980.00', 100, 11, 10),
(302, 'Camshaft Bushing', NULL, '1200.00', 100, 12, 10),
(303, 'Camshaft Bushing', '', '460.00', 100, 13, 10),
(304, 'Camshaft Bushing', NULL, '600.00', 100, 14, 10),
(305, 'Camshaft Bushing', NULL, '600.00', 100, 15, 10),
(306, 'Camshaft Bushing', NULL, '600.00', 100, 16, 10),
(307, 'Camshaft Bushing', NULL, '700.00', 100, 17, 10),
(308, 'Camshaft Bushing', NULL, '750.00', 100, 18, 10),
(309, 'Camshaft Bushing', NULL, '600.00', 100, 19, 10),
(310, 'Camshaft Bushing', NULL, '600.00', 100, 20, 10),
(311, 'Camshaft Bushing', NULL, '600.00', 100, 21, 10),
(312, 'Camshaft Bushing', NULL, '750.00', 100, 22, 10),
(313, 'Camshaft Bushing', NULL, '750.00', 100, 23, 10),
(314, 'Camshaft Bushing', NULL, '750.00', 100, 24, 10),
(315, 'Camshaft Bushing', NULL, '1200.00', 100, 25, 10),
(316, 'Camshaft Bushing', NULL, '750.00', 100, 26, 10),
(317, 'Camshaft Bushing', NULL, '400.00', 100, 27, 10),
(318, 'Camshaft Bushing', NULL, '800.00', 100, 28, 10),
(319, 'Camshaft Bushing', NULL, '900.00', 100, 29, 10),
(320, 'Piston Assembly', NULL, '900.00', 100, 1, 10),
(321, 'Piston Assembly', NULL, '700.00', 100, 2, 10),
(322, 'Piston Assembly', NULL, '600.00', 100, 3, 10),
(323, 'Piston Assembly', NULL, '650.00', 100, 4, 10),
(324, 'Piston Assembly', NULL, '760.50', 100, 5, 10),
(325, 'Piston Assembly', NULL, '800.00', 100, 6, 10),
(326, 'Piston Assembly', NULL, '990.00', 100, 7, 10),
(327, 'Piston Assembly', NULL, '980.00', 100, 8, 10),
(328, 'Piston Assembly', NULL, '1000.00', 100, 9, 10),
(329, 'Piston Assembly', NULL, '1100.00', 100, 10, 10),
(330, 'Piston Assembly', NULL, '400.00', 100, 11, 10),
(331, 'Piston Assembly', NULL, '500.00', 100, 12, 10),
(332, 'Piston Assembly', NULL, '600.00', 100, 13, 10),
(333, 'Piston Assembly', NULL, '800.00', 100, 14, 10),
(334, 'Piston Assembly', NULL, '750.00', 100, 15, 10),
(335, 'Piston Assembly', NULL, '500.00', 100, 16, 10),
(336, 'Piston Assembly', NULL, '500.60', 100, 17, 10),
(337, 'Piston Assembly', NULL, '800.00', 100, 18, 10),
(338, 'Piston Assembly', NULL, '600.00', 100, 19, 10),
(339, 'Piston Assembly', NULL, '650.00', 100, 20, 10),
(340, 'Piston Assembly', NULL, '1000.00', 100, 21, 10),
(341, 'Piston Assembly', NULL, '770.00', 100, 22, 10),
(342, 'Piston Assembly', NULL, '550.00', 100, 23, 10),
(343, 'Piston Assembly', NULL, '600.00', 100, 24, 10),
(344, 'Piston Assembly', NULL, '500.00', 100, 25, 10),
(345, 'Piston Assembly', NULL, '480.00', 100, 26, 10),
(346, 'Piston Assembly', NULL, '590.00', 100, 27, 10),
(347, 'Piston Assembly', NULL, '100.00', 100, 28, 10),
(348, 'Piston Assembly', NULL, '500.00', 100, 29, 10),
(349, 'Piston Pin', NULL, '600.00', 100, 1, 10),
(350, 'Piston Pin', NULL, '520.00', 100, 2, 10),
(351, 'Piston Pin', NULL, '900.00', 100, 3, 10),
(352, 'Piston Pin', NULL, '670.00', 100, 4, 10),
(353, 'Piston Pin', NULL, '700.00', 100, 5, 10),
(354, 'Piston Pin', NULL, '500.00', 100, 6, 10),
(355, 'Piston Pin', NULL, '600.00', 100, 7, 10),
(356, 'Piston Pin', NULL, '770.00', 100, 8, 10),
(357, 'Piston Pin', NULL, '640.00', 100, 9, 10),
(358, 'Piston Pin', NULL, '680.00', 100, 10, 10),
(359, 'Piston Pin', NULL, '940.00', 100, 11, 10),
(360, 'Piston Pin', NULL, '800.00', 100, 12, 10),
(361, 'Piston Pin', NULL, '670.00', 100, 13, 10),
(362, 'Piston Pin', NULL, '600.00', 100, 14, 10),
(363, 'Piston Pin', NULL, '800.00', 100, 15, 10),
(364, 'Piston Pin', NULL, '700.00', 100, 16, 10),
(365, 'Piston Pin', NULL, '890.00', 100, 17, 10),
(366, 'Piston Pin', NULL, '780.00', 100, 18, 10),
(367, 'Piston Pin', NULL, '700.00', 100, 19, 10),
(368, 'Piston Pin', NULL, '700.00', 100, 20, 10),
(369, 'Piston Pin', NULL, '600.00', 100, 21, 10),
(370, 'Piston Pin', NULL, '700.00', 100, 22, 10),
(371, 'Piston Pin', NULL, '800.00', 100, 23, 10),
(372, 'Piston Pin', NULL, '670.00', 100, 24, 10),
(373, 'Piston Pin', NULL, '760.00', 100, 25, 10),
(374, 'Piston Pin', NULL, '650.00', 100, 26, 10),
(375, 'Piston Pin', NULL, '500.00', 100, 27, 10),
(376, 'Piston Pin', NULL, '900.00', 100, 28, 10),
(377, 'Piston Pin', NULL, '800.00', 100, 29, 10),
(378, 'Liner', NULL, '600.00', 100, 1, 10),
(379, 'Liner', NULL, '400.00', 100, 2, 10),
(380, 'Liner', NULL, '510.00', 100, 3, 10),
(381, 'Liner', NULL, '520.00', 100, 4, 10),
(382, 'Liner', NULL, '840.00', 100, 5, 10),
(383, 'Liner', NULL, '940.00', 100, 6, 10),
(384, 'Liner', NULL, '650.00', 100, 7, 10),
(385, 'Liner', NULL, '720.00', 100, 8, 10),
(386, 'Liner', NULL, '700.00', 100, 9, 10),
(387, 'Liner', NULL, '800.00', 100, 10, 10),
(388, 'Liner', NULL, '760.00', 100, 11, 10),
(389, 'Liner', NULL, '740.00', 100, 12, 10),
(390, 'Liner', NULL, '800.00', 100, 13, 10),
(391, 'Liner', NULL, '700.00', 100, 14, 10),
(392, 'Liner', NULL, '640.00', 100, 15, 10),
(393, 'Liner', NULL, '600.00', 100, 16, 10),
(394, 'Liner', NULL, '500.00', 100, 17, 10),
(395, 'Liner', NULL, '450.00', 100, 18, 10),
(396, 'Liner', NULL, '400.00', 100, 19, 10),
(397, 'Liner', NULL, '300.00', 100, 20, 10),
(398, 'Liner', NULL, '1100.00', 100, 21, 10),
(399, 'Liner', NULL, '1000.00', 100, 22, 10),
(400, 'Liner', NULL, '400.00', 100, 23, 10),
(401, 'Liner', NULL, '700.00', 100, 24, 10),
(402, 'Liner', NULL, '700.00', 100, 25, 10),
(403, 'Liner', NULL, '600.00', 100, 26, 10),
(404, 'Liner', NULL, '550.00', 100, 27, 10),
(405, 'Liner', NULL, '880.00', 100, 28, 10),
(406, 'Liner', NULL, '630.00', 100, 29, 10),
(407, 'Overhauling Gasket', NULL, '600.00', 100, 1, 10),
(408, 'Overhauling Gasket', NULL, '600.00', 100, 2, 10),
(409, 'Overhauling Gasket', NULL, '600.00', 100, 3, 10),
(410, 'Overhauling Gasket', NULL, '600.00', 100, 4, 10),
(411, 'Overhauling Gasket', NULL, '600.00', 100, 5, 10),
(412, 'Overhauling Gasket', NULL, '600.00', 100, 6, 10),
(413, 'Overhauling Gasket', NULL, '600.00', 100, 7, 10),
(414, 'Overhauling Gasket', NULL, '900.00', 100, 8, 10),
(415, 'Overhauling Gasket', NULL, '860.00', 100, 9, 10),
(416, 'Overhauling Gasket', NULL, '700.00', 100, 10, 10),
(417, 'Overhauling Gasket', NULL, '860.00', 100, 11, 10),
(418, 'Overhauling Gasket', NULL, '750.00', 100, 12, 10),
(419, 'Overhauling Gasket', NULL, '620.00', 100, 13, 10),
(420, 'Overhauling Gasket', NULL, '830.00', 100, 14, 10),
(421, 'Overhauling Gasket', NULL, '780.00', 100, 15, 10),
(422, 'Overhauling Gasket', NULL, '900.00', 100, 16, 10),
(423, 'Overhauling Gasket', NULL, '800.00', 100, 17, 10),
(424, 'Overhauling Gasket', NULL, '700.00', 100, 18, 10),
(425, 'Overhauling Gasket', NULL, '740.00', 100, 19, 10),
(426, 'Overhauling Gasket', NULL, '680.00', 100, 20, 10),
(427, 'Overhauling Gasket', NULL, '900.00', 100, 21, 10),
(428, 'Overhauling Gasket', NULL, '850.00', 100, 22, 10),
(429, 'Overhauling Gasket', NULL, '850.00', 100, 23, 10),
(430, 'Overhauling Gasket', NULL, '659.00', 100, 24, 10),
(431, 'Overhauling Gasket', NULL, '750.00', 100, 25, 10),
(432, 'Overhauling Gasket', NULL, '899.00', 100, 26, 10),
(433, 'Overhauling Gasket', NULL, '850.75', 100, 27, 10),
(434, 'Overhauling Gasket', NULL, '1000.00', 100, 28, 10),
(435, 'Overhauling Gasket', NULL, '900.00', 100, 29, 10),
(436, 'Piston Ring', '0.5', '600.00', 100, 1, 10),
(437, 'Piston Ring', '0.5', '600.00', 100, 2, 10),
(438, 'Piston Ring', '0.5', '600.00', 100, 3, 10),
(439, 'Piston Ring', '0.5', '600.00', 100, 4, 10),
(440, 'Piston Ring', '0.5', '600.00', 100, 5, 10),
(441, 'Piston Ring', '0.5', '600.00', 100, 6, 10),
(442, 'Piston Ring', '0.5', '600.00', 100, 7, 10),
(443, 'Piston Ring', '0.5', '600.00', 100, 8, 10),
(444, 'Piston Ring', '0.5', '600.00', 100, 9, 10),
(445, 'Piston Ring', '0.5', '600.00', 100, 10, 10),
(446, 'Piston Ring', '0.5', '600.00', 100, 11, 10),
(447, 'Piston Ring', '0.5', '600.00', 100, 12, 10),
(448, 'Piston Ring', '0.5', '600.00', 100, 13, 10),
(449, 'Piston Ring', '0.5', '600.00', 100, 14, 10),
(450, 'Piston Ring', '0.5', '600.00', 100, 16, 10),
(451, 'Piston Ring', '0.5', '600.00', 100, 17, 10),
(452, 'Piston Ring', '0.5', '600.00', 100, 18, 10),
(453, 'Piston Ring', '0.5', '600.00', 100, 19, 10),
(454, 'Piston Ring', '0.5', '600.00', 100, 20, 10),
(455, 'Piston Ring', '0.5', '600.00', 100, 21, 10),
(456, 'Piston Ring', '0.5', '600.00', 100, 22, 10),
(457, 'Piston Ring', '0.5', '600.00', 100, 23, 10),
(458, 'Piston Ring', '0.5', '600.00', 100, 24, 10),
(459, 'Piston Ring', '0.5', '600.00', 100, 25, 10),
(460, 'Piston Ring', '0.5', '600.00', 100, 26, 10),
(461, 'Piston Ring', '0.5', '600.00', 100, 27, 10),
(462, 'Piston Ring', '0.5', '600.00', 100, 28, 10),
(463, 'Piston Ring', '0.5', '600.00', 100, 29, 10),
(464, 'Piston Ring', '0.75', '750.00', 100, 1, 10),
(465, 'Piston Ring', '0.75', '750.00', 100, 2, 10),
(466, 'Piston Ring', '0.75', '750.00', 100, 3, 10),
(467, 'Piston Ring', '0.75', '750.00', 100, 4, 10),
(468, 'Piston Ring', '0.75', '750.00', 100, 5, 10),
(469, 'Piston Ring', '0.75', '750.00', 100, 6, 10),
(470, 'Piston Ring', '0.75', '750.00', 100, 7, 10),
(471, 'Piston Ring', '0.75', '750.00', 100, 8, 10),
(472, 'Piston Ring', '0.75', '750.00', 100, 9, 10),
(473, 'Piston Ring', '0.75', '750.00', 100, 10, 10),
(474, 'Piston Ring', '0.75', '750.00', 100, 11, 10),
(475, 'Piston Ring', '0.75', '750.00', 100, 12, 10),
(476, 'Piston Ring', '0.75', '750.00', 100, 13, 10),
(477, 'Piston Ring', '0.75', '750.00', 100, 14, 10),
(478, 'Piston Ring', '0.75', '750.00', 100, 15, 10),
(479, 'Piston Ring', '0.75', '750.00', 100, 16, 10),
(480, 'Piston Ring', '0.75', '750.00', 100, 17, 10),
(481, 'Piston Ring', '0.75', '750.00', 100, 18, 10),
(482, 'Piston Ring', '0.75', '750.00', 100, 19, 10),
(483, 'Piston Ring', '0.75', '750.00', 100, 20, 10),
(484, 'Piston Ring', '0.75', '750.00', 100, 21, 10),
(485, 'Piston Ring', '0.75', '750.00', 100, 22, 10),
(486, 'Piston Ring', '0.75', '750.00', 100, 23, 10),
(487, 'Piston Ring', '0.75', '750.00', 100, 24, 10),
(488, 'Piston Ring', '0.75', '750.00', 100, 25, 10),
(489, 'Piston Ring', '0.75', '750.00', 100, 26, 10),
(490, 'Piston Ring', '0.75', '750.00', 100, 27, 10),
(491, 'Piston Ring', '0.75', '750.00', 100, 28, 10),
(492, 'Piston Ring', '0.75', '750.00', 100, 29, 10),
(493, 'Piston Ring', 'STD', '900.00', 100, 1, 10),
(494, 'Piston Ring', 'STD', '900.00', 100, 2, 10),
(495, 'Piston Ring', 'STD', '900.00', 100, 3, 10),
(496, 'Piston Ring', 'STD', '900.00', 100, 4, 10),
(497, 'Piston Ring', 'STD', '900.00', 100, 5, 10),
(498, 'Piston Ring', 'STD', '900.00', 100, 6, 10),
(499, 'Piston Ring', 'STD', '900.00', 100, 7, 10),
(500, 'Piston Ring', 'STD', '900.00', 100, 8, 10),
(501, 'Piston Ring', 'STD', '900.00', 100, 9, 10),
(502, 'Piston Ring', 'STD', '900.00', 100, 10, 10),
(503, 'Piston Ring', 'STD', '900.00', 100, 11, 10),
(504, 'Piston Ring', 'STD', '900.00', 100, 12, 10),
(505, 'Piston Ring', 'STD', '900.00', 100, 13, 10),
(506, 'Piston Ring', 'STD', '900.00', 100, 14, 10),
(507, 'Piston Ring', 'STD', '900.00', 100, 15, 10),
(508, 'Piston Ring', 'STD', '900.00', 100, 16, 10),
(509, 'Piston Ring', 'STD', '900.00', 100, 17, 10),
(510, 'Piston Ring', 'STD', '900.00', 100, 18, 10),
(511, 'Piston Ring', 'STD', '900.00', 100, 19, 10),
(512, 'Piston Ring', 'STD', '900.00', 100, 20, 10),
(513, 'Piston Ring', 'STD', '900.00', 100, 21, 10),
(514, 'Piston Ring', 'STD', '900.00', 100, 22, 10),
(515, 'Piston Ring', 'STD', '900.00', 100, 23, 10),
(516, 'Piston Ring', 'STD', '900.00', 100, 24, 10),
(517, 'Piston Ring', 'STD', '900.00', 100, 25, 10),
(518, 'Piston Ring', 'STD', '900.00', 100, 26, 10),
(519, 'Piston Ring', 'STD', '900.00', 100, 27, 10),
(520, 'Piston Ring', 'STD', '900.00', 100, 28, 10),
(521, 'Piston Ring', 'STD', '900.00', 100, 29, 10),
(522, 'Main Bearing', '0.5', '700.00', 100, 1, 10),
(523, 'Main Bearing', '0.5', '700.00', 100, 2, 10),
(524, 'Main Bearing', '0.5', '700.00', 100, 3, 10),
(525, 'Main Bearing', '0.5', '700.00', 100, 4, 10),
(526, 'Main Bearing', '0.5', '700.00', 100, 5, 10),
(527, 'Main Bearing', '0.5', '700.00', 100, 6, 10),
(528, 'Main Bearing', '0.5', '700.00', 100, 7, 10),
(529, 'Main Bearing', '0.5', '700.00', 100, 8, 10),
(530, 'Main Bearing', '0.5', '700.00', 100, 9, 10),
(531, 'Main Bearing', '0.5', '700.00', 100, 10, 10),
(532, 'Main Bearing', '0.5', '700.00', 100, 11, 10),
(533, 'Main Bearing', '0.5', '700.00', 100, 12, 10),
(534, 'Main Bearing', '0.5', '700.00', 100, 13, 10),
(535, 'Main Bearing', '0.5', '700.00', 100, 14, 10),
(536, 'Main Bearing', '0.5', '700.00', 100, 15, 10),
(537, 'Main Bearing', '0.5', '700.00', 100, 16, 10),
(538, 'Main Bearing', '0.5', '700.00', 100, 17, 10),
(539, 'Main Bearing', '0.5', '700.00', 100, 18, 10),
(540, 'Main Bearing', '0.5', '700.00', 100, 19, 10),
(541, 'Main Bearing', '0.5', '700.00', 100, 20, 10),
(542, 'Main Bearing', '0.5', '700.00', 100, 21, 10),
(543, 'Main Bearing', '0.5', '700.00', 100, 22, 10),
(544, 'Main Bearing', '0.5', '700.00', 100, 23, 10),
(545, 'Main Bearing', '0.5', '700.00', 100, 24, 10),
(546, 'Main Bearing', '0.5', '700.00', 100, 25, 10),
(547, 'Main Bearing', '0.5', '700.00', 100, 26, 10),
(548, 'Main Bearing', '0.5', '700.00', 100, 27, 10),
(549, 'Main Bearing', '0.5', '700.00', 100, 28, 10),
(550, 'Main Bearing', '0.5', '700.00', 100, 29, 10),
(551, 'Main Bearing', '0.75', '750.00', 100, 1, 10),
(552, 'Main Bearing', '0.75', '750.00', 100, 2, 10),
(553, 'Main Bearing', '0.75', '750.00', 100, 3, 10),
(554, 'Main Bearing', '0.75', '750.00', 100, 4, 10),
(555, 'Main Bearing', '0.75', '750.00', 100, 5, 10),
(556, 'Main Bearing', '0.75', '750.00', 100, 6, 10),
(557, 'Main Bearing', '0.75', '750.00', 100, 7, 10),
(558, 'Main Bearing', '0.75', '750.00', 100, 8, 10),
(559, 'Main Bearing', '0.75', '750.00', 100, 9, 10),
(560, 'Main Bearing', '0.75', '750.00', 100, 10, 10),
(561, 'Main Bearing', '0.75', '750.00', 100, 11, 10),
(562, 'Main Bearing', '0.75', '750.00', 100, 12, 10),
(563, 'Main Bearing', '0.75', '750.00', 100, 13, 10),
(564, 'Main Bearing', '0.75', '750.00', 100, 14, 10),
(565, 'Main Bearing', '0.75', '750.00', 100, 15, 10),
(566, 'Main Bearing', '0.75', '750.00', 100, 16, 10),
(567, 'Main Bearing', '0.75', '750.00', 100, 17, 10),
(568, 'Main Bearing', '0.75', '750.00', 100, 18, 10),
(569, 'Main Bearing', '0.75', '750.00', 100, 19, 10),
(570, 'Main Bearing', '0.75', '750.00', 100, 20, 10),
(571, 'Main Bearing', '0.75', '750.00', 100, 21, 10),
(572, 'Main Bearing', '0.75', '750.00', 100, 22, 10),
(573, 'Main Bearing', '0.75', '750.00', 100, 23, 10),
(574, 'Main Bearing', '0.75', '750.00', 100, 24, 10),
(575, 'Main Bearing', '0.75', '750.00', 100, 25, 10),
(576, 'Main Bearing', '0.75', '750.00', 100, 26, 10),
(577, 'Main Bearing', '0.75', '750.00', 100, 27, 10),
(578, 'Main Bearing', '0.75', '750.00', 100, 28, 10),
(579, 'Main Bearing', '0.75', '750.00', 100, 29, 10),
(580, 'Main Bearing', 'STD', '800.00', 100, 1, 10),
(581, 'Main Bearing', 'STD', '800.00', 100, 2, 10),
(582, 'Main Bearing', 'STD', '800.00', 100, 3, 10),
(583, 'Main Bearing', 'STD', '800.00', 100, 4, 10),
(584, 'Main Bearing', 'STD', '800.00', 100, 5, 10),
(585, 'Main Bearing', 'STD', '800.00', 100, 6, 10),
(586, 'Main Bearing', 'STD', '800.00', 100, 7, 10),
(587, 'Main Bearing', 'STD', '800.00', 100, 8, 10),
(588, 'Main Bearing', 'STD', '800.00', 100, 9, 10),
(589, 'Main Bearing', 'STD', '800.00', 100, 10, 10),
(590, 'Main Bearing', 'STD', '800.00', 100, 11, 10),
(591, 'Main Bearing', 'STD', '800.00', 100, 12, 10),
(592, 'Main Bearing', 'STD', '800.00', 100, 13, 10),
(593, 'Main Bearing', 'STD', '800.00', 100, 14, 10),
(594, 'Main Bearing', 'STD', '800.00', 100, 15, 10),
(595, 'Main Bearing', 'STD', '800.00', 100, 16, 10),
(596, 'Main Bearing', 'STD', '800.00', 100, 17, 10),
(597, 'Main Bearing', 'STD', '800.00', 100, 18, 10),
(598, 'Main Bearing', 'STD', '800.00', 100, 19, 10),
(599, 'Main Bearing', 'STD', '800.00', 100, 20, 10),
(600, 'Main Bearing', 'STD', '800.00', 100, 21, 10),
(601, 'Main Bearing', 'STD', '800.00', 100, 22, 10),
(602, 'Main Bearing', 'STD', '800.00', 100, 23, 10),
(603, 'Main Bearing', 'STD', '800.00', 100, 24, 10),
(604, 'Main Bearing', 'STD', '800.00', 100, 25, 10),
(605, 'Main Bearing', 'STD', '800.00', 100, 26, 10),
(606, 'Main Bearing', 'STD', '800.00', 100, 27, 10),
(607, 'Main Bearing', 'STD', '800.00', 100, 28, 10),
(608, 'Main Bearing', 'STD', '800.00', 100, 29, 10),
(609, 'Connecting Rod Bearing', '0.5', '900.00', 100, 1, 10),
(610, 'Connecting Rod Bearing', '0.5', '900.00', 100, 2, 10),
(611, 'Connecting Rod Bearing', '0.5', '900.00', 100, 3, 10),
(612, 'Connecting Rod Bearing', '0.5', '900.00', 100, 4, 10),
(613, 'Connecting Rod Bearing', '0.5', '900.00', 100, 5, 10),
(614, 'Connecting Rod Bearing', '0.5', '900.00', 100, 6, 10),
(615, 'Connecting Rod Bearing', '0.5', '900.00', 100, 7, 10),
(616, 'Connecting Rod Bearing', '0.5', '900.00', 100, 8, 10),
(617, 'Connecting Rod Bearing', '0.5', '900.00', 100, 9, 10),
(618, 'Connecting Rod Bearing', '0.5', '900.00', 100, 10, 10),
(619, 'Connecting Rod Bearing', '0.5', '900.00', 100, 11, 10),
(620, 'Connecting Rod Bearing', '0.5', '900.00', 100, 12, 10),
(621, 'Connecting Rod Bearing', '0.5', '900.00', 100, 13, 10),
(622, 'Connecting Rod Bearing', '0.5', '900.00', 100, 14, 10),
(623, 'Connecting Rod Bearing', '0.5', '900.00', 100, 15, 10),
(624, 'Connecting Rod Bearing', '0.5', '900.00', 100, 16, 10),
(625, 'Connecting Rod Bearing', '0.5', '900.00', 100, 17, 10),
(626, 'Connecting Rod Bearing', '0.5', '900.00', 100, 18, 10),
(627, 'Connecting Rod Bearing', '0.5', '900.00', 100, 19, 10),
(628, 'Connecting Rod Bearing', '0.5', '900.00', 100, 20, 10),
(629, 'Connecting Rod Bearing', '0.5', '900.00', 100, 21, 10),
(630, 'Connecting Rod Bearing', '0.5', '900.00', 100, 22, 10),
(631, 'Connecting Rod Bearing', '0.5', '900.00', 100, 23, 10),
(632, 'Connecting Rod Bearing', '0.5', '900.00', 100, 24, 10),
(633, 'Connecting Rod Bearing', '0.5', '900.00', 100, 25, 10),
(634, 'Connecting Rod Bearing', '0.5', '900.00', 100, 26, 10),
(635, 'Connecting Rod Bearing', '0.5', '900.00', 100, 27, 10),
(636, 'Connecting Rod Bearing', '0.5', '900.00', 100, 28, 10),
(637, 'Connecting Rod Bearing', '0.5', '900.00', 100, 29, 10),
(638, 'Connecting Rod Bearing', '0.75', '950.00', 100, 1, 10),
(639, 'Connecting Rod Bearing', '0.75', '950.00', 100, 2, 10),
(640, 'Connecting Rod Bearing', '0.75', '950.00', 100, 3, 10),
(641, 'Connecting Rod Bearing', '0.75', '950.00', 100, 4, 10),
(642, 'Connecting Rod Bearing', '0.75', '950.00', 100, 5, 10),
(643, 'Connecting Rod Bearing', '0.75', '950.00', 100, 6, 10),
(644, 'Connecting Rod Bearing', '0.75', '950.00', 100, 7, 10),
(645, 'Connecting Rod Bearing', '0.75', '950.00', 100, 8, 10),
(646, 'Connecting Rod Bearing', '0.75', '950.00', 100, 9, 10),
(647, 'Connecting Rod Bearing', '0.75', '950.00', 100, 10, 10),
(648, 'Connecting Rod Bearing', '0.75', '950.00', 100, 11, 10),
(649, 'Connecting Rod Bearing', '0.75', '950.00', 100, 12, 10),
(650, 'Connecting Rod Bearing', '0.75', '950.00', 100, 13, 10),
(651, 'Connecting Rod Bearing', '0.75', '950.00', 100, 14, 10),
(652, 'Connecting Rod Bearing', '0.75', '950.00', 100, 15, 10),
(653, 'Connecting Rod Bearing', '0.75', '950.00', 100, 16, 10),
(654, 'Connecting Rod Bearing', '0.75', '950.00', 100, 17, 10),
(655, 'Connecting Rod Bearing', '0.75', '950.00', 100, 18, 10),
(656, 'Connecting Rod Bearing', '0.75', '950.00', 100, 19, 10),
(657, 'Connecting Rod Bearing', '0.75', '950.00', 100, 20, 10),
(658, 'Connecting Rod Bearing', '0.75', '950.00', 100, 21, 10),
(659, 'Connecting Rod Bearing', '0.75', '950.00', 100, 22, 10),
(660, 'Connecting Rod Bearing', '0.75', '950.00', 100, 23, 10),
(661, 'Connecting Rod Bearing', '0.75', '950.00', 100, 24, 10),
(662, 'Connecting Rod Bearing', '0.75', '950.00', 100, 25, 10),
(663, 'Connecting Rod Bearing', '0.75', '950.00', 100, 26, 10),
(664, 'Connecting Rod Bearing', '0.75', '950.00', 100, 27, 10),
(665, 'Connecting Rod Bearing', '0.75', '950.00', 100, 28, 10),
(666, 'Connecting Rod Bearing', '0.75', '950.00', 100, 29, 10),
(667, 'Connecting Rod Bearing', 'STD', '1000.00', 100, 1, 10),
(668, 'Connecting Rod Bearing', 'STD', '1000.00', 100, 2, 10),
(669, 'Connecting Rod Bearing', 'STD', '1000.00', 100, 3, 10),
(670, 'Connecting Rod Bearing', 'STD', '1000.00', 100, 4, 10),
(671, 'Connecting Rod Bearing', 'STD', '1000.00', 100, 5, 10),
(672, 'Connecting Rod Bearing', 'STD', '1000.00', 100, 6, 10),
(673, 'Connecting Rod Bearing', 'STD', '1000.00', 100, 7, 10),
(674, 'Connecting Rod Bearing', 'STD', '1000.00', 100, 8, 10),
(675, 'Connecting Rod Bearing', 'STD', '1000.00', 100, 9, 10),
(676, 'Connecting Rod Bearing', 'STD', '1000.00', 100, 10, 10),
(677, 'Connecting Rod Bearing', 'STD', '1000.00', 100, 11, 10),
(678, 'Connecting Rod Bearing', 'STD', '1000.00', 100, 12, 10),
(679, 'Connecting Rod Bearing', 'STD', '1000.00', 100, 13, 10),
(680, 'Connecting Rod Bearing', 'STD', '1000.00', 100, 14, 10),
(681, 'Connecting Rod Bearing', 'STD', '1000.00', 100, 15, 10),
(682, 'Connecting Rod Bearing', 'STD', '1000.00', 100, 16, 10),
(683, 'Connecting Rod Bearing', 'STD', '1000.00', 100, 17, 10),
(684, 'Connecting Rod Bearing', 'STD', '1000.00', 100, 18, 10),
(685, 'Connecting Rod Bearing', 'STD', '1000.00', 100, 19, 10),
(686, 'Connecting Rod Bearing', 'STD', '1000.00', 100, 20, 10),
(687, 'Connecting Rod Bearing', 'STD', '1000.00', 100, 21, 10),
(688, 'Connecting Rod Bearing', 'STD', '1000.00', 100, 22, 10),
(689, 'Connecting Rod Bearing', 'STD', '1000.00', 100, 23, 10),
(690, 'Connecting Rod Bearing', 'STD', '1000.00', 100, 24, 10),
(691, 'Connecting Rod Bearing', 'STD', '1000.00', 100, 25, 10),
(692, 'Connecting Rod Bearing', 'STD', '1000.00', 100, 26, 10),
(693, 'Connecting Rod Bearing', 'STD', '1000.00', 100, 27, 10),
(694, 'Connecting Rod Bearing', 'STD', '1000.00', 100, 28, 10),
(695, 'Connecting Rod Bearing', 'STD', '1000.00', 100, 29, 10),
(696, 'Bearing', NULL, '800.00', 100, 30, 10),
(697, 'Bearing', NULL, '750.00', 100, 31, 10),
(698, 'Bearing', NULL, '650.00', 100, 32, 10),
(699, 'Bearing', NULL, '900.00', 100, 33, 10),
(700, 'Bearing', NULL, '1100.00', 100, 34, 10),
(701, 'Bearing', NULL, '1100.00', 100, 35, 10),
(702, 'Bearing', NULL, '1100.00', 100, 36, 10),
(703, 'Bearing', NULL, '1100.00', 100, 37, 10),
(704, 'Bearing', NULL, '650.00', 100, 38, 10),
(705, 'Bearing', NULL, '650.00', 100, 39, 10),
(706, 'Bearing', NULL, '1100.00', 100, 40, 10),
(707, 'Bearing', NULL, '800.00', 100, 41, 10),
(708, 'Bearing', NULL, '800.00', 100, 42, 10),
(709, 'Bearing', NULL, '1100.00', 100, 43, 10),
(710, 'Bearing', NULL, '800.00', 100, 44, 10),
(711, 'Bearing', NULL, '800.00', 100, 45, 10),
(712, 'Bearing', NULL, '800.00', 100, 46, 10),
(713, 'Bearing', NULL, '650.00', 100, 47, 10),
(714, 'Bearing', NULL, '700.00', 100, 48, 10),
(715, 'Bearing', NULL, '750.00', 100, 49, 10),
(716, 'Bearing', NULL, '780.00', 100, 50, 10),
(717, 'Bearing', NULL, '600.00', 100, 51, 10),
(718, 'Bearing', NULL, '1100.00', 100, 52, 10),
(719, 'Bearing', NULL, '1100.00', 100, 53, 10),
(720, 'Bearing', NULL, '600.00', 100, 54, 10),
(721, 'Bearing', NULL, '600.00', 100, 55, 10),
(722, 'Bearing', NULL, '750.00', 100, 56, 10),
(723, 'Bearing', NULL, '680.50', 100, 57, 10),
(724, 'Bearing', NULL, '1100.00', 100, 58, 10),
(725, 'Bearing', NULL, '1100.00', 100, 59, 10),
(726, 'Bearing', NULL, '1100.00', 100, 60, 10),
(727, 'Bearing', NULL, '600.00', 100, 61, 10),
(728, 'Bearing', NULL, '600.00', 100, 62, 10),
(729, 'Bearing', NULL, '600.00', 100, 63, 10),
(730, 'Bearing', NULL, '750.00', 100, 64, 10),
(731, 'Bearing', NULL, '750.00', 100, 65, 10),
(732, 'Bearing', NULL, '750.00', 100, 66, 10),
(733, 'Bearing', NULL, '600.00', 100, 67, 10),
(734, 'Bearing', NULL, '750.00', 100, 68, 10),
(735, 'Bearing', NULL, '1500.00', 100, 69, 10),
(736, 'Bearing', NULL, '1100.00', 100, 70, 10),
(737, 'Bearing', NULL, '600.00', 100, 71, 10),
(738, 'Bearing', NULL, '700.00', 100, 72, 10),
(739, 'Bearing', NULL, '750.00', 100, 73, 10),
(740, 'Bearing', NULL, '750.00', 100, 74, 10),
(741, 'Bearing', NULL, '600.00', 100, 75, 10),
(742, 'Bearing', NULL, '750.00', 100, 76, 10),
(743, 'Bearing', NULL, '1100.00', 100, 77, 10),
(744, 'Bearing', NULL, '1100.00', 100, 78, 10),
(745, 'Bearing', NULL, '600.00', 100, 79, 10),
(746, 'Bearing', NULL, '980.00', 100, 80, 10),
(747, 'Bearing', NULL, '700.00', 100, 81, 10),
(748, 'Bearing', NULL, '600.00', 100, 82, 10),
(749, 'Bearing', NULL, '750.00', 100, 83, 10),
(750, 'Bearing', NULL, '750.00', 100, 84, 10),
(751, 'Bearing', NULL, '600.00', 100, 85, 10),
(752, 'Bearing', NULL, '1100.00', 100, 86, 10),
(753, 'Bearing', NULL, '1100.00', 100, 87, 10),
(754, 'Bearing', NULL, '1100.00', 100, 88, 10),
(755, 'Bearing', NULL, '600.00', 100, 89, 10),
(756, 'Bearing', NULL, '750.00', 100, 90, 10),
(757, 'Bearing', NULL, '1200.00', 100, 91, 10),
(758, 'Bearing', NULL, '1500.00', 100, 92, 10),
(759, 'Bearing', NULL, '600.00', 100, 93, 10),
(760, 'Bearing', NULL, '1500.00', 100, 94, 10),
(761, 'Bearing', NULL, '1100.00', 100, 95, 10),
(762, 'Bearing', NULL, '1200.00', 100, 96, 10),
(763, 'Bearing', NULL, '600.00', 100, 97, 10),
(764, 'Bearing', NULL, '750.00', 100, 98, 10),
(765, 'Bearing', NULL, '750.00', 100, 99, 10),
(766, 'Bearing', NULL, '600.00', 100, 119, 10),
(767, 'Bearing', NULL, '600.00', 100, 100, 10),
(768, 'Bearing', NULL, '1100.00', 100, 101, 10),
(769, 'Bearing', NULL, '750.00', 100, 102, 10),
(770, 'Bearing', NULL, '600.00', 100, 103, 10),
(771, 'Bearing', NULL, '1100.00', 100, 104, 10),
(772, 'Bearing', NULL, '750.00', 100, 105, 10),
(773, 'Bearing', NULL, '600.00', 100, 106, 10),
(774, 'Bearing', NULL, '1200.00', 100, 107, 10),
(775, 'Bearing', NULL, '750.00', 100, 108, 10),
(776, 'Bearing', NULL, '900.00', 100, 109, 10),
(777, 'Bearing', NULL, '1100.00', 100, 110, 10),
(778, 'Bearing', NULL, '1100.00', 100, 111, 10),
(779, 'Bearing', NULL, '1100.00', 100, 112, 10),
(780, 'Bearing', NULL, '750.00', 100, 113, 10),
(781, 'Bearing', NULL, '820.00', 100, 114, 10),
(782, 'Bearing', NULL, '600.00', 100, 115, 10),
(783, 'Bearing', NULL, '750.00', 100, 116, 10),
(784, 'Bearing', NULL, '600.00', 100, 117, 10),
(785, 'Bearing', NULL, '1100.00', 100, 118, 10),
(786, 'Bearing', NULL, '1100.00', 100, 120, 10),
(787, 'Bearing', NULL, '1100.00', 100, 121, 10),
(788, 'Bearing', NULL, '750.00', 100, 122, 10),
(789, 'Bearing', NULL, '1100.00', 100, 123, 10),
(790, 'Bearing', NULL, '750.00', 100, 124, 10),
(791, 'Bearing', NULL, '750.00', 100, 125, 10),
(792, 'Bearing', NULL, '600.00', 100, 126, 10),
(793, 'Bearing', NULL, '1100.00', 100, 127, 10),
(794, 'Bearing', NULL, '1100.00', 100, 128, 10),
(795, 'Bearing', NULL, '900.00', 100, 129, 10),
(796, 'Bearing', NULL, '820.00', 100, 130, 10),
(797, 'Bearing', NULL, '700.00', 100, 131, 10),
(798, 'Bearing', NULL, '800.00', 100, 132, 10),
(799, 'Bearing', NULL, '860.00', 100, 133, 10),
(800, 'Bearing', NULL, '900.00', 100, 134, 10),
(801, 'Bearing', NULL, '950.00', 100, 135, 10),
(802, 'Bearing', NULL, '900.00', 100, 136, 10),
(803, 'Bearing', NULL, '970.00', 100, 137, 10),
(804, 'Bearing', NULL, '920.00', 100, 138, 10),
(805, 'Bearing', NULL, '500.00', 100, 139, 10),
(806, 'Bearing', NULL, '700.00', 100, 140, 10),
(807, 'Bearing', NULL, '900.00', 100, 141, 10),
(808, 'Bearing', NULL, '480.00', 100, 142, 10),
(809, 'Bearing', NULL, '770.00', 100, 143, 10),
(810, 'Bearing', NULL, '1100.00', 100, 144, 10),
(811, 'Bearing', NULL, '1200.00', 100, 145, 10),
(812, 'Bearing', NULL, '1300.00', 100, 146, 10),
(813, 'Bearing', NULL, '670.00', 100, 147, 10),
(814, 'Bearing', NULL, '650.00', 100, 148, 10),
(815, 'Bearing', NULL, '800.00', 100, 149, 10),
(816, 'Bearing', NULL, '900.00', 100, 150, 10),
(817, 'Bearing', NULL, '600.00', 100, 151, 10),
(818, 'Bearing', NULL, '600.00', 100, 152, 10),
(819, 'Bearing', NULL, '600.00', 100, 153, 10),
(820, 'Bearing', NULL, '600.00', 100, 154, 10),
(821, 'Bearing', NULL, '600.00', 100, 155, 10),
(822, 'Bearing', NULL, '600.00', 100, 156, 10),
(823, 'Bearing', NULL, '600.00', 100, 157, 10),
(824, 'Bearing', NULL, '600.00', 100, 158, 10),
(825, 'Bearing', NULL, '600.00', 100, 159, 10),
(826, 'Bearing', NULL, '600.00', 100, 160, 10),
(827, 'Bearing', NULL, '850.00', 100, 161, 10),
(828, 'Bearing', NULL, '850.00', 100, 162, 10),
(829, 'Bearing', NULL, '850.00', 100, 163, 10),
(830, 'Bearing', NULL, '850.00', 100, 164, 10),
(831, 'Bearing', NULL, '850.00', 100, 165, 10),
(832, 'Bearing', NULL, '850.00', 100, 166, 10),
(833, 'Bearing', NULL, '850.00', 100, 167, 10),
(834, 'Bearing', NULL, '850.00', 100, 168, 10),
(835, 'Bearing', NULL, '850.00', 100, 169, 10),
(836, 'Bearing', NULL, '850.00', 100, 170, 10),
(837, 'Bearing', NULL, '1100.00', 100, 171, 10),
(838, 'Bearing', NULL, '1100.00', 100, 172, 10),
(839, 'Bearing', NULL, '1100.00', 100, 173, 10),
(840, 'Bearing', NULL, '1100.00', 100, 174, 10),
(841, 'Bearing', NULL, '1100.00', 100, 175, 10),
(842, 'Bearing', NULL, '1100.00', 100, 176, 10),
(843, 'Bearing', NULL, '1100.00', 100, 177, 10),
(844, 'Bearing', NULL, '1100.00', 100, 178, 10),
(845, 'Bearing', NULL, '1100.00', 100, 179, 10),
(846, 'Bearing', NULL, '1100.00', 100, 180, 10),
(847, 'Bearing', NULL, '1100.00', 100, 181, 10),
(848, 'Bearing', NULL, '1100.00', 100, 182, 10),
(849, 'Bearing', NULL, '1100.00', 100, 183, 10),
(850, 'Bearing', NULL, '1100.00', 100, 184, 10),
(851, 'Bearing', NULL, '1100.00', 100, 185, 10),
(852, 'Bearing', NULL, '1100.00', 100, 186, 10),
(853, 'Bearing', NULL, '1100.00', 100, 187, 10),
(854, 'Bearing', NULL, '1100.00', 100, 188, 10),
(855, 'Bearing', NULL, '1100.00', 100, 189, 10),
(856, 'Bearing', NULL, '1100.00', 100, 190, 10),
(857, 'Bearing', NULL, '680.00', 100, 191, 10),
(858, 'Bearing', NULL, '680.00', 100, 192, 10),
(859, 'Bearing', NULL, '680.00', 100, 193, 10),
(860, 'Bearing', NULL, '680.00', 100, 194, 10),
(861, 'Bearing', NULL, '680.00', 100, 195, 10),
(862, 'Bearing', NULL, '680.00', 100, 196, 10),
(863, 'Bearing', NULL, '680.00', 100, 197, 10),
(864, 'Bearing', NULL, '680.00', 100, 198, 10),
(865, 'Bearing', NULL, '680.00', 100, 199, 10),
(866, 'Bearing', NULL, '680.00', 100, 200, 10),
(867, 'Bearing', NULL, '700.00', 100, 201, 10),
(868, 'Bearing', NULL, '700.00', 100, 202, 10),
(869, 'Bearing', NULL, '700.00', 100, 203, 10),
(870, 'Bearing', NULL, '700.00', 100, 204, 10),
(871, 'Bearing', NULL, '700.00', 100, 205, 10),
(872, 'Bearing', NULL, '700.00', 100, 206, 10),
(873, 'Bearing', NULL, '700.00', 100, 207, 10),
(874, 'Bearing', NULL, '700.00', 100, 208, 10),
(875, 'Bearing', NULL, '700.00', 100, 209, 10),
(876, 'Bearing', NULL, '700.00', 100, 210, 10),
(877, 'Bearing', NULL, '820.00', 100, 211, 10),
(878, 'Bearing', NULL, '820.00', 100, 212, 10),
(879, 'Bearing', NULL, '820.00', 100, 213, 10),
(880, 'Bearing', NULL, '820.00', 100, 214, 10),
(881, 'Bearing', NULL, '820.00', 100, 215, 10),
(882, 'Bearing', NULL, '820.00', 100, 216, 10),
(883, 'Bearing', NULL, '820.00', 100, 217, 10),
(884, 'Bearing', NULL, '820.00', 100, 218, 10),
(885, 'Bearing', NULL, '820.00', 100, 219, 10),
(886, 'Bearing', NULL, '820.00', 100, 220, 10),
(887, 'Bearing', NULL, '980.00', 100, 221, 10),
(888, 'Bearing', NULL, '980.00', 100, 222, 10),
(889, 'Bearing', NULL, '980.00', 100, 223, 10),
(890, 'Bearing', NULL, '980.00', 100, 224, 10),
(891, 'Bearing', NULL, '980.00', 100, 225, 10),
(892, 'Bearing', NULL, '980.00', 100, 226, 10),
(893, 'Bearing', NULL, '980.00', 100, 227, 10),
(894, 'Bearing', NULL, '980.00', 100, 228, 10),
(895, 'Bearing', NULL, '980.00', 100, 229, 10),
(896, 'Bearing', NULL, '980.00', 100, 230, 10),
(897, 'Bearing', NULL, '1200.00', 100, 231, 10),
(898, 'Bearing', NULL, '1200.00', 100, 232, 10),
(899, 'Bearing', NULL, '1200.00', 100, 233, 10),
(900, 'Bearing', NULL, '1200.00', 100, 234, 10),
(901, 'Bearing', NULL, '1200.00', 100, 235, 10),
(902, 'Bearing', NULL, '1200.00', 100, 236, 10),
(903, 'Bearing', NULL, '1200.00', 100, 237, 10),
(904, 'Bearing', NULL, '1200.00', 100, 238, 10),
(905, 'Bearing', NULL, '1200.00', 100, 239, 10),
(906, 'Bearing', NULL, '1200.00', 100, 240, 10),
(907, 'Bearing', NULL, '1200.00', 100, 241, 10),
(908, 'Bearing', NULL, '1200.00', 100, 242, 10),
(909, 'Bearing', NULL, '1200.00', 100, 243, 10),
(910, 'Bearing', NULL, '1200.00', 100, 244, 10),
(911, 'Bearing', NULL, '1200.00', 100, 245, 10),
(912, 'Bearing', NULL, '1200.00', 100, 246, 10),
(913, 'Bearing', NULL, '1200.00', 100, 247, 10),
(914, 'Bearing', NULL, '1200.00', 100, 248, 10),
(915, 'Bearing', NULL, '1200.00', 100, 249, 10),
(916, 'Bearing', NULL, '1200.00', 100, 250, 10),
(917, 'Bearing', NULL, '1200.00', 100, 251, 10),
(918, 'Bearing', NULL, '1200.00', 100, 252, 10),
(919, 'Bearing', NULL, '1200.00', 100, 253, 10),
(920, 'Bearing', NULL, '1200.00', 100, 254, 10),
(921, 'Bearing', NULL, '1200.00', 100, 255, 10),
(922, 'Bearing', NULL, '1200.00', 100, 256, 10),
(923, 'Bearing', NULL, '1200.00', 100, 257, 10),
(924, 'Bearing', NULL, '1200.00', 100, 258, 10),
(925, 'Bearing', NULL, '1200.00', 100, 259, 10),
(926, 'Bearing', NULL, '1200.00', 100, 260, 10),
(927, 'Bearing', NULL, '1200.00', 100, 261, 10),
(928, 'Bearing', NULL, '1200.00', 100, 262, 10),
(929, 'Bearing', NULL, '1200.00', 100, 263, 10),
(930, 'Bearing', NULL, '1200.00', 100, 264, 10),
(931, 'Bearing', NULL, '880.00', 100, 265, 10),
(932, 'Bearing', NULL, '880.00', 100, 266, 10),
(933, 'Bearing', NULL, '880.00', 100, 267, 10),
(934, 'Bearing', NULL, '880.00', 100, 268, 10),
(935, 'Bearing', NULL, '880.00', 100, 269, 10),
(936, 'Bearing', NULL, '880.00', 100, 270, 10),
(937, 'Bearing', NULL, '880.00', 100, 271, 10),
(938, 'Bearing', NULL, '880.00', 100, 272, 10),
(939, 'Bearing', NULL, '880.00', 100, 273, 10),
(940, 'Bearing', NULL, '880.00', 100, 274, 10),
(941, 'Bearing', NULL, '880.00', 100, 275, 10),
(942, 'Bearing', NULL, '880.00', 100, 276, 10),
(943, 'Bearing', NULL, '880.00', 100, 277, 10),
(944, 'Bearing', NULL, '880.00', 100, 278, 10),
(945, 'Bearing', NULL, '880.00', 100, 279, 10),
(946, 'Bearing', NULL, '880.00', 100, 280, 10),
(947, 'Bearing', NULL, '880.00', 100, 281, 10),
(948, 'Bearing', NULL, '880.00', 100, 282, 10),
(949, 'Bearing', NULL, '880.00', 100, 283, 10),
(950, 'Bearing', NULL, '880.00', 100, 284, 10),
(951, 'Bearing', NULL, '880.00', 100, 285, 10),
(952, 'Bearing', NULL, '880.00', 100, 286, 10),
(953, 'Bearing', NULL, '880.00', 100, 287, 10),
(954, 'Bearing', NULL, '880.00', 100, 288, 10),
(955, 'Bearing', NULL, '880.00', 100, 289, 10),
(956, 'Bearing', NULL, '880.00', 100, 290, 10),
(957, 'Bearing', NULL, '880.00', 100, 291, 10),
(958, 'Bearing', NULL, '880.00', 100, 292, 10),
(959, 'Bearing', NULL, '880.00', 100, 293, 10),
(960, 'Bearing', NULL, '880.00', 100, 294, 10),
(961, 'Bearing', NULL, '880.00', 100, 295, 10),
(962, 'Bearing', NULL, '880.00', 100, 296, 10),
(963, 'Bearing', NULL, '880.00', 100, 297, 10),
(964, 'Bearing', NULL, '880.00', 100, 298, 10),
(965, 'Bearing', NULL, '880.00', 100, 299, 10),
(966, 'Bearing', NULL, '880.00', 100, 300, 10),
(967, 'Bearing', NULL, '880.00', 100, 301, 10),
(968, 'Bearing', NULL, '880.00', 100, 302, 10),
(969, 'Bearing', NULL, '880.00', 100, 303, 10),
(970, 'Bearing', NULL, '880.00', 100, 304, 10),
(971, 'Bearing', NULL, '880.00', 100, 305, 10),
(972, 'Bearing', NULL, '880.00', 100, 306, 10),
(973, 'Bearing', NULL, '880.00', 100, 307, 10),
(974, 'Bearing', NULL, '880.00', 100, 308, 10),
(975, 'Bearing', NULL, '880.00', 100, 309, 10),
(976, 'Bearing', NULL, '880.00', 100, 310, 10),
(977, 'Bearing', NULL, '1120.00', 100, 311, 10),
(978, 'Bearing', NULL, '1120.00', 100, 312, 10),
(979, 'Bearing', NULL, '1120.00', 100, 313, 10),
(980, 'Bearing', NULL, '1120.00', 100, 314, 10),
(981, 'Bearing', NULL, '1120.00', 100, 315, 10),
(982, 'Bearing', NULL, '1120.00', 100, 316, 10),
(983, 'Bearing', NULL, '1120.00', 100, 317, 10),
(984, 'Bearing', NULL, '1120.00', 100, 318, 10),
(985, 'Bearing', NULL, '1120.00', 100, 319, 10),
(986, 'Bearing', NULL, '1120.00', 100, 320, 10),
(987, 'Bearing', NULL, '1120.00', 100, 321, 10),
(988, 'Bearing', NULL, '1120.00', 100, 322, 10),
(989, 'Bearing', NULL, '1120.00', 100, 323, 10),
(990, 'Bearing', NULL, '1120.00', 100, 324, 10),
(991, 'Bearing', NULL, '1120.00', 100, 325, 10),
(992, 'Bearing', NULL, '1120.00', 100, 326, 10),
(993, 'Bearing', NULL, '1120.00', 100, 327, 10);
INSERT INTO `inventory` (`inventoryid`, `inventoryname`, `inventorysize`, `inventoryprice`, `inventoryquantity`, `modelid`, `reorderlevel`) VALUES
(994, 'Bearing', NULL, '1120.00', 100, 328, 10),
(995, 'Bearing', NULL, '1120.00', 100, 329, 10),
(996, 'Bearing', NULL, '1120.00', 100, 330, 10),
(997, 'Bearing', NULL, '1120.00', 100, 331, 10),
(998, 'Bearing', NULL, '1120.00', 100, 332, 10),
(999, 'Bearing', NULL, '1120.00', 100, 333, 10),
(1000, 'Bearing', NULL, '1120.00', 100, 334, 10),
(1001, 'Bearing', NULL, '1120.00', 100, 335, 10),
(1002, 'Bearing', NULL, '1120.00', 100, 336, 10),
(1003, 'Bearing', NULL, '1120.00', 100, 337, 10),
(1004, 'Bearing', NULL, '1120.00', 100, 338, 10),
(1005, 'Bearing', NULL, '1120.00', 100, 339, 10),
(1006, 'Bearing', NULL, '1120.00', 100, 340, 10),
(1007, 'Bearing', NULL, '800.00', 100, 341, 10),
(1008, 'Bearing', NULL, '800.00', 100, 342, 10),
(1009, 'Bearing', NULL, '800.00', 100, 343, 10),
(1010, 'Bearing', NULL, '800.00', 100, 344, 10),
(1011, 'Bearing', NULL, '800.00', 100, 345, 10),
(1012, 'Bearing', NULL, '800.00', 100, 346, 10),
(1013, 'Bearing', NULL, '800.00', 100, 347, 10),
(1014, 'Bearing', NULL, '800.00', 100, 348, 10),
(1015, 'Bearing', NULL, '800.00', 100, 349, 10),
(1016, 'Bearing', NULL, '800.00', 100, 350, 10),
(1017, 'Bearing', NULL, '980.00', 100, 351, 10),
(1018, 'Bearing', NULL, '980.00', 100, 352, 10),
(1019, 'Bearing', NULL, '980.00', 100, 353, 10),
(1020, 'Bearing', NULL, '980.00', 100, 354, 10),
(1021, 'Bearing', NULL, '980.00', 100, 355, 10),
(1022, 'Bearing', NULL, '980.00', 100, 356, 10),
(1023, 'Bearing', NULL, '980.00', 100, 357, 10),
(1024, 'Bearing', NULL, '980.00', 100, 358, 10),
(1025, 'Bearing', NULL, '980.00', 100, 359, 10),
(1026, 'Bearing', NULL, '980.00', 100, 360, 10),
(1027, 'Bearing', NULL, '420.00', 100, 361, 10),
(1028, 'Bearing', NULL, '420.00', 100, 362, 10),
(1029, 'Bearing', NULL, '420.00', 100, 363, 10),
(1030, 'Bearing', NULL, '420.00', 100, 364, 10),
(1031, 'Bearing', NULL, '420.00', 100, 365, 10),
(1032, 'Bearing', NULL, '420.00', 100, 366, 10),
(1033, 'Bearing', NULL, '420.00', 100, 367, 10),
(1034, 'Bearing', NULL, '420.00', 100, 368, 10),
(1035, 'Bearing', NULL, '420.00', 100, 369, 10),
(1036, 'Bearing', NULL, '420.00', 100, 370, 10),
(1037, 'Bearing', NULL, '350.00', 100, 371, 10),
(1038, 'Bearing', NULL, '350.00', 100, 372, 10),
(1039, 'Bearing', NULL, '350.00', 100, 373, 10),
(1040, 'Bearing', NULL, '350.00', 100, 374, 10),
(1041, 'Bearing', NULL, '350.00', 100, 375, 10),
(1042, 'Bearing', NULL, '350.00', 100, 376, 10),
(1043, 'Bearing', NULL, '350.00', 100, 377, 10),
(1044, 'Bearing', NULL, '350.00', 100, 378, 10),
(1045, 'Bearing', NULL, '350.00', 100, 379, 10),
(1046, 'Bearing', NULL, '350.00', 100, 380, 10),
(1047, 'Bearing', NULL, '380.00', 100, 381, 10),
(1048, 'Bearing', NULL, '380.00', 100, 382, 10),
(1049, 'Bearing', NULL, '380.00', 100, 383, 10),
(1050, 'Bearing', NULL, '380.00', 100, 384, 10),
(1051, 'Bearing', NULL, '380.00', 100, 385, 10),
(1052, 'Bearing', NULL, '380.00', 100, 386, 10),
(1053, 'Bearing', NULL, '380.00', 100, 387, 10),
(1054, 'Bearing', NULL, '380.00', 100, 388, 10),
(1055, 'Bearing', NULL, '380.00', 100, 389, 10),
(1056, 'Bearing', NULL, '380.00', 100, 390, 10),
(1057, 'Bearing', NULL, '250.00', 100, 391, 10),
(1058, 'Bearing', NULL, '250.00', 100, 392, 10),
(1059, 'Bearing', NULL, '250.00', 100, 393, 10),
(1060, 'Bearing', NULL, '250.00', 100, 394, 10),
(1061, 'Bearing', NULL, '250.00', 100, 395, 10),
(1062, 'Bearing', NULL, '250.00', 100, 396, 10),
(1063, 'Bearing', NULL, '250.00', 100, 397, 10),
(1064, 'Bearing', NULL, '250.00', 100, 398, 10),
(1065, 'Bearing', NULL, '250.00', 100, 399, 10),
(1066, 'Bearing', '', '250.00', 100, 400, 10),
(1067, 'Bearing', NULL, '350.00', 100, 401, 10),
(1068, 'Bearing', NULL, '350.00', 100, 402, 10),
(1069, 'Bearing', NULL, '350.00', 100, 403, 10),
(1070, 'Bearing', NULL, '350.00', 100, 404, 10),
(1071, 'Bearing', NULL, '350.00', 100, 405, 10),
(1072, 'Bearing', NULL, '350.00', 100, 406, 10),
(1073, 'Bearing', NULL, '350.00', 100, 407, 10),
(1074, 'Bearing', NULL, '350.00', 100, 408, 10),
(1075, 'Bearing', NULL, '350.00', 100, 409, 10),
(1076, 'Bearing', NULL, '350.00', 100, 410, 10),
(1077, 'Bearing', NULL, '350.00', 100, 411, 10),
(1078, 'Bearing', NULL, '350.00', 100, 412, 10),
(1079, 'Bearing', NULL, '350.00', 100, 413, 10),
(1080, 'Bearing', NULL, '350.00', 100, 414, 10),
(1081, 'Bearing', NULL, '350.00', 100, 415, 10),
(1082, 'Bearing', NULL, '350.00', 100, 416, 10),
(1083, 'Bearing', NULL, '350.00', 100, 417, 10),
(1084, 'Bearing', NULL, '350.00', 100, 418, 10),
(1085, 'Bearing', NULL, '350.00', 100, 419, 10),
(1086, 'Bearing', NULL, '350.00', 100, 420, 10),
(1087, 'Bearing', NULL, '380.00', 100, 421, 10),
(1088, 'Bearing', NULL, '380.00', 100, 422, 10),
(1089, 'Bearing', NULL, '380.00', 100, 423, 10),
(1090, 'Bearing', NULL, '380.00', 100, 424, 10),
(1091, 'Bearing', NULL, '380.00', 100, 425, 10),
(1092, 'Bearing', NULL, '380.00', 100, 426, 10),
(1093, 'Bearing', NULL, '380.00', 100, 427, 10),
(1094, 'Bearing', NULL, '380.00', 100, 428, 10),
(1095, 'Bearing', NULL, '380.00', 100, 429, 10),
(1096, 'Bearing', NULL, '380.00', 100, 430, 10),
(1097, 'Bearing', NULL, '380.00', 100, 431, 10),
(1098, 'Bearing', NULL, '380.00', 100, 432, 10),
(1099, 'Bearing', NULL, '380.00', 100, 433, 10),
(1100, 'Bearing', NULL, '380.00', 100, 434, 10),
(1101, 'Bearing', NULL, '380.00', 100, 435, 10),
(1102, 'Bearing', NULL, '380.00', 100, 436, 10),
(1103, 'Bearing', NULL, '380.00', 100, 437, 10),
(1104, 'Bearing', NULL, '380.00', 100, 438, 10),
(1105, 'Bearing', NULL, '380.00', 100, 439, 10),
(1106, 'Bearing', NULL, '380.00', 100, 440, 10),
(1107, 'Bearing', NULL, '380.00', 100, 441, 10),
(1108, 'Bearing', NULL, '380.00', 100, 442, 10),
(1109, 'Bearing', NULL, '550.00', 100, 443, 10),
(1110, 'Bearing', NULL, '550.00', 100, 444, 10),
(1111, 'Bearing', NULL, '550.00', 100, 445, 10),
(1112, 'Bearing', NULL, '550.00', 100, 446, 10),
(1113, 'Bearing', NULL, '550.00', 100, 447, 10),
(1114, 'Bearing', NULL, '550.00', 100, 448, 10),
(1115, 'Bearing', NULL, '550.00', 100, 449, 10),
(1116, 'Bearing', NULL, '550.00', 100, 450, 10),
(1117, 'Bearing', NULL, '550.00', 100, 451, 10),
(1118, 'Bearing', NULL, '550.00', 100, 452, 10),
(1119, 'Bearing', NULL, '550.00', 100, 453, 10),
(1120, 'Bearing', NULL, '550.00', 100, 454, 10),
(1121, 'Bearing', NULL, '550.00', 100, 455, 10),
(1122, 'Bearing', NULL, '550.00', 100, 456, 10),
(1123, 'Bearing', NULL, '550.00', 100, 457, 10),
(1124, 'Bearing', NULL, '550.00', 100, 458, 10),
(1125, 'Bearing', NULL, '550.00', 100, 459, 10),
(1126, 'Bearing', NULL, '550.00', 100, 460, 10),
(1127, 'Bearing', NULL, '550.00', 100, 461, 10),
(1128, 'Bearing', NULL, '550.00', 100, 462, 10),
(1129, 'Bearing', NULL, '550.00', 100, 463, 10),
(1130, 'Bearing', NULL, '550.00', 100, 464, 10),
(1131, 'Bearing', NULL, '550.00', 100, 465, 10),
(1132, 'Bearing', NULL, '550.00', 100, 466, 10),
(1133, 'Bearing', NULL, '550.00', 100, 467, 10),
(1134, 'Bearing', NULL, '550.00', 100, 468, 10),
(1135, 'Bearing', NULL, '550.00', 100, 469, 10),
(1136, 'Bearing', NULL, '550.00', 100, 470, 10),
(1137, 'Bearing', NULL, '550.00', 100, 471, 10),
(1138, 'Bearing', NULL, '550.00', 100, 472, 10),
(1139, 'Bearing', NULL, '868.00', 100, 473, 10),
(1140, 'Bearing', NULL, '868.00', 100, 474, 10),
(1141, 'Bearing', NULL, '868.00', 100, 475, 10),
(1142, 'Bearing', NULL, '868.00', 100, 476, 10),
(1143, 'Bearing', NULL, '868.00', 100, 477, 10),
(1144, 'Bearing', NULL, '868.00', 100, 478, 10),
(1145, 'Bearing', NULL, '868.00', 100, 479, 10),
(1146, 'Bearing', NULL, '868.00', 100, 480, 10),
(1147, 'Bearing', NULL, '868.00', 100, 481, 10),
(1148, 'Bearing', NULL, '868.00', 100, 482, 10),
(1149, 'Bearing', NULL, '868.00', 100, 483, 10),
(1150, 'Bearing', NULL, '868.00', 100, 484, 10),
(1151, 'Bearing', NULL, '868.00', 100, 485, 10),
(1152, 'Bearing', NULL, '868.00', 100, 486, 10),
(1153, 'Bearing', NULL, '868.00', 100, 487, 10),
(1154, 'Bearing', NULL, '868.00', 100, 488, 10),
(1155, 'Bearing', NULL, '868.00', 100, 489, 10),
(1156, 'Bearing', NULL, '868.00', 100, 490, 10),
(1157, 'Bearing', NULL, '868.00', 100, 491, 10),
(1158, 'Bearing', NULL, '868.00', 100, 492, 10),
(1159, 'Bearing', NULL, '677.00', 100, 493, 10),
(1160, 'Bearing', NULL, '677.00', 100, 494, 10),
(1161, 'Bearing', NULL, '677.00', 100, 495, 10),
(1162, 'Bearing', NULL, '677.00', 100, 496, 10),
(1163, 'Bearing', NULL, '677.00', 100, 497, 10),
(1164, 'Bearing', NULL, '677.00', 100, 498, 10),
(1165, 'Bearing', NULL, '677.00', 100, 499, 10),
(1166, 'Bearing', NULL, '677.00', 100, 500, 10),
(1167, 'Bearing', NULL, '677.00', 100, 501, 10),
(1168, 'Bearing', NULL, '677.00', 100, 502, 10),
(1169, 'Bearing', NULL, '677.00', 100, 503, 10),
(1170, 'Bearing', NULL, '677.00', 100, 504, 10),
(1171, 'Bearing', NULL, '677.00', 100, 505, 10),
(1172, 'Bearing', NULL, '677.00', 100, 506, 10),
(1173, 'Bearing', NULL, '677.00', 100, 507, 10),
(1174, 'Bearing', NULL, '677.00', 100, 508, 10),
(1175, 'Bearing', NULL, '677.00', 100, 509, 10),
(1176, 'Bearing', NULL, '677.00', 100, 510, 10),
(1177, 'Bearing', NULL, '677.00', 100, 511, 10),
(1178, 'Bearing', NULL, '677.00', 100, 512, 10),
(1179, 'Bearing', NULL, '677.00', 100, 513, 10),
(1180, 'Bearing', NULL, '677.00', 100, 514, 10),
(1181, 'Bearing', NULL, '677.00', 100, 515, 10),
(1182, 'Bearing', NULL, '677.00', 100, 516, 10),
(1183, 'Bearing', NULL, '677.00', 100, 517, 10),
(1184, 'Bearing', NULL, '677.00', 100, 518, 10),
(1185, 'Bearing', NULL, '677.00', 100, 519, 10),
(1186, 'Bearing', NULL, '677.00', 100, 520, 10),
(1187, 'Bearing', NULL, '677.00', 100, 521, 10),
(1188, 'Bearing', NULL, '677.00', 100, 522, 10),
(1189, 'Bearing', NULL, '677.00', 100, 523, 10),
(1190, 'Bearing', NULL, '677.00', 100, 524, 10),
(1191, 'Bearing', NULL, '677.00', 100, 525, 10),
(1192, 'Bearing', NULL, '677.00', 100, 526, 10),
(1193, 'Bearing', NULL, '677.00', 100, 527, 10),
(1194, 'Bearing', NULL, '677.00', 100, 528, 10),
(1195, 'Bearing', NULL, '677.00', 100, 529, 10),
(1196, 'Bearing', NULL, '677.00', 100, 530, 10),
(1197, 'Bearing', NULL, '677.00', 100, 531, 10),
(1198, 'Bearing', NULL, '677.00', 100, 532, 10),
(1199, 'Bearing', NULL, '677.00', 100, 533, 10),
(1200, 'Bearing', NULL, '677.00', 100, 534, 10),
(1201, 'Bearing', NULL, '677.00', 100, 535, 10),
(1202, 'Bearing', NULL, '677.00', 100, 536, 10),
(1203, 'Bearing', NULL, '677.00', 100, 537, 10),
(1204, 'Bearing', NULL, '677.00', 100, 538, 10),
(1205, 'Bearing', NULL, '677.00', 100, 539, 10),
(1206, 'Bearing', NULL, '677.00', 100, 540, 10),
(1207, 'Bearing', NULL, '677.00', 100, 541, 10),
(1208, 'Bearing', NULL, '677.00', 100, 542, 10),
(1209, 'Bearing', NULL, '677.00', 100, 543, 10),
(1210, 'Bearing', NULL, '677.00', 100, 544, 10),
(1211, 'Bearing', NULL, '677.00', 100, 545, 10),
(1212, 'Bearing', NULL, '677.00', 100, 546, 10),
(1213, 'Bearing', NULL, '677.00', 100, 547, 10),
(1214, 'Bearing', NULL, '450.00', 100, 548, 10),
(1215, 'Bearing', NULL, '450.00', 100, 549, 10),
(1216, 'Bearing', NULL, '450.00', 100, 550, 10),
(1217, 'Bearing', NULL, '450.00', 100, 551, 10),
(1218, 'Bearing', NULL, '450.00', 100, 552, 10),
(1219, 'Bearing', NULL, '450.00', 100, 553, 10),
(1220, 'Bearing', NULL, '450.00', 100, 554, 10),
(1221, 'Bearing', NULL, '450.00', 100, 555, 10),
(1222, 'Bearing', NULL, '450.00', 100, 556, 10),
(1223, 'Bearing', NULL, '450.00', 100, 557, 10),
(1224, 'Bearing', NULL, '450.00', 100, 558, 10),
(1225, 'Bearing', NULL, '450.00', 100, 559, 10),
(1226, 'Bearing', NULL, '450.00', 100, 560, 10),
(1227, 'Bearing', NULL, '450.00', 100, 561, 10),
(1228, 'Bearing', NULL, '450.00', 100, 562, 10),
(1229, 'Bearing', NULL, '450.00', 100, 563, 10),
(1230, 'Bearing', NULL, '450.00', 100, 564, 10),
(1231, 'Bearing', NULL, '450.00', 100, 565, 10),
(1232, 'Bearing', NULL, '450.00', 100, 566, 10),
(1233, 'Bearing', NULL, '450.00', 100, 567, 10),
(1234, 'Bearing', NULL, '380.00', 100, 568, 10),
(1235, 'Bearing', NULL, '380.00', 100, 569, 10),
(1236, 'Bearing', NULL, '380.00', 100, 570, 10),
(1237, 'Bearing', NULL, '550.00', 100, 571, 10),
(1238, 'Bearing', NULL, '550.00', 100, 572, 10),
(1239, 'Bearing', NULL, '550.00', 100, 573, 10),
(1240, 'Bearing', NULL, '550.00', 100, 574, 10),
(1241, 'Bearing', NULL, '550.00', 100, 575, 10),
(1242, 'Bearing', NULL, '550.00', 100, 576, 10),
(1243, 'Bearing', NULL, '550.00', 100, 577, 10),
(1244, 'Bearing', NULL, '550.00', 100, 578, 10),
(1245, 'Bearing', NULL, '550.00', 100, 579, 10),
(1246, 'Bearing', NULL, '550.00', 100, 580, 10),
(1247, 'Bearing', NULL, '550.00', 100, 581, 10),
(1248, 'Bearing', NULL, '550.00', 100, 582, 10),
(1249, 'Bearing', NULL, '550.00', 100, 583, 10),
(1250, 'Bearing', NULL, '550.00', 100, 584, 10),
(1251, 'Bearing', NULL, '550.00', 100, 585, 10),
(1252, 'Bearing', NULL, '550.00', 100, 586, 10),
(1253, 'Bearing', NULL, '550.00', 100, 587, 10),
(1254, 'Bearing', NULL, '550.00', 100, 588, 10),
(1255, 'Bearing', NULL, '550.00', 100, 589, 10),
(1256, 'Bearing', NULL, '550.00', 100, 590, 10),
(1257, 'Bearing', NULL, '620.00', 100, 591, 10),
(1258, 'Bearing', NULL, '620.00', 100, 592, 10),
(1259, 'Bearing', NULL, '620.00', 100, 593, 10),
(1260, 'Bearing', NULL, '620.00', 100, 594, 10),
(1261, 'Bearing', NULL, '620.00', 100, 595, 10),
(1262, 'Bearing', NULL, '620.00', 100, 596, 10),
(1263, 'Bearing', NULL, '620.00', 100, 597, 10),
(1264, 'Bearing', NULL, '620.00', 100, 598, 10),
(1265, 'Bearing', NULL, '620.00', 100, 599, 10),
(1266, 'Bearing', NULL, '620.00', 100, 600, 10),
(1267, 'Bearing', NULL, '620.00', 100, 601, 10),
(1268, 'Bearing', NULL, '620.00', 100, 602, 10),
(1269, 'Bearing', NULL, '620.00', 100, 603, 10),
(1270, 'Bearing', NULL, '620.00', 100, 604, 10),
(1271, 'Bearing', NULL, '620.00', 100, 605, 10),
(1272, 'Bearing', NULL, '620.00', 100, 606, 10),
(1273, 'Bearing', NULL, '620.00', 100, 607, 10),
(1274, 'Bearing', NULL, '620.00', 100, 608, 10),
(1275, 'Bearing', NULL, '620.00', 100, 609, 10),
(1276, 'Bearing', NULL, '620.00', 100, 610, 10),
(1277, 'Bearing', NULL, '730.00', 100, 611, 10),
(1278, 'Bearing', NULL, '730.00', 100, 612, 10),
(1279, 'Bearing', NULL, '730.00', 100, 613, 10),
(1280, 'Bearing', NULL, '730.00', 100, 614, 10),
(1281, 'Bearing', NULL, '730.00', 100, 615, 10),
(1282, 'Bearing', NULL, '730.00', 100, 616, 10),
(1283, 'Bearing', NULL, '730.00', 100, 617, 10),
(1284, 'Bearing', NULL, '730.00', 100, 618, 10),
(1285, 'Bearing', NULL, '730.00', 100, 619, 10),
(1286, 'Bearing', NULL, '730.00', 100, 620, 10),
(1287, 'Bearing', NULL, '580.00', 100, 621, 10),
(1288, 'Bearing', NULL, '580.00', 100, 622, 10),
(1289, 'Bearing', NULL, '580.00', 100, 623, 10),
(1290, 'Bearing', NULL, '580.00', 100, 624, 10),
(1291, 'Bearing', NULL, '580.00', 100, 625, 10),
(1292, 'Bearing', NULL, '580.00', 100, 626, 10),
(1293, 'Bearing', NULL, '580.00', 100, 627, 10),
(1294, 'Bearing', NULL, '580.00', 100, 628, 10),
(1295, 'Bearing', NULL, '580.00', 100, 629, 10),
(1296, 'Bearing', NULL, '580.00', 100, 630, 10),
(1297, 'Bearing', NULL, '580.00', 100, 631, 10),
(1298, 'Bearing', NULL, '580.00', 100, 632, 10),
(1299, 'Bearing', NULL, '580.00', 100, 633, 10),
(1300, 'Bearing', NULL, '580.00', 100, 634, 10),
(1301, 'Bearing', NULL, '580.00', 100, 635, 10),
(1302, 'Bearing', NULL, '580.00', 100, 636, 10),
(1303, 'Bearing', NULL, '580.00', 100, 637, 10),
(1304, 'Bearing', NULL, '580.00', 100, 638, 10),
(1305, 'Bearing', NULL, '580.00', 100, 639, 10),
(1306, 'Bearing', NULL, '580.00', 100, 640, 10),
(1307, 'Bearing', NULL, '580.00', 100, 641, 10),
(1308, 'Bearing', NULL, '580.00', 100, 642, 10),
(1309, 'Bearing', NULL, '580.00', 100, 643, 10),
(1310, 'Bearing', NULL, '580.00', 100, 644, 10),
(1311, 'Bearing', NULL, '580.00', 100, 645, 10),
(1312, 'Bearing', NULL, '580.00', 100, 646, 10),
(1313, 'Bearing', NULL, '899.00', 100, 647, 10),
(1314, 'Bearing', NULL, '899.00', 100, 648, 10),
(1315, 'Bearing', NULL, '899.00', 100, 649, 10),
(1316, 'Bearing', NULL, '899.00', 100, 650, 10),
(1317, 'Bearing', NULL, '899.00', 100, 651, 10),
(1318, 'Bearing', NULL, '899.00', 100, 652, 10),
(1319, 'Bearing', NULL, '899.00', 100, 653, 10),
(1320, 'Bearing', NULL, '899.00', 100, 654, 10),
(1321, 'Bearing', NULL, '899.00', 100, 655, 10),
(1322, 'Bearing', NULL, '899.00', 100, 656, 10),
(1323, 'Bearing', NULL, '899.00', 100, 657, 10),
(1324, 'Bearing', NULL, '899.00', 100, 658, 10),
(1325, 'Bearing', NULL, '899.00', 100, 659, 10),
(1326, 'Bearing', NULL, '899.00', 100, 660, 10),
(1327, 'Bearing', NULL, '899.00', 100, 661, 10),
(1328, 'Bearing', NULL, '720.00', 100, 662, 10),
(1329, 'Bearing', NULL, '720.00', 100, 663, 10),
(1330, 'Bearing', NULL, '720.00', 100, 664, 10),
(1331, 'Bearing', NULL, '720.00', 100, 665, 10),
(1332, 'Bearing', NULL, '720.00', 100, 666, 10),
(1333, 'Bearing', NULL, '720.00', 100, 667, 10),
(1334, 'Bearing', NULL, '720.00', 100, 668, 10),
(1335, 'Bearing', NULL, '720.00', 100, 669, 10),
(1336, 'Bearing', NULL, '720.00', 100, 670, 10),
(1337, 'Bearing', NULL, '440.00', 100, 671, 10),
(1338, 'Bearing', NULL, '440.00', 100, 672, 10),
(1339, 'Bearing', NULL, '440.00', 100, 673, 10),
(1340, 'Bearing', NULL, '440.00', 100, 674, 10),
(1341, 'Bearing', NULL, '440.00', 100, 675, 10),
(1342, 'Bearing', NULL, '440.00', 100, 676, 10),
(1343, 'Bearing', NULL, '440.00', 100, 677, 10),
(1344, 'Bearing', NULL, '440.00', 100, 678, 10),
(1345, 'Bearing', NULL, '440.00', 100, 679, 10),
(1346, 'Bearing', NULL, '440.00', 100, 680, 10),
(1347, 'Bearing', NULL, '440.00', 100, 681, 10),
(1348, 'Bearing', NULL, '440.00', 100, 682, 10),
(1349, 'Bearing', NULL, '440.00', 100, 683, 10),
(1350, 'Bearing', NULL, '440.00', 100, 684, 10),
(1351, 'Bearing', NULL, '440.00', 100, 685, 10),
(1352, 'Bearing', NULL, '440.00', 100, 686, 10),
(1353, 'Bearing', NULL, '440.00', 100, 687, 10),
(1354, 'Bearing', NULL, '440.00', 100, 688, 10),
(1355, 'Bearing', NULL, '440.00', 100, 689, 10),
(1356, 'Bearing', NULL, '440.00', 100, 690, 10),
(1357, 'Bearing', NULL, '380.00', 100, 691, 10),
(1358, 'Bearing', NULL, '380.00', 100, 692, 10),
(1359, 'Bearing', NULL, '380.00', 100, 693, 10),
(1360, 'Bearing', NULL, '380.00', 100, 694, 10),
(1361, 'Bearing', NULL, '380.00', 100, 695, 10),
(1362, 'Bearing', NULL, '380.00', 100, 696, 10),
(1363, 'Bearing', NULL, '380.00', 100, 697, 10),
(1364, 'Bearing', NULL, '380.00', 100, 698, 10),
(1365, 'Bearing', NULL, '380.00', 100, 699, 10),
(1366, 'Bearing', NULL, '380.00', 100, 700, 10),
(1367, 'Bearing', NULL, '380.00', 100, 701, 10),
(1368, 'Bearing', NULL, '380.00', 100, 702, 10),
(1369, 'Bearing', NULL, '380.00', 100, 703, 10),
(1370, 'Bearing', NULL, '380.00', 100, 704, 10),
(1371, 'Bearing', NULL, '380.00', 100, 705, 10),
(1372, 'Bearing', NULL, '380.00', 100, 706, 10),
(1373, 'Bearing', NULL, '380.00', 100, 707, 10),
(1374, 'Bearing', NULL, '380.00', 100, 708, 10),
(1375, 'Bearing', NULL, '380.00', 100, 709, 10),
(1376, 'Bearing', NULL, '380.00', 100, 710, 10),
(1377, 'Bearing', NULL, '280.00', 100, 711, 10),
(1378, 'Bearing', NULL, '280.00', 100, 712, 10),
(1379, 'Bearing', NULL, '280.00', 100, 713, 10),
(1380, 'Bearing', NULL, '280.00', 100, 714, 10),
(1381, 'Bearing', NULL, '280.00', 100, 715, 10),
(1382, 'Bearing', NULL, '280.00', 100, 716, 10),
(1383, 'Bearing', NULL, '280.00', 100, 717, 10),
(1384, 'Bearing', NULL, '280.00', 100, 718, 10),
(1385, 'Bearing', NULL, '280.00', 100, 719, 10),
(1386, 'Bearing', NULL, '280.00', 100, 720, 10),
(1387, 'Bearing', NULL, '280.00', 100, 721, 10),
(1388, 'Bearing', NULL, '280.00', 100, 722, 10),
(1389, 'Bearing', NULL, '280.00', 100, 723, 10),
(1390, 'Bearing', NULL, '280.00', 100, 724, 10),
(1391, 'Bearing', NULL, '280.00', 100, 725, 10),
(1392, 'Bearing', NULL, '280.00', 100, 726, 10),
(1393, 'Bearing', NULL, '280.00', 100, 727, 10),
(1394, 'Bearing', NULL, '280.00', 100, 728, 10),
(1395, 'Bearing', NULL, '280.00', 100, 729, 10),
(1396, 'Bearing', NULL, '280.00', 100, 730, 10),
(1397, 'Bearing', NULL, '280.00', 100, 731, 10),
(1398, 'Bearing', NULL, '280.00', 100, 732, 10),
(1399, 'Bearing', NULL, '280.00', 100, 733, 10),
(1400, 'Bearing', NULL, '280.00', 100, 734, 10),
(1401, 'Bearing', NULL, '280.00', 100, 735, 10),
(1402, 'Bearing', NULL, '280.00', 100, 736, 10),
(1403, 'Bearing', NULL, '280.00', 100, 737, 10),
(1404, 'Bearing', NULL, '280.00', 100, 738, 10),
(1405, 'Bearing', NULL, '280.00', 100, 739, 10),
(1406, 'Bearing', NULL, '280.00', 100, 740, 10),
(1407, 'Bearing', NULL, '360.00', 100, 741, 10),
(1408, 'Bearing', NULL, '360.00', 100, 742, 10),
(1409, 'Bearing', NULL, '360.00', 100, 743, 10),
(1410, 'Bearing', NULL, '360.00', 100, 744, 10),
(1411, 'Bearing', NULL, '360.00', 100, 745, 10),
(1412, 'Bearing', NULL, '360.00', 100, 746, 10),
(1413, 'Bearing', NULL, '360.00', 100, 747, 10),
(1414, 'Bearing', NULL, '360.00', 100, 748, 10),
(1415, 'Bearing', NULL, '360.00', 100, 749, 10),
(1416, 'Bearing', NULL, '360.00', 100, 750, 10),
(1417, 'Bearing', NULL, '360.00', 100, 751, 10),
(1418, 'Bearing', NULL, '360.00', 100, 752, 10),
(1419, 'Bearing', NULL, '360.00', 100, 753, 10),
(1420, 'Bearing', NULL, '360.00', 100, 754, 10),
(1421, 'Bearing', NULL, '360.00', 100, 755, 10),
(1422, 'Bearing', NULL, '360.00', 100, 756, 10),
(1423, 'Bearing', NULL, '360.00', 100, 757, 10),
(1424, 'Bearing', NULL, '360.00', 100, 758, 10),
(1425, 'Bearing', NULL, '360.00', 100, 759, 10),
(1426, 'Bearing', NULL, '360.00', 100, 760, 10),
(1427, 'Bearing', NULL, '400.00', 100, 761, 10),
(1428, 'Bearing', NULL, '400.00', 100, 762, 10),
(1429, 'Bearing', NULL, '400.00', 100, 763, 10),
(1430, 'Bearing', NULL, '400.00', 100, 764, 10),
(1431, 'Bearing', NULL, '400.00', 100, 765, 10),
(1432, 'Bearing', NULL, '400.00', 100, 766, 10),
(1433, 'Bearing', NULL, '400.00', 100, 767, 10),
(1434, 'Bearing', NULL, '400.00', 100, 768, 10),
(1435, 'Bearing', NULL, '400.00', 100, 769, 10),
(1436, 'Bearing', NULL, '400.00', 100, 770, 10),
(1437, 'Bearing', NULL, '400.00', 100, 771, 10),
(1438, 'Bearing', NULL, '400.00', 100, 772, 10),
(1439, 'Bearing', NULL, '400.00', 100, 773, 10),
(1440, 'Bearing', NULL, '400.00', 100, 774, 10),
(1441, 'Bearing', NULL, '400.00', 100, 775, 10),
(1442, 'Bearing', NULL, '400.00', 100, 776, 10),
(1443, 'Bearing', NULL, '400.00', 100, 777, 10),
(1444, 'Bearing', NULL, '400.00', 100, 778, 10),
(1445, 'Bearing', NULL, '400.00', 100, 779, 10),
(1446, 'Bearing', NULL, '400.00', 100, 780, 10),
(1447, 'engineValve', '.25', '2.00', 2, 1, 2),
(1448, 'engineValve', 'std', '2.00', 2, 1, 2),
(1449, 'Engine Valve', 'std', '2.00', 1, 0, 2),
(1450, 'Engine Valve', '.25', '100.00', 448, 0, 100),
(1451, 'Valve Seal', 'std', '2.00', 2, 0, 2),
(1452, 'Engine Valve', 'std', '2.00', 2, 0, 2),
(1453, 'Engine Valve', 'std', '12.00', 12, 0, 12),
(1454, 'Valve Seal', '.25', '2.00', 2, 0, 2),
(1455, 'Engine Valve', 'std', '2.00', 2, 788, 2),
(1456, 'Engine Valve', 'std', '1000.00', 1000, 0, 1000),
(1457, 'Engine Valve', 'std', '1000.00', 1000, 1, 1000),
(1458, 'Engine Valve', 'std', '1000.00', 1000, 1, 1000);

-- --------------------------------------------------------

--
-- Table structure for table `itemlogs`
--

CREATE TABLE IF NOT EXISTS `itemlogs` (
  `itemlogid` int(15) NOT NULL AUTO_INCREMENT,
  `itemprice` decimal(11,2) DEFAULT NULL,
  `itemquantity` int(5) DEFAULT NULL,
  `saleid` int(15) DEFAULT NULL,
  `joborderid` int(15) DEFAULT NULL,
  `inventoryid` int(15) DEFAULT NULL,
  PRIMARY KEY (`itemlogid`),
  KEY `fk_itemlogs_saleid_idx` (`saleid`),
  KEY `fk_itemlogs_joborderid_idx` (`joborderid`),
  KEY `fk_itemlogs_inventoryid_idx` (`inventoryid`)
) ENGINE=InnoDB DEFAULT CHARSET=latin1 AUTO_INCREMENT=1 ;

-- --------------------------------------------------------

--
-- Table structure for table `joborders`
--

CREATE TABLE IF NOT EXISTS `joborders` (
  `joborderid` int(15) NOT NULL AUTO_INCREMENT,
  `problem` varchar(500) DEFAULT NULL,
  `datebrought` date DEFAULT NULL,
  `datestarted` date DEFAULT NULL,
  `datefinished` date DEFAULT NULL,
  `dateclaimed` date DEFAULT NULL,
  `downpayment` decimal(11,2) DEFAULT NULL,
  `joprice` decimal(11,2) DEFAULT NULL,
  `jostatus` enum('Pending','Done') DEFAULT NULL,
  `preparedby` varchar(100) DEFAULT NULL,
  `modelno` varchar(50) DEFAULT NULL,
  `engineno` varchar(50) DEFAULT NULL,
  `supervisor` varchar(100) DEFAULT NULL,
  `jotype` enum('EngRecon','Fabrication','EngReconFab') DEFAULT NULL,
  `clientid` int(15) DEFAULT NULL,
  PRIMARY KEY (`joborderid`),
  KEY `fk_joborders_clientid_idx` (`clientid`)
) ENGINE=InnoDB  DEFAULT CHARSET=latin1 AUTO_INCREMENT=201510263 ;

--
-- Dumping data for table `joborders`
--

INSERT INTO `joborders` (`joborderid`, `problem`, `datebrought`, `datestarted`, `datefinished`, `dateclaimed`, `downpayment`, `joprice`, `jostatus`, `preparedby`, `modelno`, `engineno`, `supervisor`, `jotype`, `clientid`) VALUES
(201510261, 'Problem', '2015-10-26', NULL, NULL, NULL, '500.00', '830.00', 'Pending', 'Conje, Noryza', '16', '96587345893', 'Tiong, Benedict', 'EngRecon', 7),
(201510262, 'Problem', '2015-10-26', NULL, NULL, NULL, '500.00', '560.00', 'Pending', 'Conje, Noryza', '16', '3287428345273', 'Tiong, Benedict', 'EngRecon', 1);

-- --------------------------------------------------------

--
-- Table structure for table `joemployees`
--

CREATE TABLE IF NOT EXISTS `joemployees` (
  `joborderid` int(15) NOT NULL,
  `employeeid` int(15) NOT NULL,
  PRIMARY KEY (`joborderid`,`employeeid`),
  KEY `fk_joemployees_employeeid_idx` (`employeeid`)
) ENGINE=InnoDB DEFAULT CHARSET=latin1;

--
-- Dumping data for table `joemployees`
--

INSERT INTO `joemployees` (`joborderid`, `employeeid`) VALUES
(201510262, 1),
(201510261, 4);

-- --------------------------------------------------------

--
-- Table structure for table `models`
--

CREATE TABLE IF NOT EXISTS `models` (
  `modelid` int(15) NOT NULL AUTO_INCREMENT,
  `modelno` varchar(50) DEFAULT NULL,
  PRIMARY KEY (`modelid`)
) ENGINE=InnoDB  DEFAULT CHARSET=latin1 AUTO_INCREMENT=789 ;

--
-- Dumping data for table `models`
--

INSERT INTO `models` (`modelid`, `modelno`) VALUES
(0, '32207JR KOYO'),
(1, '4BA1'),
(2, '4BB'),
(3, '3L/2L'),
(4, '2C'),
(5, 'MAZDA S2'),
(6, 'MAZDA R2'),
(7, '4DR5'),
(8, '4M40'),
(9, '4D56'),
(10, '4D30'),
(11, '4HF1'),
(12, '10PD'),
(13, '6D14'),
(14, '6BD1'),
(15, '6BG1'),
(16, '4D55'),
(17, '4D56'),
(18, '4D32'),
(19, '4HE1'),
(20, '4D35'),
(21, '4HG1'),
(22, '4HJ1'),
(23, 'PREGIO 3.0'),
(24, '7K'),
(25, '4K/5K'),
(26, '5L'),
(27, '2E'),
(28, '4G32'),
(29, '4G33'),
(30, '08-R2 AXLE LOCK FBJ'),
(31, '129'),
(32, '336 DG154614  (15ID * 46OD *14T'),
(33, '339'),
(34, '346 2RS'),
(35, '382'),
(36, '394'),
(37, '408'),
(38, '453'),
(39, '455'),
(40, '635'),
(41, '639'),
(42, '686ZZ'),
(43, '1201'),
(44, '1202'),
(45, '1205 KOYO'),
(46, '1207'),
(47, '1208'),
(48, '12648/10 timken'),
(49, '2201'),
(50, '2309 SLEEVE'),
(51, '2585'),
(52, '2872'),
(53, '30311 KOYO'),
(54, '30311 D KOYO'),
(55, '3720'),
(56, '3775'),
(57, '3782/20'),
(58, '3877 TIMKEN'),
(59, '50441'),
(60, '5107'),
(61, '5206 (OR3206) IJK-JAP'),
(62, '5210'),
(63, '30211'),
(64, '5305'),
(65, '5309'),
(66, '6314 2RS KOYO'),
(67, '6314 ZNR KOYO'),
(68, '6316'),
(69, '6316 SKF'),
(70, '6386'),
(71, '6403'),
(72, '6800'),
(73, '6810'),
(74, '6901 LL NTN'),
(75, '6901 2RS KSM'),
(76, '6902'),
(77, '6915'),
(78, '6924'),
(79, '7002'),
(80, '7018'),
(81, '7205'),
(82, '7207'),
(83, '7407'),
(84, '11162'),
(85, '11300'),
(86, '14276'),
(87, '14585'),
(88, '15117'),
(89, '15245'),
(90, '15520'),
(91, '15578'),
(92, '15578'),
(93, '15590 TIMKEN'),
(94, '16001'),
(95, '16002'),
(96, '16150'),
(97, '16284'),
(98, '18620'),
(99, '18685'),
(100, '22210'),
(101, '22215RHRW33C3M KOYO'),
(102, '22303'),
(103, '22310'),
(104, '22313'),
(105, '22324'),
(106, '22523'),
(107, '25523'),
(108, '26882/20'),
(109, '26883'),
(110, '28622'),
(111, '29521'),
(112, '30202'),
(113, '30204'),
(114, '30205'),
(115, '30205  SKF'),
(116, '30206'),
(117, '30207'),
(118, '30208'),
(119, '30210'),
(120, '30212'),
(121, '30214'),
(122, '30216'),
(123, '30217'),
(124, '30304'),
(125, '30306'),
(126, '30310 KOYO'),
(127, '30313'),
(128, '30317'),
(129, '30318'),
(130, '32006'),
(131, '32008 NSK'),
(132, '32009XJA'),
(133, '32010 KOYO'),
(134, '32010'),
(135, '32011'),
(136, '32012'),
(137, '32013 NTN'),
(138, '32019'),
(139, '32032'),
(140, '32205'),
(141, '32207 SKF'),
(142, '32209'),
(143, '32210JR'),
(144, '32210'),
(145, '32307 NSK'),
(146, '32307'),
(147, '32308'),
(148, '32922 NSK'),
(149, '33462'),
(150, '37425'),
(151, '37625'),
(152, '41126'),
(153, '45220'),
(154, '51107'),
(155, '51109'),
(156, '51207'),
(157, '51211'),
(158, '51306'),
(159, '53178'),
(160, '53211'),
(161, '53307'),
(162, '55187/55442 NTN'),
(163, '57407'),
(164, '61907'),
(165, '63305'),
(166, '64450'),
(167, '81209'),
(168, '455004'),
(169, '455134'),
(170, '471652'),
(171, '49UZS86'),
(172, '506348'),
(173, '102949/10 KOYO'),
(174, '#038KC68'),
(175, '#392 CONE'),
(176, '0118-27-350 MAZDA'),
(177, '02474/20 KOYO'),
(178, '02872/20 KOYO'),
(179, '0603-27-210'),
(180, '06NUP0820'),
(181, '07100/07210X'),
(182, '09067/195'),
(183, '17VBSW02'),
(184, '11162/300 KOYO'),
(185, '11590/20'),
(186, '1203 URB'),
(187, '12580/20'),
(188, '12649/10 NSK'),
(189, '12749/10'),
(190, '1280/20'),
(191, '12BC04S3 PILOT'),
(192, '1329 TIMKEN'),
(193, '13621 BCA'),
(194, '14116/276'),
(195, '14125A TIMKEN'),
(196, '14131/14276 KOYO'),
(197, '15121-T/15245'),
(198, '15123/245 KOYO'),
(199, '15243 TIMKEN'),
(200, '15250X'),
(201, '15BC04'),
(202, '15SF24 TORR (SBB-24)'),
(203, '16003 KOYO'),
(204, '16004 KOYO'),
(205, '16005 UBC'),
(206, '16008 NSK'),
(207, '16040 M NSK'),
(208, '17887/31 KO'),
(209, '18590/20'),
(210, '18BSC01'),
(211, '2012HK'),
(212, '2016HK'),
(213, '2020HK'),
(214, '20BSW01'),
(215, '21075/212'),
(216, '21075/212 KOYO'),
(217, '21313'),
(218, '21318EAE4C3'),
(219, '2200'),
(220, '2200M'),
(221, '2201 IKC'),
(222, '2201 KOYO'),
(223, '2202 NSK'),
(224, '2205 NTN'),
(225, '2209 NSK'),
(226, '2213BB'),
(227, '22208'),
(228, '22213 KOYO'),
(229, '22213 SKF'),
(230, '22217C3'),
(231, '22220ESK'),
(232, '22222 NSK'),
(233, '22228 NSK'),
(234, '22309 NSK'),
(235, '22312 NSK'),
(236, '22312E SKF'),
(237, '22316CDE4C3'),
(238, '22320CAME4C3'),
(239, '2305 KOYO'),
(240, '23038 CK/W33'),
(241, '23100/23256 KOYO'),
(242, '23256/23092'),
(243, '24780/21 KOYO'),
(244, '24780/21 NTN'),
(245, '25520 TIMKEN'),
(246, '25584/20'),
(247, '25590/20'),
(248, '25820 TIMKEN'),
(249, '25878/21'),
(250, '25v14625'),
(251, '25VI4625'),
(252, '26823 TIMKEN'),
(253, '26830/26886 TIMKEN'),
(254, '26878/22'),
(255, '26884/20'),
(256, '27687/20'),
(257, '27690/20 timken'),
(258, '2788/20 KOYO'),
(259, '28580/21'),
(260, '28584/21 KOYO'),
(261, '28680/22'),
(262, '28985/20 KOYO'),
(263, '28985/21 KOYO'),
(264, '28989/20'),
(265, '28TAG12 MRK'),
(266, '29586/20 NSK'),
(267, '29586/22'),
(268, '29620 TIMKEN'),
(269, '29675/20'),
(270, '29685 TIMKEN'),
(271, '29749/10 KOYO'),
(272, '30 BCDS2'),
(273, '30203 KOYO'),
(274, '30205 NSK'),
(275, '30206 NACHI'),
(276, '30209 TAPERED'),
(277, '30218'),
(278, '30302 NSK'),
(279, '30303 KOYO'),
(280, '30303 TAPERRED NSK'),
(281, '30303D TAPERRED KOYO'),
(282, '30303D TRO305D'),
(283, '30305 KOYO'),
(284, '30306 NTN'),
(285, '30306 TAPERED'),
(286, '30307 DJR NSK'),
(287, '30307 TIMKEN'),
(288, '30308 JR KOYO'),
(289, '30308 TAPERED'),
(290, '30309 KOYO'),
(291, '30309 D'),
(292, '30310 J PHILEX'),
(293, '30310D'),
(294, '30310J NACHI PHILEX 12"'),
(295, '30311 NTN'),
(296, '30311 KOYO'),
(297, '30315 KOYO'),
(298, '308NR NSK'),
(299, '309NR W/LOCK NSK'),
(300, '30BCDS2 NACHI'),
(301, '30BD219812DD AIRCON'),
(302, '30BD40T12W TABORA'),
(303, '30BD5222'),
(304, '30BGS10G2DST'),
(305, '30GS-2RS'),
(306, '31310 KOYO'),
(307, '31593/20'),
(308, '31594/20'),
(309, '320/28'),
(310, '32005 KOYO'),
(311, '32005JS/26'),
(312, '32007 KOYO'),
(313, '32014 NTN'),
(314, '32015 NTN'),
(315, '32016 HQ NTN'),
(316, '32016 X/Q SKF'),
(317, '32018 X/Q SKF'),
(318, '32022 NSK'),
(319, '32024 NTN'),
(320, '32022X TK'),
(321, '32026x TM'),
(322, '3208 (5208) SKF'),
(323, '3209 ROLLWAY'),
(324, '3210 SKF'),
(325, '3212 NSK'),
(326, '32204 TAPERED'),
(327, '32206 KOYO'),
(328, '32207 TAPERED'),
(329, '32208 JR KOYO PHILEX 10"'),
(330, '32208 KOYO'),
(331, '32208 TAPERED'),
(332, '32209 KOYO'),
(333, '32210-JR'),
(334, '32211  SKF'),
(335, '32211 KOYO'),
(336, '32212 KOYO'),
(337, '32213 KOYO'),
(338, '32215 KOYO'),
(339, '32215 SKF'),
(340, '32216 NSK'),
(341, '32219 NSK'),
(342, '32220 KOYO'),
(343, '32222  TAPERED NTN'),
(344, '32224  TIMKEN'),
(345, '32224 NSK'),
(346, '32226 KO'),
(347, '32230 SKF'),
(348, '32304  INNER WHEEL KB NACHI'),
(349, '32305 KO'),
(350, '32306 KO'),
(351, '32307JR'),
(352, '32308 KO'),
(353, '32309 NSK'),
(354, '32310/55'),
(355, '32312 TAPERED'),
(356, '323934 TLA IKO'),
(357, '32BCV07S5  NACHI'),
(358, '32BD45'),
(359, '32TM03NX NSK'),
(360, '32TNG12'),
(361, '33012'),
(362, '33020/Q'),
(363, '3306 NSK'),
(364, '3307 SKF'),
(365, '3308 ZZ SKF'),
(366, '33110JR'),
(367, '33205'),
(368, '337/333'),
(369, '3382 CONE'),
(370, '3382/3320'),
(371, '3384/20 KOYO'),
(372, '34300 TK'),
(373, '34301/34478'),
(374, '3490/20'),
(375, '3578/25'),
(376, '35BC0S2'),
(377, '35BCD07'),
(378, '35BCDS2 NACHI'),
(379, '35BD219T12W'),
(380, '35BD4820T1XDDU NSK (AIRCON)'),
(381, '35BD5020T (AIRCON)'),
(382, '368A/362A KOYO'),
(383, '370119A NATIONAL'),
(384, '37431A/37625'),
(385, '3780/20 NTN'),
(386, '382A/385X'),
(387, '38BWD12 NSK'),
(388, '38KLL FAFNIR'),
(389, '390 TIMKEN'),
(390, '3920 CUP'),
(391, '394 A TIMKEN'),
(392, '39581/20'),
(393, '3975/25'),
(394, '3984/20 KOYO'),
(395, '3TM03NXC3'),
(396, '40B349'),
(397, '40BCDIR'),
(398, '40BCV09S'),
(399, '40BGS39G-2DL'),
(400, '40BW04C4'),
(401, '40KW01'),
(402, '40TRK30 RCT40'),
(403, '4202'),
(404, '4203 BTNG'),
(405, '4205'),
(406, '4399/60L'),
(407, '44643/10'),
(408, '45284/20'),
(409, '45284/45220 PHILEX 12"'),
(410, '45BGO7S5A1G-2DL AIRCON'),
(411, '45TNK804  CT-45 IS'),
(412, '47681/20'),
(413, '48393/20'),
(414, '48548/10 NSK'),
(415, '48TKA3201 4G32'),
(416, '48TKA3214 4JA1 RELEASE'),
(417, '4HF1 PILOT'),
(418, '501349/10 KOYO'),
(419, '50SCRN31P-4'),
(420, '50SCRN37P.12'),
(421, '50SCRN40P'),
(422, '50TKB3504BR RCT3563A9 REL. BRG FX'),
(423, '50TKB-3504R RELEASE FX'),
(424, '51100 NSK'),
(425, '51101 NSK'),
(426, '51102 NSK'),
(427, '51103 KOYO'),
(428, '51104 KOYO (THRUST)'),
(429, '51105 KOYO'),
(430, '51106 KOYO'),
(431, '51107 KOYO'),
(432, '51108 KOYO'),
(433, '51108 SKF'),
(434, '51111 SKF'),
(435, '51130 NSK'),
(436, '51200 NSK'),
(437, '51201 NSK'),
(438, '51202 NSK'),
(439, '51203 NSK'),
(440, '51204 NTN'),
(441, '51205 NSK'),
(442, '51206 NSK'),
(443, '51208 KOYO'),
(444, '51210 KOYO'),
(445, '5200 ksm'),
(446, '5201 2RS'),
(447, '5202 2RS'),
(448, '5202 KOYO'),
(449, '5203 2RS KSM'),
(450, '5203 ZZ MRC'),
(451, '5204 NACHI'),
(452, '52052RS NTN'),
(453, '5207 2RS'),
(454, '5209 KOYO'),
(455, '5211 2RS KOYO'),
(456, '5211 KSM'),
(457, '5212 ZNL'),
(458, '5213 UBC'),
(459, '5225491/10'),
(460, '527361 FKC AXLE CORTINA'),
(461, '529/522 KOYO'),
(462, '5302 2RS KSM'),
(463, '5304 2RS'),
(464, '5306 KOYO'),
(465, '5306 NSK'),
(466, '5306 NTN'),
(467, '5308 KOYO'),
(468, '5308 ZNR NEW DISCOVERY'),
(469, '5310 SAME AS 3310 2RS'),
(470, '53177/53375'),
(471, '545495 FAG'),
(472, '54TKA3501 NSK'),
(473, '54TKA3801 4BC2 REL.'),
(474, '55176-C'),
(475, '55187-C'),
(476, '55187c/443'),
(477, '55443/55187'),
(478, '56418 TIMKEN TAPERED'),
(479, '5666683/93 MBS'),
(480, '57207 (c/c)'),
(481, '57285/2735'),
(482, '57307 KOYO'),
(483, '580 TIMKEN'),
(484, '58TKA3703B RELEASE 4D30/4D32'),
(485, '594/592A'),
(486, '60/28 RS 1NR'),
(487, '6000 2RS KOYO'),
(488, '6000 ZZ'),
(489, '6001 2RS KOYO'),
(490, '6001 DD NSK'),
(491, '6002 2RS'),
(492, '6002 LL'),
(493, '6002 ZZ KOYO'),
(494, '6003 2RS KOYO'),
(495, '6003 ZZ KOYO'),
(496, '6003 LL'),
(497, '6004 2RS'),
(498, '6004 DD NSK'),
(499, '6004 LL KOYO'),
(500, '6004 ZZ KOYO'),
(501, '6005 2RS'),
(502, '6005 DD'),
(503, '6005 ZZ KOYO'),
(504, '6006 2RS KOYO'),
(505, '6006 ZZ KOYO'),
(506, '6006 SKF'),
(507, '6006 ZNR'),
(508, '6007 2NSE'),
(509, '6007 2RS'),
(510, '6007 SKF'),
(511, '6007 ZZ'),
(512, '6007 ZNR'),
(513, '6007 ZZ NSK'),
(514, '6008-2RS KOYO'),
(515, '6008ZZ KOYO'),
(516, '6009 ZZ NSK'),
(517, '60092RS KOYO'),
(518, '6009ZNR KOYO'),
(519, '6010 2RS FAG'),
(520, '6010 2rs'),
(521, '6010ZZ NSK'),
(522, '6011 NTN'),
(523, '6012 FAG'),
(524, '6012 ZZ'),
(525, '6013 NTN'),
(526, '6014 2RS'),
(527, '6016 FRONT INNER WHEEL 55KW02'),
(528, '6017ZNR'),
(529, '6017ZZ'),
(530, '6018 NSK'),
(531, '6022 NACHI'),
(532, '6028 NSK'),
(533, '603049/11'),
(534, '6030DD'),
(535, '604ZZ IJK'),
(536, '605 NACHI'),
(537, '606 2RS'),
(538, '6062RS NTN'),
(539, '607 2RS'),
(540, '607 DD'),
(541, '607 ZZ KOYO'),
(542, '608 2RS KOYO'),
(543, '608 DD NSK'),
(544, '608 ZZ KOYO'),
(545, '608 CHINA'),
(546, '609 2RS'),
(547, '609 ZZ KOYO'),
(548, '60TB041B12'),
(549, '60TB0648'),
(550, '60TMK20'),
(551, '612949/612910'),
(552, '61904 SKF'),
(553, '62/28 2RS'),
(554, '6200ZZ'),
(555, '6200 2RS'),
(556, '6201 2RS KOYO'),
(557, '6201 ZZ NSK'),
(558, '6201-08'),
(559, '6201 LL KOYO'),
(560, '6201 ZZ 1/2'),
(561, '6202 DD NSK'),
(562, '6202 2RS NSK'),
(563, '6202 ZZ KOYO'),
(564, '6202-2RS KOYO'),
(565, '6202-LL NSK'),
(566, '6203 (5/8) 2RS'),
(567, '6203 2RS KOYO'),
(568, '6203 2RS SKF'),
(569, '6203 LL KSM 1/2'),
(570, '6203 LL NTN'),
(571, '6203 ZZ KOYO'),
(572, '6204-2RSCM'),
(573, '6204 ZZ KOYO'),
(574, '6204-2RS KOYO'),
(575, '6204 ZNR'),
(576, '6205 2RS koyo'),
(577, '6205 SKF'),
(578, '6205 LL'),
(579, '6205 ZNR KOYO'),
(580, '6205 ZZ KOYO'),
(581, '6206 2RS KOYO'),
(582, '6206 ZZ KOYO'),
(583, '6206 UB NTN'),
(584, '62062RS KOYO'),
(585, '62062RS SKF'),
(586, '6207 2RS KOYO'),
(587, '6207 2RSCM KOYO'),
(588, '6207 ZZ KOYO'),
(589, '6207 ZNR'),
(590, '6207 ZZ KOYO'),
(591, '6208 DD'),
(592, '6208 LL'),
(593, '6208 ZZ KOYO'),
(594, '6208 2RS KOYO'),
(595, '6208ZNR KOYO'),
(596, '6209 2RS KOYO'),
(597, '6209 LLKOYO'),
(598, '6209 SKF'),
(599, '6210 2NSE'),
(600, '6210 2RS SKF'),
(601, '6210 2RS KOYO'),
(602, '6210 zz KOYO'),
(603, '6210 SKF'),
(604, '6211 2RS KOYO'),
(605, '6211 DD NSK'),
(606, '6212 2RS NACHI'),
(607, '6212 ZZ NACHI'),
(608, '6212 ZNR'),
(609, '6213 ZZ'),
(610, '6213 2RS NSK'),
(611, '6214 2RS KOYO'),
(612, '6214-C3'),
(613, '6215-2RSC3'),
(614, '6216 2RS KOYO'),
(615, '6217 dd'),
(616, '6218ZZ'),
(617, '62204 2RS'),
(618, '6222 NTN'),
(619, '62303 KSM'),
(620, '62304 2rs'),
(621, '625 2RS NSK'),
(622, '625 ZZ NACHI'),
(623, 'BNF-10'),
(624, 'BWF35-3B'),
(625, 'C-014 AXLE LOCK'),
(626, 'C014 KOYO'),
(627, 'C06 KOYO'),
(628, 'CBU 442822'),
(629, 'CBU 543625'),
(630, 'CS203LL NTN'),
(631, 'CS203 2RS'),
(632, 'CT45-IS'),
(633, 'CT55-BL'),
(634, 'DAC286142AW WHEEL BRG. COROLLA 16V  KOYO'),
(635, 'DAC3564A-1CS31'),
(636, 'DAC4074CWCS73 AXLE'),
(637, 'DACF1050B HUB'),
(638, 'DF0555nc3'),
(639, 'DF08A/8LLCS'),
(640, 'DG154614 (336)'),
(641, 'DG15522RDD'),
(642, 'DG2568'),
(643, 'DG3062DW2RS  KOYO'),
(644, 'DG306725W2RS'),
(645, 'DG357222DW AXLE'),
(646, 'DG357226 FX KOYO'),
(647, 'DG3572DW2RK AXLE SAMURAI'),
(648, 'DG358021W KOYO'),
(649, 'DG358026WRK'),
(650, 'DG358028W2RS KOYO  REVO AXLE'),
(651, 'DG408027 2RS'),
(652, 'DG409026W 2RS'),
(653, 'E12'),
(654, 'EB1'),
(655, 'EE2 ZZ'),
(656, 'EE3 ZZ'),
(657, 'EE4 2RS'),
(658, 'EE5-2RS'),
(659, 'EE8'),
(660, 'EE9 ZZ'),
(661, 'EN 206-20'),
(662, 'EN206 NSK'),
(663, 'EN206-20 DR NSK'),
(664, 'FCR48-23 NTN'),
(665, 'FCR55-17-11 RELEASE BEARING L-300'),
(666, 'FCR62-26 NTN'),
(667, 'FRT WHEEL BEARING ESPERO-DAEWOO'),
(668, 'FS7109 FEDERAL'),
(669, 'GE12E'),
(670, 'GE20ES IKO'),
(671, 'GE25E'),
(672, 'GE30ES 2RS IKO'),
(673, 'GE30FO 2RS'),
(674, 'GE30GS 2RS'),
(675, 'GE35ES'),
(676, 'GE40ES IKO'),
(677, 'GE40XS/K'),
(678, 'GE50ES CHINA'),
(679, 'GE50GS JBS'),
(680, 'GE-60 2rs SKF'),
(681, 'GE-60ES IKO'),
(682, 'GE-60ES SKF'),
(683, 'GE70ES'),
(684, 'GE70ES SPHERICAL PLAIN IKO'),
(685, 'GE80ES 2RS SKF'),
(686, 'GE80ES 2RS1 IKO'),
(687, 'GEH-10C'),
(688, 'GEH-60ES'),
(689, 'GEZ-108ES 1-1/2'),
(690, 'GEZ-300ES SKF'),
(691, 'GEZ-312ES'),
(692, 'GEZ-63ES'),
(693, 'GS30487'),
(694, 'HCTRA0607 = ST3072'),
(695, 'HK1816'),
(696, 'HK 20/12 NTN'),
(697, 'HK2216 SKF'),
(698, 'HK 3026 IKO'),
(699, 'HK 3038'),
(700, 'HK1210'),
(701, 'HK1312'),
(702, 'HK1612'),
(703, 'HK16/22'),
(704, 'HK2010'),
(705, 'HK2020 TORRINGTON'),
(706, 'HK2212'),
(707, 'HK2220 SKF'),
(708, 'HK2816'),
(709, 'HM212010 TIMKEN'),
(710, 'HM212049/11 KOYO'),
(711, 'HM - 88010'),
(712, 'HM - 88043/10'),
(713, 'HM-89446/10'),
(714, 'HM - 89449/10 NSK'),
(715, 'HM 88649/10'),
(716, 'HM801346/10'),
(717, 'HM-803146'),
(718, 'HM803149/12'),
(719, 'HM88542/10'),
(720, 'HM-88610 TIMKEN'),
(721, 'HMK3530'),
(722, 'HR302/28'),
(723, 'HR322/22C'),
(724, 'H913849/10'),
(725, 'IR 30*35*29*9'),
(726, 'IS-9670'),
(727, 'J30-1'),
(728, 'JCB8012'),
(729, 'JH16283'),
(730, 'JL69349/10'),
(731, 'JLM506849/10'),
(732, 'JLM710949  KOYO'),
(733, 'JLM710910  TIMKIN CUP'),
(734, 'KT162212 NEEDLE'),
(735, 'KT253526'),
(736, 'K314NR'),
(737, 'L-20 20MM ID'),
(738, 'L-300 AXLE BEARING 57207'),
(739, 'L44649/10'),
(740, 'L44649/10 KO'),
(741, 'L44649/10 SKF'),
(742, 'L45449/10'),
(743, 'L68149/11 NTN '),
(744, 'LJ2'),
(745, 'LM102949/10 KOYO'),
(746, 'LM104948/10 KOYO TLC'),
(747, 'LM104949/11'),
(748, 'LM11749/10 KOYO'),
(749, 'LM11749/10 NTN'),
(750, 'LM11949/10 KOYO'),
(751, 'LM11949/10 NSK'),
(752, 'LM29710'),
(753, 'LM300849/11'),
(754, 'LM48548/10'),
(755, 'LM603049/11'),
(756, 'LM613449/10'),
(757, 'LM67048/10 KOYO'),
(758, 'LM814849/10'),
(759, 'LRT172020 IKO INNER'),
(760, 'LRT172223 IKO INNER SLEEVE'),
(761, 'LRT202525 IKO'),
(762, 'LRT202530 IKO INNER SLEEVE'),
(763, 'LRT202532 IKO INNER SLEEVE'),
(764, 'M12649/10'),
(765, 'M35-2 KOYO/  NSK SC070902J'),
(766, 'M-802011'),
(767, 'M-802048/11 KOYO'),
(768, 'M-84510/48 TIMKEN'),
(769, 'M-86647'),
(770, 'M-86649'),
(771, 'MAZDA 5083-33.07'),
(772, 'MAZDA 5083-33047'),
(773, 'MBS 5666683/93'),
(774, 'MBS R-1559'),
(775, 'MI-20'),
(776, 'MR16N'),
(777, 'MR24 NEEDLE'),
(778, 'MR385717'),
(779, 'MR406119 KOYO'),
(780, 'MRJ2J=CRM16'),
(782, 'carolino'),
(783, 'carolino2'),
(784, 'asa'),
(785, 'qwe'),
(786, 'asd'),
(787, '123'),
(788, 'poi');

-- --------------------------------------------------------

--
-- Table structure for table `notification`
--

CREATE TABLE IF NOT EXISTS `notification` (
  `notificationid` int(15) NOT NULL,
  `notificationdetails` longtext,
  `ndate` date DEFAULT NULL,
  `time` time DEFAULT NULL,
  PRIMARY KEY (`notificationid`)
) ENGINE=InnoDB DEFAULT CHARSET=latin1;

-- --------------------------------------------------------

--
-- Table structure for table `outgoingitems`
--

CREATE TABLE IF NOT EXISTS `outgoingitems` (
  `isdate` date NOT NULL,
  `time` time NOT NULL,
  `enteredby` varchar(20) NOT NULL,
  `quantity` int(11) NOT NULL,
  `inventoryid` int(11) NOT NULL
) ENGINE=InnoDB DEFAULT CHARSET=latin1;

--
-- Dumping data for table `outgoingitems`
--

INSERT INTO `outgoingitems` (`isdate`, `time`, `enteredby`, `quantity`, `inventoryid`) VALUES
('2015-10-26', '07:55:45', 'admin1', 1, 1449);

-- --------------------------------------------------------

--
-- Table structure for table `sales`
--

CREATE TABLE IF NOT EXISTS `sales` (
  `saleid` int(15) NOT NULL AUTO_INCREMENT,
  `saledate` date DEFAULT NULL,
  `noofitems` int(5) DEFAULT NULL,
  `saleprice` decimal(11,2) DEFAULT NULL,
  `clientid` int(15) DEFAULT NULL,
  PRIMARY KEY (`saleid`),
  KEY `fk_sales_clientid_idx` (`clientid`)
) ENGINE=InnoDB  DEFAULT CHARSET=latin1 AUTO_INCREMENT=2 ;

--
-- Dumping data for table `sales`
--

INSERT INTO `sales` (`saleid`, `saledate`, `noofitems`, `saleprice`, `clientid`) VALUES
(1, '2015-08-28', 1, '500.00', 1);

-- --------------------------------------------------------

--
-- Table structure for table `servicelogs`
--

CREATE TABLE IF NOT EXISTS `servicelogs` (
  `servicelogid` int(15) NOT NULL AUTO_INCREMENT,
  `serviceprice` decimal(11,2) DEFAULT NULL,
  `joborderid` int(15) DEFAULT NULL,
  `serviceid` int(15) DEFAULT NULL,
  PRIMARY KEY (`servicelogid`),
  KEY `fk_servicelogs_joborderid_idx` (`joborderid`),
  KEY `fk_servicelogs_serviceid_idx` (`serviceid`)
) ENGINE=InnoDB  DEFAULT CHARSET=latin1 AUTO_INCREMENT=16 ;

--
-- Dumping data for table `servicelogs`
--

INSERT INTO `servicelogs` (`servicelogid`, `serviceprice`, `joborderid`, `serviceid`) VALUES
(12, NULL, 201510261, 1),
(13, NULL, 201510261, 17),
(14, NULL, 201510262, 14),
(15, NULL, 201510262, 17);

-- --------------------------------------------------------

--
-- Table structure for table `services`
--

CREATE TABLE IF NOT EXISTS `services` (
  `serviceid` int(15) NOT NULL AUTO_INCREMENT,
  `servicename` varchar(300) DEFAULT NULL,
  `serviceprice` decimal(11,2) DEFAULT NULL,
  PRIMARY KEY (`serviceid`)
) ENGINE=InnoDB  DEFAULT CHARSET=latin1 AUTO_INCREMENT=30 ;

--
-- Dumping data for table `services`
--

INSERT INTO `services` (`serviceid`, `servicename`, `serviceprice`) VALUES
(1, 'Block Sleeving', '650.00'),
(2, 'Block Washing', '680.00'),
(3, 'Bloack Rebore', '620.00'),
(4, 'Block Hydrotest', '650.00'),
(5, 'Block Resurface', '700.00'),
(6, 'Block and Con Rod Refitting', '800.00'),
(7, 'Block Align Boring', '750.00'),
(8, 'Cylinder Head Hydrotest', '500.00'),
(9, 'Cylinder Head Resurface', '550.00'),
(10, 'Cylinder Head Washing ', '350.00'),
(11, 'Cylinder Head Cold Welding', '300.00'),
(12, 'Valve Seat Insert', '250.00'),
(13, 'Valve Gulda Replace', '550.00'),
(14, 'Valve Clearance', '380.00'),
(15, 'Crankshaft Regrind Mala and Con Rod', '400.00'),
(16, 'Crackshaft Gear Pull out', '300.00'),
(17, 'Crackshaft Check-up', '180.00'),
(18, 'Rear Oil Seal Build-up and and Machining', '380.00'),
(19, 'Front Oil Seal Build-up', '380.00'),
(20, 'Con Rod Arm Rebushing', '500.00'),
(21, 'Con Rod Arm Re-std', '400.00'),
(22, 'Con Rod Arm Alignment', '350.00'),
(23, 'Camshaft Bushing Replace', '900.00'),
(24, 'Piston Press In/Out', '370.00'),
(25, 'Piston Rearcove', '420.00'),
(26, 'Side Thrust Fabricate', '400.00'),
(27, 'Side Thrust Build-up and Machining', '360.00'),
(28, 'Idler Gear Rebushing', '350.00'),
(29, 'Pulley Re-sleeving-Build-up', '300.00');

-- --------------------------------------------------------

--
-- Table structure for table `servicesinventory`
--

CREATE TABLE IF NOT EXISTS `servicesinventory` (
  `serviceid` int(15) NOT NULL,
  `inventoryid` int(15) NOT NULL,
  PRIMARY KEY (`serviceid`,`inventoryid`),
  KEY `fk_servicesinventory_inventoryid_idx` (`inventoryid`)
) ENGINE=InnoDB DEFAULT CHARSET=latin1;

--
-- Dumping data for table `servicesinventory`
--

INSERT INTO `servicesinventory` (`serviceid`, `inventoryid`) VALUES
(1, 1);

-- --------------------------------------------------------

--
-- Table structure for table `users`
--

CREATE TABLE IF NOT EXISTS `users` (
  `userid` int(15) NOT NULL AUTO_INCREMENT,
  `username` varchar(50) DEFAULT NULL,
  `userpassword` varchar(50) DEFAULT NULL,
  `userfirstname` varchar(50) DEFAULT NULL,
  `userlastname` varchar(50) DEFAULT NULL,
  `usermidinitial` varchar(5) DEFAULT NULL,
  `usertype` varchar(50) DEFAULT NULL,
  PRIMARY KEY (`userid`)
) ENGINE=InnoDB  DEFAULT CHARSET=latin1 AUTO_INCREMENT=2 ;

--
-- Dumping data for table `users`
--

INSERT INTO `users` (`userid`, `username`, `userpassword`, `userfirstname`, `userlastname`, `usermidinitial`, `usertype`) VALUES
(1, 'admin1', 'admin1', 'Benedict', 'Tiong', 'S', 'admin');

--
-- Constraints for dumped tables
--

--
-- Constraints for table `engreconfab`
--
ALTER TABLE `engreconfab`
  ADD CONSTRAINT `fk_engreconfab_joborderid` FOREIGN KEY (`joborderid`) REFERENCES `joborders` (`joborderid`) ON DELETE NO ACTION ON UPDATE NO ACTION;

--
-- Constraints for table `fabrications`
--
ALTER TABLE `fabrications`
  ADD CONSTRAINT `fk_fabrications_joborderid` FOREIGN KEY (`joborderid`) REFERENCES `joborders` (`joborderid`) ON DELETE NO ACTION ON UPDATE NO ACTION;

--
-- Constraints for table `inventory`
--
ALTER TABLE `inventory`
  ADD CONSTRAINT `fk_inventory_modelid` FOREIGN KEY (`modelid`) REFERENCES `models` (`modelid`) ON DELETE NO ACTION ON UPDATE NO ACTION;

--
-- Constraints for table `itemlogs`
--
ALTER TABLE `itemlogs`
  ADD CONSTRAINT `fk_itemlogs_inventoryid` FOREIGN KEY (`inventoryid`) REFERENCES `inventory` (`inventoryid`) ON DELETE NO ACTION ON UPDATE NO ACTION,
  ADD CONSTRAINT `fk_itemlogs_joborderid` FOREIGN KEY (`joborderid`) REFERENCES `joborders` (`joborderid`) ON DELETE NO ACTION ON UPDATE NO ACTION,
  ADD CONSTRAINT `fk_itemlogs_saleid` FOREIGN KEY (`saleid`) REFERENCES `sales` (`saleid`) ON DELETE NO ACTION ON UPDATE NO ACTION;

--
-- Constraints for table `joborders`
--
ALTER TABLE `joborders`
  ADD CONSTRAINT `fk_joborders_clientid` FOREIGN KEY (`clientid`) REFERENCES `clients` (`clientid`) ON DELETE NO ACTION ON UPDATE NO ACTION;

--
-- Constraints for table `joemployees`
--
ALTER TABLE `joemployees`
  ADD CONSTRAINT `fk_joemployees_employeeid` FOREIGN KEY (`employeeid`) REFERENCES `employees` (`employeeid`) ON DELETE NO ACTION ON UPDATE NO ACTION,
  ADD CONSTRAINT `fk_joemployees_joborderid` FOREIGN KEY (`joborderid`) REFERENCES `joborders` (`joborderid`) ON DELETE NO ACTION ON UPDATE NO ACTION;

--
-- Constraints for table `sales`
--
ALTER TABLE `sales`
  ADD CONSTRAINT `fk_sales_clientid` FOREIGN KEY (`clientid`) REFERENCES `clients` (`clientid`) ON DELETE NO ACTION ON UPDATE NO ACTION;

--
-- Constraints for table `servicelogs`
--
ALTER TABLE `servicelogs`
  ADD CONSTRAINT `fk_servicelogs_joborderid` FOREIGN KEY (`joborderid`) REFERENCES `joborders` (`joborderid`) ON DELETE NO ACTION ON UPDATE NO ACTION,
  ADD CONSTRAINT `fk_servicelogs_serviceid` FOREIGN KEY (`serviceid`) REFERENCES `services` (`serviceid`) ON DELETE NO ACTION ON UPDATE NO ACTION;

--
-- Constraints for table `servicesinventory`
--
ALTER TABLE `servicesinventory`
  ADD CONSTRAINT `fk_servicesinventory_inventoryid` FOREIGN KEY (`inventoryid`) REFERENCES `inventory` (`inventoryid`) ON DELETE NO ACTION ON UPDATE NO ACTION,
  ADD CONSTRAINT `fk_servicesinventory_serviceid` FOREIGN KEY (`serviceid`) REFERENCES `services` (`serviceid`) ON DELETE NO ACTION ON UPDATE NO ACTION;

/*!40101 SET CHARACTER_SET_CLIENT=@OLD_CHARACTER_SET_CLIENT */;
/*!40101 SET CHARACTER_SET_RESULTS=@OLD_CHARACTER_SET_RESULTS */;
/*!40101 SET COLLATION_CONNECTION=@OLD_COLLATION_CONNECTION */;
