-- MySQL dump 10.13  Distrib 5.6.23, for Win64 (x86_64)
--
-- Host: localhost    Database: top_ace_db
-- ------------------------------------------------------
-- Server version	5.6.12-log

/*!40101 SET @OLD_CHARACTER_SET_CLIENT=@@CHARACTER_SET_CLIENT */;
/*!40101 SET @OLD_CHARACTER_SET_RESULTS=@@CHARACTER_SET_RESULTS */;
/*!40101 SET @OLD_COLLATION_CONNECTION=@@COLLATION_CONNECTION */;
/*!40101 SET NAMES utf8 */;
/*!40103 SET @OLD_TIME_ZONE=@@TIME_ZONE */;
/*!40103 SET TIME_ZONE='+00:00' */;
/*!40014 SET @OLD_UNIQUE_CHECKS=@@UNIQUE_CHECKS, UNIQUE_CHECKS=0 */;
/*!40014 SET @OLD_FOREIGN_KEY_CHECKS=@@FOREIGN_KEY_CHECKS, FOREIGN_KEY_CHECKS=0 */;
/*!40101 SET @OLD_SQL_MODE=@@SQL_MODE, SQL_MODE='NO_AUTO_VALUE_ON_ZERO' */;
/*!40111 SET @OLD_SQL_NOTES=@@SQL_NOTES, SQL_NOTES=0 */;

--
-- Table structure for table `clients`
--

DROP TABLE IF EXISTS `clients`;
/*!40101 SET @saved_cs_client     = @@character_set_client */;
/*!40101 SET character_set_client = utf8 */;
CREATE TABLE `clients` (
  `clientid` int(15) NOT NULL AUTO_INCREMENT,
  `cllastname` varchar(50) DEFAULT NULL,
  `clfirstname` varchar(50) DEFAULT NULL,
  `clmidinitial` varchar(5) DEFAULT NULL,
  `clcelno` varchar(15) DEFAULT NULL,
  `clgender` enum('Male','Female') DEFAULT NULL,
  `claddress` varchar(300) DEFAULT NULL,
  `clsince` date DEFAULT NULL,
  PRIMARY KEY (`clientid`)
) ENGINE=InnoDB AUTO_INCREMENT=452 DEFAULT CHARSET=latin1;
/*!40101 SET character_set_client = @saved_cs_client */;

--
-- Dumping data for table `clients`
--

LOCK TABLES `clients` WRITE;
/*!40000 ALTER TABLE `clients` DISABLE KEYS */;
INSERT INTO `clients` VALUES (1,'Francisco','Trisha','M','09068535509','Female','IC 77, Poblacion, La Trinidad, Benguet','2014-02-13'),(3,'Ferreria','Kimberly','R','09169212756','Female','17, Pias, Mapandan, Pangasinan','2013-10-10'),(4,'Salvatore','Perry','B','09196478953','Male','23, Quezon Hill, Baguio City','2013-10-10'),(5,'Aquino','Bea','G','09124789624','Female','11, Poblacion, Sta. Barbara, Pangasinan','2015-10-10'),(6,'Corla','Elmo','F','09124796524','Male','01, New Lucban, Baguio City','2015-10-10'),(7,'Padlan','Alvin','I','09153479562','Female','99, Honeymoon Road, Baguio City','2013-10-10'),(8,'Villanueva','Aizyl Grace','R','09354789210','Female','18, Malanay, Manaoag, Pangasinan','2015-10-10'),(9,'Mamucod','Rico','M','09163254896','Male','12, Trancoville, Baguio City','2014-02-13'),(10,'Flora','Lyrenz','Y','09306123945','Male','87, Golden, Moncada, Tarlac City','2014-02-13'),(11,'Lomboy','Kissel','E','09154652560','Female','34, Aurora Hill, Baguio City','2014-02-13'),(12,'Gomez','Ron','M','09123255787','Male','IC 46, Poblacion, La Trinidad, Benguet','2013-01-28'),(13,'Guttierez','Elmo','N','09174375680','Male','15, Pias, Mapandan, Pangasinan','2013-01-28'),(14,'Soriano','Ellie','G','09082378523','Male','21, Quezon Hill, Baguio City','2013-01-28'),(15,'Ramos','Jane','H','09076754312','Female','18, Poblacion, Sta. Barbara, Pangasinan','2013-01-28'),(16,'Magsombol','Hanna','T','09490873636','Female','07, New Lucban, Baguio City','2013-01-28'),(17,'Brioso','Ken','R','09997226522','Male','11, Malanay, Manaoag, Pangasinan','2013-01-29'),(18,'Garcia','Ronald','E','09358288252','Male','19, Trancoville, Baguio City','2013-01-29'),(19,'Pacpaco','Faye','R','09990267527','Female','32, Aurora Hill, Baguio City','2013-01-29'),(20,'Reyes','Mario','A','09369347474','Male','12, Legarda Rd, Baguio City','2013-01-29'),(21,'De Castro','Mark','A','09773287997','Male',NULL,'2013-01-29'),(22,'Bobiles','Kurt','A','09076534787','Male','IC 13, Poblacion, La Trinidad, Benguet','2013-01-29'),(23,'Mayton','Henry','B','09178488404','Male','16, Pias, Mapandan, Pangasinan','2013-02-02'),(24,'De Vera','Josh','V','09359934747','Male','28, Quezon Hill, Baguio City','2013-02-02'),(25,'Abacos','Jessa','C','09253837383','Female','10, Poblacion, Sta. Barbara, Pangasinan','2013-02-02'),(26,'Tacisola','Pauleen','C','09948347348','Female','06, New Lucban, Baguio City','2013-02-02'),(27,'Ariola','Paul','D','09239565885','Male','88, Honeymoon Road, Baguio City','2013-02-03'),(28,'Smith','John','R','09170954556','Male','19, Malanay, Manaoag, Pangasinan','2013-02-03'),(29,'Gonzales','Jeric','Y','09207748467','Male','15, Trancoville, Baguio City','2013-02-03'),(30,'Versoza','Von','T','09189338993','Male','37, Aurora Hill, Baguio City','2013-02-03'),(31,'Buena','Bob','T','09490739362','Male','14, Legarda Rd, Baguio City','2013-02-04'),(32,'Sabatin','Niel','L','09159365549','Male',NULL,'2013-02-04'),(33,'Ortiz','Arthur','I','09307784644','Male','IC 24, Poblacion, La Trinidad, Benguet','2013-02-04'),(34,'Galo','Adan','O','09289384774','Male','11, Pias, Mapandan, Pangasinan','2013-02-08'),(35,'Torres','Sophia','B','09180374840','Female','33, Quezon Hill, Baguio City','2013-02-08'),(36,'Perez','Jack','H','09339900657','Male','22, Poblacion, Sta. Barbara, Pangasinan','2013-02-08'),(37,'Concepcion','Aiden','N','09127774930','Male','17, New Lucban, Baguio City','2013-02-08'),(38,'Abuan','Liam','A','09269373900','Male','23, Honeymoon Road, Baguio City','2013-02-10'),(39,'Piol','Emma','D','09730083689','Female','15, Malanay, Manaoag, Pangasinan','2013-02-10'),(40,'Ancheta','Lucas','C','09949930238','Male','03, Trancoville, Baguio City','2013-02-10'),(41,'Barcelona','Noah','A','09428838030','Male','38, Aurora Hill, Baguio City','2013-02-10'),(42,'Besas','Olivia','E','09058332889','Female',NULL,'2013-02-11'),(43,'Luna','Mason','A','09169383993','Male','IC 90, Poblacion, La Trinidad, Benguet','2013-02-11'),(44,'Domingo','Jayden','A','09087676835','Male','09, Pias, Mapandan, Pangasinan','2013-02-11'),(45,'Rosales','Ethan','B','09359266398','Male','71, Quezon Hill, Baguio City','2013-02-11'),(46,'De Guzman','Mia','A','09180334778','Female','12, Poblacion, Sta. Barbara, Pangasinan','2013-02-16'),(47,'Sabado','Isabel','A','09808672722','Female','06, New Lucban, Baguio City','2013-02-16'),(48,'Uy','Ava','M','09339377239','Female','24, Honeymoon Road, Baguio City','2013-02-16'),(49,'Huat','Caden','N','09173083289','Male','29, Malanay, Manaoag, Pangasinan','2013-02-16'),(50,'Donna','Alden','F','09296373726','Male','50, Trancoville, Baguio City','2013-02-16'),(51,'Bartolome','Jackson','D','09206373873','Male','48, Aurora Hill, Baguio City','2013-02-17'),(52,'Tan','Logan','J','09083939783','Male','16, Legarda Rd, Baguio City','2013-02-17'),(53,'Sy','Benjie','K','09079386230','Male',NULL,'2013-02-19'),(54,'Roxas','Lily','E','09123298923','Female','IC 18, Poblacion, La Trinidad, Benguet','2013-02-19'),(55,'Aquino','Benjie','R','09123298924','Male','16, Pias, Mapandan, Pangasinan','2013-02-19'),(56,'Gracia','Michael','W','09123298925','Male','32, Quezon Hill, Baguio City','2013-02-20'),(57,'Buena','Zoe','A','09123288926','Female','36, Poblacion, Sta. Barbara, Pangasinan','2013-02-20'),(58,'Andres','Ryan','A','09123298927','Male','09, New Lucban, Baguio City','2013-02-20'),(59,'Camdas','Alex','B','09123298928','Male','15, Honeymoon Road, Baguio City','2013-02-21'),(60,'Carinio','Alexander','A','09123298929','Male','328, Malanay, Manaoag, Pangasinan','2013-02-21'),(61,'Abueda','Emily','G','09169335821','Female','71, Trancoville, Baguio City','2013-02-21'),(62,'Zulueta','Elijah','K','09097756380','Male','62, Aurora Hill, Baguio City','2013-02-22'),(63,'Sanchez','James','F','09097756381','Male','17, Legarda Rd, Baguio City','2013-02-22'),(64,'Biason','William','D','09097756382','Male',NULL,'2013-02-22'),(65,'Pascua','James','S','09169335822','Male','IC 66, Poblacion, La Trinidad, Benguet','2013-02-24'),(66,'Biasura','Oliver','S','09169335823','Male','184, Pias, Mapandan, Pangasinan','2013-02-24'),(67,'Tulid','Lilah','P','09097756383','Female','13, Quezon Hill, Baguio City','2013-02-24'),(68,'Nuesca','Matthew','R','09097756384','Male','28, Poblacion, Sta. Barbara, Pangasinan','2013-02-24'),(69,'Trillo','Madison','A','09097756385','Female','14, New Lucban, Baguio City','2013-02-25'),(70,'Pablo','Madelyn','A','09169335824','Female','165, Honeymoon Road, Baguio City','2013-02-25'),(71,'Lucio','Abigail','D','09097756386','Female','54, Malanay, Manaoag, Pangasinan','2013-02-25'),(72,'Santos','Daniel','A','09097756387','Male','90, Trancoville, Baguio City','2013-02-25'),(73,'Miramontes','Luke','A','09097756388','Male','38, Aurora Hill, Baguio City','2013-02-25'),(74,'Inocencio','Brayden','B','09169335825','Male','99, Legarda Rd, Baguio City','2013-02-25'),(75,'Adona','Jayce','B','09097756389','Male',NULL,'2013-02-26'),(76,'Navarro','Madelyn','T','09160273900','Female','IC 14, Poblacion, La Trinidad, Benguet','2013-02-26'),(77,'Labarejos','Abigail','N','09160273901','Female','121, Pias, Mapandan, Pangasinan','2013-02-26'),(78,'Labre','Carter','B','09169358206','Male','20, Quezon Hill, Baguio City','2013-02-26'),(79,'dela Cruz','Dylan','V','09160773902','Male','24, Poblacion, Sta. Barbara, Pangasinan','2013-02-26'),(80,'Bautista','Gabriel','A','09169735827','Male','68, New Lucban, Baguio City','2013-02-28'),(81,'Ocampo','Joshua','A','09160773903','Male','94, Honeymoon Road, Baguio City','2013-02-28'),(82,'del Rosario','Nicholas','M','09160773904','Male','06, Malanay, Manaoag, Pangasinan','2013-02-28'),(83,'Gonzales','Isaac','A','09160773905','Male','611, Trancoville, Baguio City','2013-02-28'),(84,'Aquino','Owen','B','09169735828','Male','359, Aurora Hill, Baguio City','2013-02-28'),(85,'Lopez','Nathan','A','09160773906','Male','321, Legarda Rd, Baguio City','2013-02-28'),(86,'Mendoza','Grayson','A','09160773907','Male',NULL,'2013-02-28'),(87,'Pascual','Eli','C','09166773908','Male','IC 58, Poblacion, La Trinidad, Benguet','0000-00-00'),(88,'Castillo','Landon','V','09160773909','Male','18, Pias, Mapandan, Pangasinan','0000-00-00'),(89,'Diaz','Andrew','W','09290778480','Male','36, Quezon Hill, Baguio City','0000-00-00'),(90,'Rivera','Max','R','09290778481','Male','243, Poblacion, Sta. Barbara, Pangasinan','2013-03-03'),(91,'Mercado','Samuel','R','09290778482','Male','63, New Lucban, Baguio City','2013-03-03'),(92,'Morales','Aubrey','R','09290778484','Female','201, Honeymoon Road, Baguio City','2013-03-03'),(93,'Fernandez','Charlotte','T','09290778485','Female','12, Malanay, Manaoag, Pangasinan','2013-03-03'),(94,'Gonzaga','Amelia','T','09290778486','Female','10, Trancoville, Baguio City','2013-03-03'),(95,'Marquez','Gavin','B','09290778487','Male','46, Aurora Hill, Baguio City','2013-03-03'),(96,'Rodriguez','Wyatt','M','09290778488','Male','08, Legarda Rd, Baguio City','2013-03-03'),(97,'De Leon','Christian','N','09290784809','Male',NULL,'2013-03-02'),(98,'Abad','Hunter','O','09172727820','Male','IC 09, Poblacion, La Trinidad, Benguet','2013-03-02'),(99,'Agoncillo','Cameron','P','09183727821','Male','14, Pias, Mapandan, Pangasinan','2013-03-02'),(100,'Aguilar','Evan','P','09183727822','Male','45, Quezon Hill, Baguio City','2013-03-02'),(101,'Almeda','Charlie','P','09183727823','Male','186, Poblacion, Sta. Barbara, Pangasinan','2013-03-02'),(102,'Alonso','David','M','09187627824','Male','83, New Lucban, Baguio City','2013-03-02'),(103,'Alunan','Sebastian','D','09183727825','Male','92, Honeymoon Road, Baguio City','2013-03-02'),(104,'Alvarez','Joseph','A','09182727826','Male','423, Malanay, Manaoag, Pangasinan','2013-03-04'),(105,'Balmori','Dominic','A','09182727827','Male','54, Trancoville, Baguio City','2013-03-04'),(106,'Baretto','Anthony','V','09182727828','Male','78, Aurora Hill, Baguio City','2013-03-04'),(107,'Bathan','Colton','A','09182727829','Male','95, Legarda Rd, Baguio City','2013-03-04'),(108,'Binetiz','John','N','09493567350','Male',NULL,'2013-03-04'),(109,'Bokingko','Tyler','B','09493567351','Male','IC 78, Poblacion, La Trinidad, Benguet','2013-03-04'),(110,'Borromeo','Ella','C','09493567352','Female','74, Pias, Mapandan, Pangasinan','2013-03-05'),(111,'Buencamino','Kaylee','A','09493567338','Female','89, Quezon Hill, Baguio City','2013-03-05'),(112,'Butao','Avery','N','09490037354','Female','57, Poblacion, Sta. Barbara, Pangasinan','2013-03-05'),(113,'Echavez','Zachary','A','09490087355','Male','145, New Lucban, Baguio City','2013-03-05'),(114,'Fabella','Thomas','U','09490037356','Male','645, Honeymoon Road, Baguio City','2013-03-05'),(115,'Kalaw','Aaliyah','D','09490037357','Female','08, Malanay, Manaoag, Pangasinan','2013-03-06'),(116,'Laconico','Julian','A','09490037357','Male','14, Trancoville, Baguio City','2013-03-06'),(117,'Macapagal','Levi','B','09490037358','Male','78, Aurora Hill, Baguio City','2013-03-06'),(118,'Napkil','Adam','O','09490037359','Male','26, Legarda Rd, Baguio City','2013-03-06'),(119,'Ongpin','Isaiah','F','09289975460','Male',NULL,'2013-03-06'),(120,'de la Paz','Alex','S','09289975461','Male','IC 458, Poblacion, La Trinidad, Benguet','2013-03-06'),(121,'Ranillo','Hailey','W','09289975462','Female','17, Pias, Mapandan, Pangasinan','2013-03-06'),(122,'Recto','Aaron','C','09289975463','Male','19, Quezon Hill, Baguio City','2013-03-07'),(123,'Salvador','Parker','V','09289975464','Male','21, Poblacion, Sta. Barbara, Pangasinan','2013-03-06'),(124,'Samaco','Cooper','I','09289975465','Male','20, New Lucban, Baguio City','2013-03-06'),(125,'Tagle','Hannah','J','09289975466','Female','107, Honeymoon Road, Baguio City','2013-03-06'),(126,'Tanchangco','Miles','O','09289975467','Male','507, Malanay, Manaoag, Pangasinan','2013-04-05'),(127,'Unson','Chase','O','09289975468','Male','301, Trancoville, Baguio City','2013-04-05'),(128,'Valdez','Addison','I','09289975469','Female','46, Aurora Hill, Baguio City','2013-04-05'),(129,'Vallarta','Riley','J','09169938560','Female','301, Legarda Rd, Baguio City','2013-04-05'),(130,'Yap','Muhammad','I','09169938561','Male',NULL,'2013-04-05'),(131,'Zamora','Christopher','H','09169978562','Male','IC 95, Poblacion, La Trinidad, Benguet','2013-04-05'),(132,'Zobel','Blake','A','09169738563','Male','82, Pias, Mapandan, Pangasinan','2013-04-05'),(133,'Apacible','Austin','A','09169738564','Male','88, Quezon Hill, Baguio City','2013-04-07'),(134,'Bathan','Jordan','A','09169738565','Male','19, Poblacion, Sta. Barbara, Pangasinan','2013-04-07'),(135,'Benitez','Leo','L','09169738566','Male','52, New Lucban, Baguio City','2013-04-07'),(136,'Arcinas','Jonathan','N','09169738567','Male','108, Honeymoon Road, Baguio City','2013-04-07'),(137,'Arceo','Adrian','T','09169738568','Male','97, Malanay, Manaoag, Pangasinan','2013-04-07'),(138,'Arevalo','Colin','R','09169738569','Male','14, Trancoville, Baguio City','2013-04-07'),(139,'Arroyo','Harper','E','09058443210','Female','58, Aurora Hill, Baguio City','2013-04-07'),(140,'Aspillera','Hudson','S','09058443211','Male','93, Legarda Rd, Baguio City','2013-04-07'),(141,'Lacson','Ian','J','09058443212','Male',NULL,'2013-04-03'),(142,'Avellana','Xavier','K','09058443213','Male','IC 68, Poblacion, La Trinidad, Benguet','2013-04-03'),(143,'Ayala','Camden','A','09058443214','Male','51, Pias, Mapandan, Pangasinan','2013-04-03'),(144,'Avelino','Aria','A','09058443215','Female','295, Quezon Hill, Baguio City','2013-04-03'),(145,'Calma','Arianna','P','09058443216','Female','118, Poblacion, Sta. Barbara, Pangasinan','2013-04-03'),(146,'Canonigo','Tristan','J','09058443217','Male','53, New Lucban, Baguio City','2013-04-03'),(147,'Castro','Carson','H','09058443218','Male','98, Honeymoon Road, Baguio City','2013-04-03'),(148,'Catibayan','Jason','B','09058443219','Male','73, Malanay, Manaoag, Pangasinan','2013-04-06'),(149,'De la Cerna','Nolan','N','09170828920','Male','63, Trancoville, Baguio City','2013-04-06'),(150,'Delgado','Riley','A','09170828921','Male','399, Aurora Hill, Baguio City','2013-04-06'),(151,'Dominguez','Lincoln','H','09170828922','Male','77, Legarda Rd, Baguio City','2013-04-06'),(152,'Duterte','Brody','V','09170828923','Male',NULL,'2013-04-06'),(153,'Estrada','Bentley','A','09170828924','Male','IC 401, Poblacion, La Trinidad, Benguet','2013-04-06'),(154,'Falcon','Nathaniel','H','09170828925','Male','94, Pias, Mapandan, Pangasinan','2013-04-07'),(155,'Felipe','Josiah','E','09170828926','Male','72, Quezon Hill, Baguio City','2013-04-07'),(156,'Ejercito','Declan','R','09170828927','Male','91, Poblacion, Sta. Barbara, Pangasinan','2013-04-07'),(157,'Fernando','Jake','Y','09170828928','Male','19, New Lucban, Baguio City','2013-04-07'),(158,'Bernardo','Lila','M','09170828929','Female','85, Honeymoon Road, Baguio City','2013-04-07'),(159,'Estrada','Asher','R','09120067490','Male','66, Malanay, Manaoag, Pangasinan','2013-04-07'),(160,'Florentino','Jeremiah','A','09120067491','Male','91, Trancoville, Baguio City','2013-04-08'),(161,'Flores','Cole','D','09120067492','Male','07, Aurora Hill, Baguio City','2013-04-08'),(162,'Guerrero','Mateo','S','09120067493','Male','97, Legarda Rd, Baguio City','2013-04-08'),(163,'Hintiveros','Evelyn','A','09120067494','Female',NULL,'2013-04-08'),(164,'Isaac','Micah','M','09120067495','Male','IC 337, Poblacion, La Trinidad, Benguet','2013-04-08'),(165,'Hizon','Elliot','A','09120067496','Male','283, Pias, Mapandan, Pangasinan','2013-04-08'),(166,'Grivialde','Kent','S','09120067497','Male','72, Quezon Hill, Baguio City','2013-04-10'),(167,'Ibanez','Clark','A','09120067498','Male','98, Poblacion, Sta. Barbara, Pangasinan','2013-04-10'),(168,'Imperal','Renz','G','09120067499','Male','15, New Lucban, Baguio City','2013-04-10'),(169,'Joaquin','Jordan','A','09337466350','Male','185, Honeymoon Road, Baguio City','2013-04-10'),(170,'Jose','Chris','A','09337466351','Male','46, Malanay, Manaoag, Pangasinan','2013-04-10'),(171,'Hizon','Jeric','B','09337466352','Male','03, Trancoville, Baguio City','2013-04-10'),(172,'Cuison','Jayrous','H','09337466353','Male','274, Aurora Hill, Baguio City','2013-04-12'),(173,'Sampaga','Kirk','B','09337466354','Male','85, Legarda Rd, Baguio City','2013-04-12'),(174,'Katigbak','Adalyn','N','09337466355','Female',NULL,'2013-04-12'),(175,'Lacsamana','Owen','T','09337466356','Male','IC 257, Poblacion, La Trinidad, Benguet','2013-04-12'),(176,'Lapid','Willy','T','09337466357','Male','75, Pias, Mapandan, Pangasinan','2013-04-12'),(177,'Lara','Grace','O','09337466358','Female','224, Quezon Hill, Baguio City','2013-04-12'),(178,'Laurel','Marvin','P','09337466359','Male','59, Poblacion, Sta. Barbara, Pangasinan','2013-04-20'),(179,'Ledesma','Marky','N','09200063460','Male','85, New Lucban, Baguio City','2013-04-20'),(180,'Macaraeg','Marco','O','09205063461','Male','626, Honeymoon Road, Baguio City','2013-04-20'),(181,'Legarda','Brooklyn','A','09205063462','Female','08, Malanay, Manaoag, Pangasinan','2013-04-20'),(182,'Magdaluyo','Noriel','B','09205063463','Male','85, Trancoville, Baguio City','2013-04-20'),(183,'Lim','Lemar','R','09205063464','Male','46, Aurora Hill, Baguio City','2013-04-20'),(184,'Magdangal','Garry','E','09205063465','Male','80, Legarda Rd, Baguio City','2013-04-20'),(185,'Manalo','Bob','S','09205063466','Male',NULL,'2013-04-20'),(186,'Miranda','Ellisa','A','09205063467','Female','IC 361, Poblacion, La Trinidad, Benguet','2013-04-20'),(187,'Marcos','David','N','09254063468','Male','09, Pias, Mapandan, Pangasinan','2013-04-21'),(188,'Napkil','Dave','K','09205063469','Male','65, Quezon Hill, Baguio City','2013-04-21'),(189,'Maronilla','Seff','L','09083637390','Male','77, Poblacion, Sta. Barbara, Pangasinan','2013-04-21'),(190,'Nepomuceno','Steffan','P','09083937391','Male','91, New Lucban, Baguio City','2013-04-21'),(191,'Martinez','Juan','T','09083937392','Male','101, Honeymoon Road, Baguio City','2013-04-21'),(192,'Neri','Norman','V','09083937393','Male','163, Malanay, Manaoag, Pangasinan','2013-04-21'),(193,'Mateo','Anna','A','09083937394','Female','404, Trancoville, Baguio City','2013-04-21'),(194,'Noquera','Kaitlyn','N','09083937395','Female','72, Aurora Hill, Baguio City','2013-04-22'),(195,'Medina','Augustin','A','09083937396','Male','138, Legarda Rd, Baguio City','2013-04-22'),(196,'Mojika','Keith','N','09083937397','Male',NULL,'2013-04-22'),(197,'Ongpin','Winnie','A','09083937398','Male','IC 68, Poblacion, La Trinidad, Benguet','2013-04-22'),(198,'Osmena','Paul','M','09083937399','Male','392, Pias, Mapandan, Pangasinan','2013-04-22'),(199,'Pineda','Jarred','A','09107864560','Male','73, Quezon Hill, Baguio City','2013-04-22'),(200,'Palma','Robie','G','09107864561','Male','96, Poblacion, Sta. Barbara, Pangasinan','2013-04-22'),(201,'Ongsiako','Jose','G','09107864562','Male','130, New Lucban, Baguio City','2013-04-23'),(202,'Pidal','Richard','T','09107864563','Male','274, Honeymoon Road, Baguio City','2013-04-23'),(203,'Quizon','Ronie','A','09107864564','Male','71, Malanay, Manaoag, Pangasinan','2013-04-23'),(204,'Papa','Isabelle','B','09107864565','Female','75, Trancoville, Baguio City','2013-04-23'),(205,'Noble','Ronaldo','N','09107864566','Male','96, Aurora Hill, Baguio City','2013-04-23'),(206,'Paras','Cedie','B','09107864567','Male','11, Legarda Rd, Baguio City','2013-04-23'),(207,'Palaez','Nico','A','09107864568','Male',NULL,'2013-04-24'),(208,'Quisumbing','Bernard','M','09107864569','Male','IC 396, Poblacion, La Trinidad, Benguet','2013-04-24'),(209,'Recto','Joselito','R','09185595350','Male','84, Pias, Mapandan, Pangasinan','2013-04-24'),(210,'Ramulla','Sophie','C','09185595351','Female','27, Quezon Hill, Baguio City','2013-04-24'),(211,'Reyes','Cedric','S','09185595352','Male','15, Poblacion, Sta. Barbara, Pangasinan','2013-04-24'),(212,'Reynaldo','Carmelo','D','09185595353','Male','75, New Lucban, Baguio City','2013-04-24'),(213,'Illa','Josh','G','09185595354','Male','83, Honeymoon Road, Baguio City','2013-04-25'),(214,'Rizal','Jam','H','09185595355','Male','64, Malanay, Manaoag, Pangasinan','2013-04-25'),(215,'Roces','Carlito','K','09185595356','Male','75, Trancoville, Baguio City','2013-04-25'),(216,'Trongco','Scarlett','O','09185595357','Female','74, Aurora Hill, Baguio City','2013-04-25'),(217,'Balmaceda','Anton','P','09185595358','Male','49, Legarda Rd, Baguio City','2013-04-25'),(218,'Balneg','Evo','Y','09185595359','Male',NULL,'2013-04-25'),(219,'Raymundo','Natalie','T','09498852340','Female','IC 513, Poblacion, La Trinidad, Benguet','2013-04-26'),(220,'Tanchangco','Mike','E','09498852341','Male','61, Pias, Mapandan, Pangasinan','2013-04-26'),(221,'Romualdez','Jake','W','09498852342','Male','94, Quezon Hill, Baguio City','2013-04-26'),(222,'Tantoco','Antonio','A','09498852343','Male','50, Poblacion, Sta. Barbara, Pangasinan','2013-04-26'),(223,'Romulo','Tristan','B','09498852344','Male','49, New Lucban, Baguio City','2013-04-26'),(224,'Tionson','Johnny','N','09498852345','Male','53, Honeymoon Road, Baguio City','2013-04-26'),(225,'San Diego','Uno','M','09498852346','Male','86, Malanay, Manaoag, Pangasinan','2013-04-27'),(226,'Santiago','Marco','K','09498852347','Male','26, Trancoville, Baguio City','2013-04-27'),(227,'Tinio','Leah','P','09498852348','Female','36, Aurora Hill, Baguio City','2013-04-27'),(228,'Trinidad','Manny','U','09498804349','Male','100, Legarda Rd, Baguio City','2013-04-27'),(229,'Tuason','Job','H','09087754950','Male',NULL,'2013-04-27'),(230,'Vallarta','Nahum','B','09087754951','Male','IC 53, Poblacion, La Trinidad, Benguet','2013-04-27'),(231,'Vargas','Sarah','A','09087754952','Female','14, Pias, Mapandan, Pangasinan','2013-04-27'),(232,'Vera','Zack','C','09087754953','Male','34, Quezon Hill, Baguio City','2013-04-27'),(233,'Vidal','Jeremy','A','09087754954','Male','106, Poblacion, Sta. Barbara, Pangasinan','2013-04-28'),(234,'Besonia','Nora','T','09087754955','Female','74, New Lucban, Baguio City','2013-04-28'),(235,'Villaflor','Jerimiah','R','09087854956','Male','86, Honeymoon Road, Baguio City','2013-04-28'),(236,'Villamor','Joel','E','09087754957','Male','22, Malanay, Manaoag, Pangasinan','2013-04-28'),(237,'Tuason','Mila','D','09087754958','Female','95, Trancoville, Baguio City','2013-04-28'),(238,'Serrano','Julius','S','09087754959','Male','88, Aurora Hill, Baguio City','2013-04-28'),(239,'Sio','Stan','H','09126446460','Male','27, Legarda Rd, Baguio City','2013-04-28'),(240,'Sison','Paulito','A','09126446461','Male',NULL,'2013-04-28'),(241,'Zubiri','Cley','B','09126446462','Male','IC 69, Poblacion, La Trinidad, Benguet','2013-04-29'),(242,'Solis','Ray','N','09126446463','Male','76, Pias, Mapandan, Pangasinan','2013-04-29'),(243,'Viola','Elizabeth','T','09126446464','Female','94, Quezon Hill, Baguio City','2013-04-29'),(244,'Rufino','Gino','B','09126446465','Male','116, Poblacion, Sta. Barbara, Pangasinan','2013-04-29'),(245,'Trinidad','Roy','B','09126446466','Male','99, New Lucban, Baguio City','2013-04-29'),(246,'Ruiz','Royce','N','09126446467','Male','80, Honeymoon Road, Baguio City','2013-04-29'),(247,'Verago','Arnold','A','09126446468','Male','135, Malanay, Manaoag, Pangasinan','2013-04-29'),(248,'Vellegas','Van','S','09126446469','Male','12, Trancoville, Baguio City','2013-04-29'),(249,'Yan','Arvel','S','09105574670','Male','78, Aurora Hill, Baguio City','2013-04-29'),(250,'Siguion','Yex','R','09105574671','Male','83, Legarda Rd, Baguio City','2013-04-29'),(251,'Singueo','Alex','R','09105574672','Male',NULL,'2013-04-30'),(252,'Bajo','Clavin','F','09105574673','Male','IC 403, Poblacion, La Trinidad, Benguet','2013-04-30'),(253,'Salazar','Arthur','G','09105574674','Male','113, Pias, Mapandan, Pangasinan','2013-04-30'),(254,'Andrada','Xander','O','09105574675','Male','73, Quezon Hill, Baguio City','2013-04-30'),(255,'de los Reyes','Cecil','P','09105574676','Male','64, Poblacion, Sta. Barbara, Pangasinan','2013-04-30'),(256,'de los Santos','Tyrone','V','09105574677','Male','201, New Lucban, Baguio City','2013-04-30'),(257,'Lawis','Casper','B','09105574678','Male','40, Honeymoon Road, Baguio City','2013-04-30'),(258,'Abat','Colin','A','09105574679','Male','61, Malanay, Manaoag, Pangasinan','2013-05-01'),(259,'Abacan','Crispin','A','09056674740','Male','81, Trancoville, Baguio City','2013-05-01'),(260,'Buccay','Lillian','S','09056674741','Female','85, Aurora Hill, Baguio City','2013-05-01'),(261,'Bugtong','Ferdinand','R','09056674742','Male','17, Legarda Rd, Baguio City','2013-05-01'),(262,'Bulong','Clide','D','09056674743','Male',NULL,'2013-05-01'),(263,'Nuneves','Craig','A','09056674744','Male','IC 89, Poblacion, La Trinidad, Benguet','2013-05-01'),(264,'Manigo','Darell','S','09056674745','Male','84, Pias, Mapandan, Pangasinan','2013-05-01'),(265,'Kalaw','Dennis','E','09056674746','Male','74, Quezon Hill, Baguio City','2013-05-01'),(266,'Bugas','Dixon','C','09056674747','Male','15, Poblacion, Sta. Barbara, Pangasinan','2013-05-03'),(267,'Buhain','Dillan','V','09056674748','Male','86, New Lucban, Baguio City','2013-05-03'),(268,'Bulosan','Donald','D','09056674749','Male','96, Honeymoon Road, Baguio City','2013-05-03'),(269,'Bonzo','Rick','D','09067755560','Male','264, Malanay, Manaoag, Pangasinan','2013-05-03'),(270,'Balolong','Kylie','B','09067755561','Female','97, Trancoville, Baguio City','2013-05-03'),(271,'Damo','Ronel','G','09067755562','Male','34, Aurora Hill, Baguio City','2013-05-03'),(272,'Dampat','Onie','M','09067755563','Male','10, Legarda Rd, Baguio City','2013-05-04'),(273,'Dalig','Audrey','N','09067755564','Female',NULL,'2013-05-04'),(274,'Holis','Dwayne','A','09067755565','Male','IC 77, Poblacion, La Trinidad, Benguet','2013-05-04'),(275,'Permalino','Edwin','J','09067755566','Male','17, Pias, Mapandan, Pangasinan','2013-05-04'),(276,'Madayag','Earl','K','09067755567','Male','23, Quezon Hill, Baguio City','2013-05-04'),(277,'Garlitos','Edon','A','09067755568','Male','11, Poblacion, Sta. Barbara, Pangasinan','2013-05-04'),(278,'Dulig','Elmer','N','09067755569','Male','01, New Lucban, Baguio City','2013-05-04'),(279,'Maramba','Erwin','N','09338074670','Male','99, Honeymoon Road, Baguio City','2013-05-05'),(280,'Zales','Esmond','A','09338074671','Male','18, Malanay, Manaoag, Pangasinan','2013-05-05'),(281,'Espelita','Lucy','J','09338074672','Female','12, Trancoville, Baguio City','2013-05-05'),(282,'Espiritu','Ivan','K','09338074673','Male','34, Aurora Hill, Baguio City','2013-05-05'),(283,'Tanglao','Eugene','A','09338074674','Male','10, Legarda Rd, Baguio City','2013-05-05'),(284,'Poe','Maya','R','09338074675','Female',NULL,'2013-05-06'),(285,'Ayala','Annabelle','I','09338074676','Female','IC 77, Poblacion, La Trinidad, Benguet','2013-05-06'),(286,'Carunongan','Gabriel','O','09338074677','Male','17, Pias, Mapandan, Pangasinan','2013-05-06'),(287,'Rabarra','Gregory','P','09338074678','Male','23, Quezon Hill, Baguio City','2013-05-06'),(288,'Gongson','Gerald','I','09338074679','Male','11, Poblacion, Sta. Barbara, Pangasinan','2013-05-06'),(289,'Gondayao','Garret','I','09217765980','Male','01, New Lucban, Baguio City','2013-05-07'),(290,'Apostol','Hayden','A','09217765981','Male','99, Honeymoon Road, Baguio City','2013-05-07'),(291,'Molina','Hector','K','09217765982','Male','18, Malanay, Manaoag, Pangasinan','2013-05-07'),(292,'Hiles','Makayla','B','09217765983','Female','12, Trancoville, Baguio City','2013-05-07'),(293,'Guiles','Jasper','T','09217765984','Male','34, Aurora Hill, Baguio City','2013-05-07'),(294,'Ahorro','Harold','K','09217765985','Male','10, Legarda Rd, Baguio City','2013-05-07'),(295,'Querro','Igor','P','09217765986','Male',NULL,'2013-05-09'),(296,'Mendez','Gabriella','E','09217765987','Female','IC 77, Poblacion, La Trinidad, Benguet','2013-05-09'),(297,'Abeleda','Ives','R','09217765988','Male','17, Pias, Mapandan, Pangasinan','2013-05-09'),(298,'Igana','Ian','B','09217765989','Male','23, Quezon Hill, Baguio City','2013-05-09'),(299,'Acasio','Rexter','A','09280977220','Male','11, Poblacion, Sta. Barbara, Pangasinan','2013-05-09'),(300,'Agne','Irvin','J','09280977221','Male','01, New Lucban, Baguio City','2013-05-09'),(301,'Abella','Elena','M','09280977222','Female','99, Honeymoon Road, Baguio City','2013-05-10'),(302,'Rigonan','Dex','D','09280977223','Male','18, Malanay, Manaoag, Pangasinan','2013-05-10'),(303,'Abalos','Isaih','S','09280977224','Male','12, Trancoville, Baguio City','2013-05-10'),(304,'Ribaya','Homer','R','09280977225','Male','34, Aurora Hill, Baguio City','2013-05-10'),(305,'Abad','Victoria','R','09280977226','Female','10, Legarda Rd, Baguio City','2013-05-10'),(306,'Agoncillo','Hernan','D','09280977227','Male',NULL,'2013-05-10'),(307,'Villania','Claire','S','09280977228','Female','IC 77, Poblacion, La Trinidad, Benguet','2013-05-10'),(308,'Dantes','Joe','R','09280977229','Male','17, Pias, Mapandan, Pangasinan','2013-05-11'),(309,'Reyes','Ken','P','09058834010','Male','23, Quezon Hill, Baguio City','2013-05-11'),(310,'Justo','Drick','M','09058834011','Male','11, Poblacion, Sta. Barbara, Pangasinan','2013-05-11'),(311,'Pandakan','Joey','N','09058834012','Male','01, New Lucban, Baguio City','2013-05-11'),(312,'Carinio','Kelvin','M','09058834013','Male','99, Honeymoon Road, Baguio City','2013-05-11'),(313,'Marion','Jimmy','A','09058834014','Male','18, Malanay, Manaoag, Pangasinan','2013-05-14'),(314,'Lachica','Kyle','V','09058834015','Male','12, Trancoville, Baguio City','2013-05-14'),(315,'Huat','Lee','C','09058834016','Male','34, Aurora Hill, Baguio City','2013-05-14'),(316,'Aberon','Leroy','A','09058834017','Male','10, Legarda Rd, Baguio City','2013-05-14'),(317,'Enriquez','Savannah','B','09058834018','Female',NULL,'2013-05-14'),(318,'Enrile','Landon','W','09058834019','Male','IC 77, Poblacion, La Trinidad, Benguet','2013-05-15'),(319,'Solaina','Kilby','A','09212378350','Male','17, Pias, Mapandan, Pangasinan','2013-05-15'),(320,'Ponce','Laris','C','09212378351','Male','23, Quezon Hill, Baguio City','2013-05-15'),(321,'Villar','Maria','S','09212378352','Female','11, Poblacion, Sta. Barbara, Pangasinan','2013-05-15'),(322,'Villamina','Lyndon','D','09212378353','Male','01, New Lucban, Baguio City','2013-05-16'),(323,'Guerero','Luther','T','09212378354','Male','99, Honeymoon Road, Baguio City','2013-05-16'),(324,'Hairo','Malcolm','H','09212378355','Male','18, Malanay, Manaoag, Pangasinan','2013-05-16'),(325,'Velasquez','Max','N','09212378356','Male','12, Trancoville, Baguio City','2013-05-16'),(326,'Mina','Monroe','N','09212378357','Male','34, Aurora Hill, Baguio City','2013-05-16'),(327,'Alcasid','Alaina','A','09212378358','Female','10, Legarda Rd, Baguio City','2013-05-17'),(328,'Ruiz','Kennedy','A','09212378359','Female',NULL,'2013-05-17'),(329,'Cooper','Evans','E','09106845770','Male','IC 77, Poblacion, La Trinidad, Benguet','2014-01-13'),(330,'Miller','Morton','R','09106845771','Male','17, Pias, Mapandan, Pangasinan','2014-01-13'),(331,'Welch','Martin','T','09106845772','Male','23, Quezon Hill, Baguio City','2014-01-13'),(332,'Gonzaga',NULL,'U','09106845773','Male','11, Poblacion, Sta. Barbara, Pangasinan','2014-01-13'),(333,'Hammond',NULL,'O','09106845774','Male','01, New Lucban, Baguio City','2014-01-13'),(334,'Keller',NULL,'G','09106845775','Male','99, Honeymoon Road, Baguio City','2014-01-13'),(335,'Myers',NULL,'D','09106845776','Male','18, Malanay, Manaoag, Pangasinan','2014-01-15'),(336,'Philips',NULL,'A','09106845777','Male','12, Trancoville, Baguio City','2014-01-15'),(337,'Wilkerson','Stella','S','09106845778','Female','34, Aurora Hill, Baguio City','2014-01-15'),(338,'Mendoza','Liliana','V','09106845779','Female','10, Legarda Rd, Baguio City','2014-01-15'),(339,'Richards','Allison','K','09179773540','Female',NULL,'2014-01-20'),(340,'Manalo','Olaf','L','09179773541','Male','IC 77, Poblacion, La Trinidad, Benguet','2014-01-20'),(341,'Bayola','Oscar','U','09179773542','Male','17, Pias, Mapandan, Pangasinan','2014-01-20'),(342,'Dampog','Nigel','Y','09179773543','Male','23, Quezon Hill, Baguio City','2014-01-20'),(343,'Asuncion','Norris','Q','09179773544','Male','11, Poblacion, Sta. Barbara, Pangasinan','2014-01-20'),(344,'Abellana','Samantha','R','09179773545','Female','01, New Lucban, Baguio City','2014-01-20'),(345,'dela Pena','Otis','C','09179773546','Male','99, Honeymoon Road, Baguio City','2014-01-24'),(346,'Amansec','Richmond','Z','09179773547','Male','18, Malanay, Manaoag, Pangasinan','2014-01-24'),(347,'Tabucol','Murray','N','09179773548','Male','12, Trancoville, Baguio City','2014-01-24'),(348,'Ferreria','Olver','M','09179773549','Male','34, Aurora Hill, Baguio City','2014-01-24'),(349,'Dacuno','Neal','H','09154303330','Male','10, Legarda Rd, Baguio City','2014-01-24'),(350,'Ammog','Nicolas','J','09154303331','Male',NULL,'2014-01-25'),(351,'Ancaya','Mantague','K','09154453332','Male','IC 77, Poblacion, La Trinidad, Benguet','2014-01-25'),(352,'Angus','Keira','R','09154303333','Female','17, Pias, Mapandan, Pangasinan','2014-01-25'),(353,'Young','Alyssa','D','09154303334','Female','23, Quezon Hill, Baguio City','2014-01-25'),(354,'Aniag','Magnus','S','09154303335','Male','11, Poblacion, Sta. Barbara, Pangasinan','2014-01-25'),(355,'Angara','Martin','W','09154303336','Male','01, New Lucban, Baguio City','2014-01-25'),(356,'Binay','Ogie','P','09155303337','Male','99, Honeymoon Road, Baguio City','2014-01-25'),(357,'Annala','Patrick','L','09155303338','Male','18, Malanay, Manaoag, Pangasinan','2014-01-27'),(358,'Tulid','Molly','H','09154403339','Female','12, Trancoville, Baguio City','2014-01-27'),(359,'Damalen','Alexandra','R','09287546460','Female','34, Aurora Hill, Baguio City','2014-01-27'),(360,'Balanon','Paul','W','09287546461','Male','10, Legarda Rd, Baguio City','2014-01-27'),(361,'Alcaoco','Paxton','M','09287546462','Male',NULL,'2014-01-27'),(362,'Balanon','Percy','C','09287546463','Male','IC 77, Poblacion, La Trinidad, Benguet','2014-01-27'),(363,'Baltazar','Peter','B','09287546464','Male','17, Pias, Mapandan, Pangasinan','2014-01-27'),(364,'Balanban','Philip','F','09287546465','Male','23, Quezon Hill, Baguio City','2014-01-27'),(365,'Benaoro','Violet','Y','09287546466','Female','11, Poblacion, Sta. Barbara, Pangasinan','2014-03-23'),(366,'Bustos','Quade','G','09287546467','Male','01, New Lucban, Baguio City','2014-03-23'),(367,'Ferreria','Ramsey','G','09287546468','Male','99, Honeymoon Road, Baguio City','2014-03-23'),(368,'Baliad','Philbert','Y','09287546469','Male','18, Malanay, Manaoag, Pangasinan','2014-03-23'),(369,'Balgos','Randolph','A','09195566420','Male','12, Trancoville, Baguio City','2014-03-23'),(370,'Cancungan','Pierce','A','09195566421','Female','34, Aurora Hill, Baguio City','2014-03-23'),(371,'Ngaosi','Renfred','B','09195530422','Male','10, Legarda Rd, Baguio City','2014-03-23'),(372,'Labre','Quinn','A','09195566423','Male',NULL,'2014-03-23'),(373,'Prieto','Julia','B','09195566424','Female','IC 77, Poblacion, La Trinidad, Benguet','2014-03-28'),(374,'Valdez','Regie','C','09195566425','Male','17, Pias, Mapandan, Pangasinan','2014-03-28'),(375,'Caganap','Raymond','O','09195566426','Male','23, Quezon Hill, Baguio City','2014-03-28'),(376,'Cagasan','Reginald','H','09195566427','Male','11, Poblacion, Sta. Barbara, Pangasinan','2014-03-28'),(377,'Cacal','Ryan','H','09195566428','Male','01, New Lucban, Baguio City','2014-03-28'),(378,'Cadang','Royce','J','09195566429','Male','99, Honeymoon Road, Baguio City','2014-03-28'),(379,'Cagatao','Robel','J','09353793990','Male','18, Malanay, Manaoag, Pangasinan','2014-03-28'),(380,'Suli','Sadie','K','09353793991','Female','12, Trancoville, Baguio City','2014-03-28'),(381,'Roncillo','Roy','R','09353793992','Male','34, Aurora Hill, Baguio City','2014-03-28'),(382,'Agoncillo','Roderick','J','09353793993','Male','10, Legarda Rd, Baguio City','2014-03-29'),(383,'Bantales','Rolf','Y','09353793994','Male',NULL,'2014-03-29'),(384,'Querro','Rufus','J','09353793995','Male','IC 77, Poblacion, La Trinidad, Benguet','2014-03-29'),(385,'Dungo','Ruperrt','P','09353793996','Male','17, Pias, Mapandan, Pangasinan','2014-03-29'),(386,'Ebba','Ruby','D','09353793997','Female','23, Quezon Hill, Baguio City','2014-03-29'),(387,'Gacungan','Dominic','N','09353793998','Male','11, Poblacion, Sta. Barbara, Pangasinan','2014-03-29'),(388,'Galam','Liam','M','09353793999','Male','01, New Lucban, Baguio City','2014-03-29'),(389,'Dumlao','Eva','G','09108826350','Female','99, Honeymoon Road, Baguio City','2014-03-29'),(390,'Galapon','Tyler','K','09108826351','Male','18, Malanay, Manaoag, Pangasinan','2014-03-30'),(391,'Galasinao','Alden','J','09108826352','Male','12, Trancoville, Baguio City','2014-03-30'),(392,'Galam','Ryder','J','09108826353','Male','34, Aurora Hill, Baguio City','2014-03-30'),(393,'Emuslan','Alice','J','09108826354','Female','10, Legarda Rd, Baguio City','2014-03-30'),(394,'Gaa','Aaron','M','09108826355','Male',NULL,'2014-03-30'),(395,'Albo','Thomas','F','09108826356','Male','IC 77, Poblacion, La Trinidad, Benguet','2014-03-30'),(396,'Galay','Justine','H','09108826357','Male','17, Pias, Mapandan, Pangasinan','2014-03-30'),(397,'Gabuat','Eliana','K','09108826358','Female','23, Quezon Hill, Baguio City','2014-03-30'),(398,'Estolas','Leo','D','09108826359','Male','11, Poblacion, Sta. Barbara, Pangasinan','2015-01-12'),(399,'Esteves','Luis','C','09186645380','Male','01, New Lucban, Baguio City','2015-01-12'),(400,'Halili','Parker','V','09186645381','Male','99, Honeymoon Road, Baguio City','2015-01-12'),(401,'Ilag','Taylor','N','09186645382','Female','18, Malanay, Manaoag, Pangasinan','2015-01-12'),(402,'Ilacad','Robert','K','09186645383','Male','12, Trancoville, Baguio City','2015-01-12'),(403,'Hangad','Grayson','J','09186645384','Male','34, Aurora Hill, Baguio City','2015-01-12'),(404,'Hanopol','Daryl','G','09186645385','Male','10, Legarda Rd, Baguio City','2015-01-12'),(405,'Imbo','Jc','J','09186645386','Male',NULL,'2015-01-12'),(406,'Inclan','Callie','A','09186645387','Female','IC 82, Poblacion, La Trinidad, Benguet','2015-01-15'),(407,'Halog','Penelope','S','09186645388','Female','27, Pias, Mapandan, Pangasinan','2015-01-15'),(408,'Galo','Hudson','C','09186645389','Female','46, Quezon Hill, Baguio City','2015-01-15'),(409,'Icban','Easton','A','09168571010','Male','88, Poblacion, Sta. Barbara, Pangasinan','2015-01-15'),(410,'Inda','Carter','B','09168571011','Male','735, New Lucban, Baguio City','2015-01-15'),(411,'Lagmay','Jaxton','A','09168571012','Male','129, Honeymoon Road, Baguio City','2015-01-15'),(412,'Gamay','Bently','G','09168571013','Male','328, Malanay, Manaoag, Pangasinan','2015-01-15'),(413,'Mabila','Juan','A','09168571014','Female','128, Trancoville, Baguio City','2015-01-15'),(414,'Macabac',NULL,'S','09168571015','Male','09, Legarda Rd, Baguio City','2015-01-17'),(415,'Mabutas',NULL,'W','09168571016','Male',NULL,'2015-01-17'),(416,'Cabuang',NULL,'Z','09168571017','Male',NULL,'2015-01-17'),(417,'Magdangal','Rosario','N','09168571018','Male','IC 563, Poblacion, La Trinidad, Benguet','2015-01-17'),(418,'Matrimonio',NULL,'L','09168571019','Male','96, Pias, Mapandan, Pangasinan','2015-01-17'),(419,'Macadaeg',NULL,'P','09214534540','Male','328, Quezon Hill, Baguio City','2015-01-17'),(420,'Macagba',NULL,'M','09214534541','Male','03, Poblacion, Sta. Barbara, Pangasinan','2015-01-17'),(421,'Lapitan','Bailey','J','09214534542','Female','09, New Lucban, Baguio City','2015-01-17'),(422,'Luyun',NULL,'Y','09214534543','Male','108, Honeymoon Road, Baguio City','2015-01-19'),(423,'Lumosco',NULL,'J','09214534544','Male','147, Malanay, Manaoag, Pangasinan','2015-01-19'),(424,'Mabalay',NULL,'K','09214534545','Male','26, Trancoville, Baguio City','2015-01-19'),(425,'Mabunga',NULL,'G','09214534546','Male','95, Aurora Hill, Baguio City','2015-01-19'),(426,'Morilla','Kaelyn','R','09214534547','Female','15, Legarda Rd, Baguio City','2015-01-19'),(427,'Navarette',NULL,'D','09214534548','Male',NULL,'2015-01-19'),(428,'Pacana',NULL,'F','09214534549','Male','IC 46, Poblacion, La Trinidad, Benguet','2015-01-19'),(429,'Opus',NULL,'V','09356733750','Male','16, Pias, Mapandan, Pangasinan','2015-02-20'),(430,'Ontog',NULL,'N','09356733751','Male','76, Quezon Hill, Baguio City','2015-02-20'),(431,'Nunag',NULL,'A','09356733752','Male','18, Poblacion, Sta. Barbara, Pangasinan','2015-02-20'),(432,'Obana','Kayla','B','09356733753','Female','157, New Lucban, Baguio City','2015-02-20'),(433,'Ogtong',NULL,'K','09356733754','Male','190, Honeymoon Road, Baguio City','2015-02-20'),(434,'Pacaon',NULL,'A','09356733755','Male','52, Malanay, Manaoag, Pangasinan','2015-02-20'),(435,'Pacleb',NULL,'J','09356733756','Male','60, Trancoville, Baguio City','2015-02-20'),(436,'Pacubas','Katherine','I','09356733757','Female','65, Aurora Hill, Baguio City','2015-02-20'),(437,'Ona',NULL,'J','09356733758','Male','102, Legarda Rd, Baguio City','2015-02-23'),(438,'Pudlao',NULL,'O','09356733759','Male',NULL,'2015-02-23'),(439,'Quiray',NULL,'Y','09992627360','Male','IC 57, Poblacion, La Trinidad, Benguet','2015-02-23'),(440,'Rabago',NULL,'J','09992627361','Male','74, Pias, Mapandan, Pangasinan','2015-02-23'),(441,'Rabanal',NULL,'A','09992627362','Male','347, Quezon Hill, Baguio City','2015-02-23'),(442,'Rabang',NULL,'S','09992627363','Male','67, Poblacion, Sta. Barbara, Pangasinan','2015-02-23'),(443,'Puno','Sydney','D','09992627364','Female','52, New Lucban, Baguio City','2015-02-23'),(444,'Puyot',NULL,'N','09992627365','Male','100, Honeymoon Road, Baguio City','2015-02-23'),(445,'Quimen',NULL,'M','09992627366','Male','29, Malanay, Manaoag, Pangasinan','2015-05-08'),(446,'Rabe','Lauren','D','09992627367','Female','88, Trancoville, Baguio City','2015-05-08'),(447,'Gabe',NULL,'C','09992627368','Male','73, Aurora Hill, Baguio City','2015-05-08'),(448,'Rabaca',NULL,'M','09992627369','Male','07, Legarda Rd, Baguio City','2015-05-08'),(449,'Tabang',NULL,'N','09123346400','Male',NULL,'2015-05-08'),(450,'Subili','Jasmine','K','09123346401','Female','IC 80, Poblacion, La Trinidad, Benguet','2015-05-08');
/*!40000 ALTER TABLE `clients` ENABLE KEYS */;
UNLOCK TABLES;

--
-- Table structure for table `employees`
--

DROP TABLE IF EXISTS `employees`;
/*!40101 SET @saved_cs_client     = @@character_set_client */;
/*!40101 SET character_set_client = utf8 */;
CREATE TABLE `employees` (
  `employeeid` int(15) NOT NULL AUTO_INCREMENT,
  `emplastname` varchar(50) DEFAULT NULL,
  `empfirstname` varchar(50) DEFAULT NULL,
  `empmiddlename` varchar(50) DEFAULT NULL,
  `empcelno` varchar(15) DEFAULT NULL,
  `empgender` enum('Male','Female') DEFAULT NULL,
  `empaddress` varchar(300) DEFAULT NULL,
  `empstatus` enum('Active','Inactive') DEFAULT NULL,
  `empemailad` varchar(50) DEFAULT NULL,
  `noofjobs` int(5) DEFAULT '0',
  `emptype` enum('Front Desk Personnel','Machinist','Manager') DEFAULT NULL,
  PRIMARY KEY (`employeeid`)
) ENGINE=InnoDB AUTO_INCREMENT=41 DEFAULT CHARSET=latin1;
/*!40101 SET character_set_client = @saved_cs_client */;

--
-- Dumping data for table `employees`
--

LOCK TABLES `employees` WRITE;
/*!40000 ALTER TABLE `employees` DISABLE KEYS */;
INSERT INTO `employees` VALUES (1,'Snow','Jon','Stark','09061234567','Male','#3 Winterfell, Baguio City','Active','jonsnow@yahoo.com',0,'Machinist'),(2,'Tiong','Benedict','So','09121212121','Male','Baguio City, Benguet','Active','tiong@gmail.com',0,'Manager'),(3,'Tiong','Brenwin','So','09199829872','Male','Baguio City, Benguet','Active','tiongso@gmail.com',0,'Manager'),(4,'San Pedro','Marvin','Malik','09128718711','Male','Baguio City, Benguet','Active','marvin@gmail.com',0,'Machinist'),(5,'Castro','Jameson','Side','09182763871','Male','La Trinidad, Benguet','Active','castro@yahoo.com',0,'Machinist'),(6,'Conje','Noryza','Reyes','09912877126','Female','Sual, Pangasinan','Active','conje@gmail.com',0,'Front Desk Personnel'),(7,'Roces','Mikee','Ancheta','01216521982','Female','Dagupan, Pangasinan','Active','Roces@gmail.com',0,'Front Desk Personnel'),(9,'Conrad','Kevin','Stark','09999999999','Male','Baguio City, Benguet','Active','kevin@gmail.com',0,'Machinist'),(10,'House','Leslie','Solomon','09985092965','Female','983 Fermentun Road, La Union','Active','quis@at.edu',0,'Front Desk Personnel'),(11,'Singleton','Kennan','Sandoval','09446547578','Male','39 Scelerisque Ave, Fogo, Makati City','Active','Nulla.facilis@felis.org',1,'Machinist'),(12,'Valencia','Jada','Franco','09956360109','Female','ap #68 Cras St., Saint Remy, Manila','Active','dignissm@sed.edu',0,'Front Desk Personnel'),(13,'Harris','Ora','Dillard','09372465790','Male','#84 Sed Street, Torrevieja, Laguna','Active','a.arcu@yahoo.com',10,'Machinist'),(14,'Morse','Kimberly','Berry','09446753935','Female','Ultices Av, Oudegem, Baguio City','Active','cras.convallis@gmail.com',0,'Front Desk Personnel'),(15,'Lamb','Arden','Sandoval','09882610331','Male','Box 126, Ulticies St., Benguet','Active','nonummy@ulticess.org',5,'Machinist'),(16,'Gilmore','Jescie','Norman','09944946716','Male','79 Enim Road, Bella, Sta.Rosa','Active','ac.arcu@eget.net',6,'Machinist'),(17,'Hatfield','Cooper','Goodman','09704185403','Male','Ut Avenue, Bergama, Pangasinan','Active','Done.elemetum@sapien.net',7,'Machinist'),(18,'Vang','Sigfreid','Carter','09104155403','Male','Magna St., Caxias, Tarlac','Active','tinddunt@gmail.com',4,'Machinist'),(19,'Rodriguez','Valentine','Harding','09312087215','Male','Quis St, Baguio City','Active','sodales.at@gettindunt.edu',10,'Machinist'),(20,'Moran','Kirk','Dennis','09707029738','Male','73 Vel Rd, Hazaribag, Baguio City','Active','non@must.net',10,'Machinist'),(21,'Russel','Isadora','Willis','09063130354','Female','Ap #146 Arnet Road, Anand, Pangasinan','Active','netus.et@Craseget.com',0,'Front Desk Personnel'),(22,'Clemons','Mechelle','Burnett','09888824545','Female','Rhoncus Rd, Marano, La Union','Active','sedtilll2@yahoo.com',14,'Machinist'),(23,'Dotson','Rafael','Stevenson','09045089679','Male','74 Bestibulum St., Baguio City','Active','non.lcanina@gmail.com',13,'Machinist'),(24,'Watson','Felix','Donnovan','09762324080','Male','PO Box 534, Ornare Ave, Manila','Active','molllis.nec@consetetuer.org',11,'Machinist'),(25,'Burch','Ifeoma','Schultz','09775775840','Male','Volutpat Avenue, Baguio City','Active','auctor.velit@justo.edu',5,'Machinist'),(26,'Black','Fletcher','Hutchinson','09731156622','Male','Lorem Avnue, Zierkzee, Benguet','Active','arc2558@gmail.com',7,'Machinist'),(27,'Rosario','Mercedes','Lamb','09277642451','Female','Erat Rd., San Sebastiano, Pangasinan','Active','auctorvelit@yahoo.com',0,'Front Desk Personnel'),(28,'Craig','Robert','House','09024724208','Male','Eusmod St, Lucania, Tarlac','Active','ipsum.consequat@gmail.com',4,'Machinist'),(29,'Grant','Myles','Mendoza','09399400715','Male','PO Box 168, Sit St., Manila','Active','orciluctus.et@sed.net',1,'Machinist'),(30,'Pierce','Lynn','Peck','09269588748','Female','Vivamus Street, Baguio City','Active','tidicunt@interdum.edu',0,'Machinist'),(31,'Merill','Freya','Dunn','09516234340','Female','Ap #550 Lectus Rd, Florenville, Baguio City','Active','a@fermentum.edu',0,'Front Desk Personnel'),(32,'Rosales','Damian','Landry','09414060283','Male','Curabitur St., Saint Vincent, Baguio City','Active','cras.convallis@eros.net',0,'Machinist'),(33,'Meyers','Desirae','Landry','09501322305','Female','Nostra Rd, Baguio City','Active','aenaean@mauris.net',2,'Machinist'),(34,'Jimenez','Alisa','Meyers','09693191656','Female','8817 Dui. Rd, Gatineau, Baguio City','Active','auis.urna@nulamtinic.co.uk',3,'Machinist'),(35,'Watkins','Jasmine','Gross','09906780317','Female','Ap # 293 Ut St., Fahler, Benguet','Active','leo.vivamus@gmail.com',0,'Front Desk Personnel'),(36,'Humorev','Clarke','Wiggins','09472096444','Male','627 Est Road, Baguio City','Active','sed.lacus@vitae.net',7,'Machinist'),(37,'Hodge','Yetta','Lewis','09312045950','Female','831 Erat Avenue, Manila','Active','laoreet@donec.edu',6,'Machinist'),(38,'Riddle','Zachery','Sixton','09296584034','Male','42 Venetis St., Lutsel, Tarlac','Active','nunc21@yahoo.com',0,'Machinist'),(39,'Park','Rhona','Key','09985486122','Female','Nam St., Benguet','Active','arcu222@gmail.com',0,'Front Desk Personnel'),(40,'Osborne','Elmo','Cox','09233410831','Male','07 Auctor St., Labsa, Baguio City','Active','eusimod@eros.net',1,'Machinist');
/*!40000 ALTER TABLE `employees` ENABLE KEYS */;
UNLOCK TABLES;

--
-- Table structure for table `engrecon`
--

DROP TABLE IF EXISTS `engrecon`;
/*!40101 SET @saved_cs_client     = @@character_set_client */;
/*!40101 SET character_set_client = utf8 */;
CREATE TABLE `engrecon` (
  `engreconid` int(15) NOT NULL AUTO_INCREMENT,
  `joborderid` decimal(38,0) DEFAULT NULL,
  PRIMARY KEY (`engreconid`),
  KEY `fk_engrecon_joborderid_idx` (`joborderid`)
) ENGINE=InnoDB DEFAULT CHARSET=latin1;
/*!40101 SET character_set_client = @saved_cs_client */;

--
-- Dumping data for table `engrecon`
--

LOCK TABLES `engrecon` WRITE;
/*!40000 ALTER TABLE `engrecon` DISABLE KEYS */;
/*!40000 ALTER TABLE `engrecon` ENABLE KEYS */;
UNLOCK TABLES;

--
-- Table structure for table `engreconfab`
--

DROP TABLE IF EXISTS `engreconfab`;
/*!40101 SET @saved_cs_client     = @@character_set_client */;
/*!40101 SET character_set_client = utf8 */;
CREATE TABLE `engreconfab` (
  `engreconfabid` int(15) NOT NULL AUTO_INCREMENT,
  `joborderid` decimal(38,0) DEFAULT NULL,
  PRIMARY KEY (`engreconfabid`),
  KEY `fk_engreconfab_joborderid_idx` (`joborderid`)
) ENGINE=InnoDB DEFAULT CHARSET=latin1;
/*!40101 SET character_set_client = @saved_cs_client */;

--
-- Dumping data for table `engreconfab`
--

LOCK TABLES `engreconfab` WRITE;
/*!40000 ALTER TABLE `engreconfab` DISABLE KEYS */;
/*!40000 ALTER TABLE `engreconfab` ENABLE KEYS */;
UNLOCK TABLES;

--
-- Table structure for table `fabrications`
--

DROP TABLE IF EXISTS `fabrications`;
/*!40101 SET @saved_cs_client     = @@character_set_client */;
/*!40101 SET character_set_client = utf8 */;
CREATE TABLE `fabrications` (
  `fabricationid` int(15) NOT NULL AUTO_INCREMENT,
  `fabricationdesc` varchar(500) DEFAULT NULL,
  `fabricationmetal` varchar(45) DEFAULT NULL,
  `fabricationmetaldiameter` decimal(11,4) DEFAULT NULL,
  `fabricationmetaldiameterul` varchar(45) DEFAULT NULL,
  `fabricationmetallength` decimal(11,4) DEFAULT NULL,
  `fabricationmetallengthul` varchar(45) DEFAULT NULL,
  `fabricationprice` decimal(11,2) DEFAULT NULL,
  `fabricationstatus` enum('Pending','Started','Done') NOT NULL DEFAULT 'Pending',
  `joborderid` decimal(38,0) DEFAULT NULL,
  PRIMARY KEY (`fabricationid`),
  KEY `fk_fabrications_joborderid_idx` (`joborderid`)
) ENGINE=InnoDB AUTO_INCREMENT=41 DEFAULT CHARSET=latin1;
/*!40101 SET character_set_client = @saved_cs_client */;

--
-- Dumping data for table `fabrications`
--

LOCK TABLES `fabrications` WRITE;
/*!40000 ALTER TABLE `fabrications` DISABLE KEYS */;
INSERT INTO `fabrications` VALUES (1,'New Item','13',0.3750,'mm',1.0000,'inch',300.00,'Pending',2015112755),(2,'New Item','8',0.3125,'inch',1.0000,'METER',200.00,'Pending',2015112756),(3,'New Item','15',0.5000,'inch',1.0000,'METER',300.00,'Pending',2015112757),(4,'New Item','14',0.3750,'mm',2.0000,'inch',600.00,'Pending',2015112758),(5,'New Item','12',0.3750,'mm',5.0000,'inch',900.00,'Pending',2015112759),(6,'New Item','14',0.3750,'mm',1.0000,'FT',500.00,'Pending',2015112760),(7,'New Item','10',0.3750,'inch',1.0000,'METER',800.00,'Pending',2015112761),(8,'New Item','14',0.3750,'mm',1.0000,'inch',600.00,'Pending',2015112762),(9,'New Item','14',0.3750,'mm',1.0000,'METER',800.00,'Pending',2015112763),(10,'New Item','13',0.1250,'mm',4.0000,'inch',1000.00,'Pending',2015112764),(11,'New Item','17',0.3750,'mm',2.0000,'METER',1000.00,'Pending',2015112765),(12,'New Item','8',0.3750,'inch',1.0000,'METER',200.00,'Pending',2015112766),(13,'New Item','9',0.3750,'inch',1.0000,'inch',1000.00,'Pending',2015112767),(14,'New Item','8',0.3125,'inch',1.0000,'METER',1.00,'Pending',2015112768),(15,'New Item','9',0.3750,'inch',1.0000,'inch',1000.00,'Pending',2015112769),(16,'New Item','14',0.3750,'mm',1.0000,'METER',1000.00,'Pending',2015112770),(17,'New Item','9',0.3125,'inch',1.0000,'METER',1000.00,'Pending',2015112771),(18,'New Item','13',0.3750,'mm',1.0000,'FT',1000.00,'Pending',2015112772),(19,'New Item','16',0.3750,'mm',1.0000,'inch',1000.00,'Pending',2015112773),(20,'New Item','11',0.3750,'mm',1.0000,'inch',1000.00,'Pending',2015112774),(21,'New Item','15',0.3750,'inch',1.0000,'FT',1000.00,'Pending',2015112775),(22,'New Item','12',0.3750,'mm',1.0000,'inch',1000.00,'Pending',2015112776),(23,'New Item','14',0.3750,'mm',1.0000,'inch',1000.00,'Pending',2015112777),(24,'New Item','11',0.3750,'mm',1.0000,'inch',1000.00,'Pending',2015112778),(25,'New Item','14',0.3750,'mm',1.0000,'inch',1000.00,'Pending',2015112779),(26,'New Item','9',0.3125,'inch',1.0000,'inch',1000.00,'Pending',2015112780),(27,'New Item','16',0.3750,'mm',1.0000,'inch',1000.00,'Pending',2015112781),(28,'New Item','16',0.3750,'mm',1.0000,'inch',1000.00,'Pending',2015112782),(29,'New Item','13',0.3750,'mm',1.0000,'inch',1000.00,'Pending',2015112783),(30,'New Item','8',0.3750,'inch',1.0000,'inch',3000.00,'Pending',2015112784),(31,'New Item','12',0.3750,'mm',1.0000,'inch',2000.00,'Pending',2015112785),(32,'New Item','11',0.3750,'mm',1.0000,'inch',4000.00,'Pending',2015112786),(33,'New Item','12',0.2500,'mm',1.0000,'FT',1000.00,'Pending',2015112787),(34,'New Item','12',0.3750,'mm',1.0000,'inch',2000.00,'Pending',2015112788),(35,'New Item','11',0.3750,'mm',1.0000,'inch',4000.00,'Pending',2015112789),(36,'New Item','12',0.3750,'mm',1.0000,'inch',5000.00,'Pending',2015112790),(37,'New Item','13',0.1875,'mm',1.0000,'inch',3000.00,'Pending',2015112791),(38,'New Item','9',0.3750,'inch',1.0000,'inch',4000.00,'Pending',2015112792),(39,'New Item','12',0.3750,'mm',2.0000,'FT',4000.00,'Pending',2015112793),(40,'New Item','12',0.3750,'mm',3.0000,'inch',4000.00,'Pending',2015112794);
/*!40000 ALTER TABLE `fabrications` ENABLE KEYS */;
UNLOCK TABLES;

--
-- Table structure for table `ingoingitems`
--

DROP TABLE IF EXISTS `ingoingitems`;
/*!40101 SET @saved_cs_client     = @@character_set_client */;
/*!40101 SET character_set_client = utf8 */;
CREATE TABLE `ingoingitems` (
  `isdate` date NOT NULL,
  `time` time NOT NULL,
  `quantity` int(11) NOT NULL,
  `enteredby` varchar(10) NOT NULL,
  `inventoryid` int(11) NOT NULL
) ENGINE=InnoDB DEFAULT CHARSET=latin1;
/*!40101 SET character_set_client = @saved_cs_client */;

--
-- Dumping data for table `ingoingitems`
--

LOCK TABLES `ingoingitems` WRITE;
/*!40000 ALTER TABLE `ingoingitems` DISABLE KEYS */;
/*!40000 ALTER TABLE `ingoingitems` ENABLE KEYS */;
UNLOCK TABLES;

--
-- Table structure for table `inventory`
--

DROP TABLE IF EXISTS `inventory`;
/*!40101 SET @saved_cs_client     = @@character_set_client */;
/*!40101 SET character_set_client = utf8 */;
CREATE TABLE `inventory` (
  `inventoryid` int(15) NOT NULL AUTO_INCREMENT,
  `inventoryname` varchar(300) DEFAULT NULL,
  `inventorysize` varchar(50) DEFAULT NULL,
  `inventoryprice` decimal(11,2) DEFAULT NULL,
  `inventoryquantity` int(5) DEFAULT NULL,
  `modelid` int(15) DEFAULT NULL,
  `reorderlevel` int(11) DEFAULT '10',
  PRIMARY KEY (`inventoryid`),
  KEY `fk_inventory_modelid_idx` (`modelid`),
  CONSTRAINT `fk_inventory_modelid` FOREIGN KEY (`modelid`) REFERENCES `models` (`modelid`) ON DELETE NO ACTION ON UPDATE NO ACTION
) ENGINE=InnoDB AUTO_INCREMENT=2193 DEFAULT CHARSET=latin1;
/*!40101 SET character_set_client = @saved_cs_client */;

--
-- Dumping data for table `inventory`
--

LOCK TABLES `inventory` WRITE;
/*!40000 ALTER TABLE `inventory` DISABLE KEYS */;
INSERT INTO `inventory` VALUES (1,'Engine Valve',NULL,600.00,100,1,10),(2,'Engine Valve',NULL,400.00,100,2,10),(3,'Engine Valve',NULL,300.00,100,3,10),(4,'Engine Valve',NULL,350.00,100,4,10),(5,'Engine Valve',NULL,245.00,100,5,10),(6,'Engine Valve',NULL,150.75,100,6,10),(7,'Engine Valve',NULL,340.00,100,7,10),(8,'Engine Valve',NULL,245.50,100,8,10),(9,'Engine Valve',NULL,120.00,100,9,10),(10,'Engine Valve',NULL,135.00,100,10,10),(11,'Engine Valve',NULL,450.00,100,11,10),(12,'Engine Valve',NULL,345.00,100,12,10),(13,'Engine Valve',NULL,254.00,100,13,10),(14,'Engine Valve',NULL,323.90,100,14,10),(15,'Engine Valve',NULL,445.00,100,15,10),(16,'Engine Valve',NULL,345.00,100,16,10),(17,'Engine Valve',NULL,340.00,100,17,10),(18,'Engine Valve',NULL,231.00,100,18,10),(19,'Engine Valve',NULL,609.00,100,19,10),(20,'Engine Valve',NULL,780.00,100,20,10),(21,'Engine Valve',NULL,890.00,100,21,10),(22,'Engine Valve',NULL,1500.00,100,22,10),(23,'Engine Valve',NULL,798.00,100,23,10),(24,'Engine Valve',NULL,450.00,100,24,10),(25,'Engine Valve',NULL,540.00,100,25,10),(26,'Engine Valve',NULL,789.00,100,26,10),(27,'Engine Valve',NULL,1254.00,100,27,10),(28,'Engine Valve',NULL,370.00,100,28,10),(29,'Valve Seal',NULL,450.00,100,1,10),(30,'Valve Seal',NULL,670.00,100,2,10),(31,'Valve Seal',NULL,650.00,100,3,10),(32,'Valve Seal',NULL,340.00,100,4,10),(33,'Valve Seal',NULL,456.00,100,5,10),(34,'Valve Seal',NULL,345.00,100,6,10),(35,'Valve Seal',NULL,567.00,100,7,10),(36,'Valve Seal',NULL,789.00,100,8,10),(37,'Valve Seal',NULL,234.00,100,9,10),(38,'Valve Seal',NULL,670.00,100,10,10),(39,'Valve Seal',NULL,569.00,100,11,10),(40,'Valve Seal',NULL,450.00,100,12,10),(41,'Valve Seal',NULL,680.00,100,13,10),(42,'Valve Seal',NULL,350.00,100,14,10),(43,'Valve Seal',NULL,670.00,100,15,10),(44,'Valve Seal',NULL,345.00,100,16,10),(45,'Valve Seal',NULL,780.00,100,17,10),(46,'Valve Seal',NULL,760.00,100,18,10),(47,'Valve Seal',NULL,230.00,100,19,10),(48,'Valve Seal',NULL,670.00,100,20,10),(49,'Valve Seal',NULL,345.00,100,21,10),(50,'Valve Seal',NULL,560.00,100,22,10),(51,'Valve Seal',NULL,230.00,100,23,10),(52,'Valve Seal',NULL,440.00,100,24,10),(53,'Valve Seal',NULL,650.00,100,25,10),(54,'Valve Seal',NULL,340.00,100,26,10),(55,'Valve Seal',NULL,560.00,100,27,10),(56,'Valve Seal',NULL,230.00,100,28,10),(57,'Valve Tappet',NULL,450.25,100,1,10),(58,'Valve Tappet',NULL,670.00,100,2,10),(59,'Valve Tappet',NULL,890.00,100,3,10),(60,'Valve Tappet',NULL,450.00,100,4,10),(61,'Valve Tappet',NULL,235.00,100,5,10),(62,'Valve Tappet',NULL,340.00,100,6,10),(63,'Valve Tappet',NULL,790.00,100,7,10),(64,'Valve Tappet',NULL,670.00,100,8,10),(65,'Valve Tappet',NULL,560.00,100,9,10),(66,'Valve Tappet',NULL,777.00,100,10,10),(67,'Valve Tappet',NULL,556.00,100,11,10),(68,'Valve Tappet',NULL,787.50,100,12,10),(69,'Valve Tappet',NULL,340.00,100,13,10),(70,'Valve Tappet',NULL,450.00,100,14,10),(71,'Valve Tappet',NULL,560.00,100,15,10),(72,'Valve Tappet',NULL,435.00,100,16,10),(73,'Valve Tappet',NULL,567.00,100,17,10),(74,'Valve Tappet',NULL,845.00,100,18,10),(75,'Valve Tappet',NULL,738.00,100,19,10),(76,'Valve Tappet',NULL,577.00,100,20,10),(77,'Valve Tappet',NULL,535.00,100,21,10),(78,'Valve Tappet',NULL,456.67,100,22,10),(79,'Valve Tappet',NULL,436.90,100,23,10),(80,'Valve Tappet',NULL,789.00,100,24,10),(81,'Valve Tappet',NULL,437.00,100,25,10),(82,'Valve Tappet',NULL,909.00,100,26,10),(83,'Valve Tappet',NULL,999.00,100,27,10),(84,'Valve Tappet',NULL,1456.00,100,28,10),(85,'Valve Insert Ring',NULL,345.00,100,1,10),(86,'Valve Insert Ring',NULL,290.00,100,2,10),(87,'Valve Insert Ring',NULL,560.00,100,3,10),(88,'Valve Insert Ring',NULL,567.25,100,4,10),(89,'Valve Insert Ring',NULL,340.00,100,5,10),(90,'Valve Insert Ring',NULL,670.00,100,6,10),(91,'Valve Insert Ring',NULL,579.00,100,7,10),(92,'Valve Insert Ring',NULL,434.00,100,8,10),(93,'Valve Insert Ring',NULL,790.00,100,9,10),(94,'Valve Insert Ring',NULL,760.00,100,10,10),(95,'Valve Insert Ring',NULL,538.00,100,11,10),(96,'Valve Insert Ring',NULL,560.00,100,12,10),(97,'Valve Insert Ring',NULL,890.00,100,13,10),(98,'Valve Insert Ring',NULL,678.00,100,14,10),(99,'Valve Insert Ring',NULL,560.00,100,15,10),(100,'Valve Insert Ring',NULL,580.00,100,16,10),(101,'Valve Insert Ring',NULL,457.25,100,17,10),(102,'Valve Insert Ring',NULL,670.00,100,18,10),(103,'Valve Insert Ring',NULL,599.00,100,19,10),(104,'Valve Insert Ring',NULL,234.00,100,20,10),(105,'Valve Insert Ring',NULL,450.00,100,21,10),(106,'Valve Insert Ring',NULL,350.00,100,22,10),(107,'Valve Insert Ring',NULL,435.00,100,23,10),(108,'Valve Insert Ring',NULL,670.00,100,24,10),(109,'Valve Insert Ring',NULL,690.00,100,25,10),(110,'Valve Insert Ring',NULL,345.00,100,26,10),(111,'Valve Insert Ring',NULL,450.00,100,27,10),(112,'Valve Insert Ring',NULL,340.00,100,28,10),(113,'Valve Guide',NULL,550.00,100,1,10),(114,'Valve Guide',NULL,670.00,100,2,10),(115,'Valve Guide',NULL,650.00,100,3,10),(116,'Valve Guide',NULL,890.00,100,4,10),(117,'Valve Guide',NULL,567.00,100,5,10),(118,'Valve Guide',NULL,789.00,100,6,10),(119,'Valve Guide',NULL,567.00,100,7,10),(120,'Valve Guide',NULL,434.25,100,8,10),(121,'Valve Guide',NULL,563.00,100,9,10),(122,'Valve Guide',NULL,233.00,100,10,10),(123,'Valve Guide',NULL,679.00,100,11,10),(124,'Valve Guide',NULL,650.00,100,12,10),(125,'Valve Guide',NULL,345.00,100,13,10),(126,'Valve Guide',NULL,340.00,100,14,10),(127,'Valve Guide',NULL,680.00,100,15,10),(128,'Valve Guide',NULL,650.00,100,16,10),(129,'Valve Guide',NULL,560.00,100,17,10),(130,'Valve Guide',NULL,450.00,100,18,10),(131,'Valve Guide',NULL,430.00,100,19,10),(132,'Valve Guide',NULL,439.00,100,20,10),(133,'Valve Guide',NULL,467.00,100,21,10),(134,'Valve Guide',NULL,890.00,100,22,10),(135,'Valve Guide',NULL,659.00,100,23,10),(136,'Valve Guide',NULL,888.00,100,24,10),(137,'Valve Guide',NULL,545.00,100,25,10),(138,'Valve Guide',NULL,565.00,100,26,10),(139,'Valve Guide',NULL,456.00,100,27,10),(140,'Valve Guide',NULL,789.00,100,28,10),(141,'Gasket',NULL,770.00,100,1,10),(142,'Gasket',NULL,1349.00,100,2,10),(143,'Gasket',NULL,1569.00,100,3,10),(144,'Gasket',NULL,450.00,100,4,10),(145,'Gasket',NULL,3234.00,100,5,10),(146,'Gasket',NULL,6908.00,100,6,10),(147,'Gasket',NULL,4467.00,100,7,10),(148,'Gasket',NULL,450.00,100,8,10),(149,'Gasket',NULL,230.90,100,9,10),(150,'Gasket',NULL,788.00,100,10,10),(151,'Gasket',NULL,550.00,100,11,10),(152,'Gasket',NULL,2322.00,100,12,10),(153,'Gasket',NULL,1122.00,100,13,10),(154,'Gasket',NULL,3556.00,100,14,10),(155,'Gasket',NULL,7760.00,100,15,10),(156,'Gasket',NULL,560.00,100,16,10),(157,'Gasket',NULL,545.00,100,17,10),(158,'Gasket',NULL,324.00,100,18,10),(159,'Gasket',NULL,5455.00,100,19,10),(160,'Gasket',NULL,2122.00,100,20,10),(161,'Gasket',NULL,2215.00,100,21,10),(162,'Gasket',NULL,547.00,100,22,10),(163,'Gasket',NULL,888.00,100,23,10),(164,'Gasket',NULL,887.00,100,24,10),(165,'Gasket',NULL,434.00,100,25,10),(166,'Gasket',NULL,232.00,100,26,10),(167,'Gasket',NULL,3223.00,100,27,10),(168,'Gasket',NULL,546.00,100,28,10),(169,'Piston Ring','0.25',776.00,100,1,10),(170,'Piston Ring','0.25',725.00,100,2,10),(171,'Piston Ring','0.25',566.00,100,3,10),(172,'Piston Ring','0.25',766.00,100,4,10),(173,'Piston Ring','0.25',450.00,100,5,10),(174,'Piston Ring','0.25',650.00,100,6,10),(175,'Piston Ring','0.25',1200.50,100,7,10),(176,'Piston Ring','0.25',800.00,100,8,10),(177,'Piston Ring','0.25',350.00,100,9,10),(178,'Piston Ring','0.25',400.00,100,10,10),(179,'Piston Ring','0.25',360.00,100,11,10),(180,'Piston Ring','0.25',400.00,100,12,10),(181,'Piston Ring','0.25',550.00,100,13,10),(182,'Piston Ring','0.25',580.25,100,14,10),(183,'Piston Ring','0.25',1200.00,100,15,10),(184,'Piston Ring','0.25',1100.00,100,16,10),(185,'Piston Ring','0.25',500.00,100,17,10),(186,'Piston Ring','0.25',650.00,100,18,10),(187,'Piston Ring','0.25',750.00,100,19,10),(188,'Piston Ring','0.25',700.00,100,20,10),(189,'Piston Ring','0.25',720.00,100,21,10),(190,'Piston Ring','0.25',680.00,100,22,10),(191,'Piston Ring','0.25',600.00,100,23,10),(192,'Piston Ring','0.25',1150.00,100,24,10),(193,'Piston Ring','0.25',1000.00,100,25,10),(194,'Piston Ring','0.25',800.00,100,26,10),(195,'Piston Ring','0.25',850.00,100,27,10),(196,'Piston Ring','0.25',300.00,100,28,10),(197,'Main Bearing','0.25',660.00,100,1,10),(198,'Main Bearing','0.25',880.00,100,2,10),(199,'Main Bearing','0.25',980.00,100,3,10),(200,'Main Bearing','0.25',1000.50,100,4,10),(201,'Main Bearing','0.25',650.00,100,5,10),(202,'Main Bearing','0.25',850.00,100,6,10),(203,'Main Bearing','0.25',360.00,100,7,10),(204,'Main Bearing','0.25',480.00,100,8,10),(205,'Main Bearing','0.25',370.00,100,9,10),(206,'Main Bearing','0.25',460.00,100,10,10),(207,'Main Bearing','0.25',460.00,100,11,10),(208,'Main Bearing','0.25',450.00,100,12,10),(209,'Main Bearing','0.25',550.00,100,13,10),(210,'Main Bearing','0.25',580.00,100,14,10),(211,'Main Bearing','0.25',600.00,100,15,10),(212,'Main Bearing','0.25',650.00,100,16,10),(213,'Main Bearing','0.25',400.50,100,17,10),(214,'Main Bearing','0.25',660.00,100,18,10),(215,'Main Bearing','0.25',730.00,100,19,10),(216,'Main Bearing','0.25',390.00,100,20,10),(217,'Main Bearing','0.25',450.00,100,21,10),(218,'Main Bearing','0.25',470.00,100,22,10),(219,'Main Bearing','0.25',520.00,100,23,10),(220,'Main Bearing','0.25',500.00,100,24,10),(221,'Main Bearing','0.25',600.00,100,25,10),(222,'Main Bearing','0.25',400.00,100,26,10),(223,'Main Bearing','0.25',390.00,100,27,10),(224,'Main Bearing','0.25',380.00,100,28,10),(225,'Connecting Rod Bearing','0.25',410.00,100,1,10),(226,'Connecting Rod Bearing','0.25',570.00,100,2,10),(227,'Connecting Rod Bearing','0.25',580.00,100,3,10),(228,'Connecting Rod Bearing','0.25',585.00,100,4,10),(229,'Connecting Rod Bearing','0.25',550.90,100,5,10),(230,'Connecting Rod Bearing','0.25',290.00,100,6,10),(231,'Connecting Rod Bearing','0.25',375.00,100,7,10),(232,'Connecting Rod Bearing','0.25',850.00,100,8,10),(233,'Connecting Rod Bearing','0.25',800.00,100,9,10),(234,'Connecting Rod Bearing','0.25',690.00,100,10,10),(235,'Connecting Rod Bearing','0.25',900.00,100,11,10),(236,'Connecting Rod Bearing','0.25',1500.00,100,12,10),(237,'Connecting Rod Bearing','0.25',1400.00,100,13,10),(238,'Connecting Rod Bearing','0.25',400.00,100,14,10),(239,'Connecting Rod Bearing','0.25',500.00,100,15,10),(240,'Connecting Rod Bearing','0.25',520.00,100,16,10),(241,'Connecting Rod Bearing','0.25',580.00,100,17,10),(242,'Connecting Rod Bearing','0.25',670.00,100,18,10),(243,'Connecting Rod Bearing','0.25',680.00,100,19,10),(244,'Connecting Rod Bearing','0.25',600.00,100,20,10),(245,'Connecting Rod Bearing','0.25',800.00,100,21,10),(246,'Connecting Rod Bearing','0.25',900.00,100,22,10),(247,'Connecting Rod Bearing','0.25',980.00,100,23,10),(248,'Connecting Rod Bearing','0.25',970.00,100,24,10),(249,'Connecting Rod Bearing','0.25',600.00,100,25,10),(250,'Connecting Rod Bearing','0.25',900.00,100,26,10),(251,'Connecting Rod Bearing','0.25',800.00,100,27,10),(252,'Connecting Rod Bearing','0.25',860.00,100,28,10),(253,'Thrust Washer',NULL,700.00,100,1,10),(254,'Thrust Washer',NULL,470.00,100,2,10),(255,'Thrust Washer',NULL,860.00,100,3,10),(256,'Thrust Washer',NULL,900.00,100,4,10),(257,'Thrust Washer',NULL,900.00,100,5,10),(258,'Thrust Washer',NULL,860.00,100,6,10),(259,'Thrust Washer',NULL,470.00,100,7,10),(260,'Thrust Washer',NULL,700.00,100,8,10),(261,'Thrust Washer',NULL,800.00,100,9,10),(262,'Thrust Washer',NULL,800.00,100,10,10),(263,'Thrust Washer',NULL,980.00,100,11,10),(264,'Thrust Washer',NULL,600.00,100,12,10),(265,'Thrust Washer',NULL,650.00,100,13,10),(266,'Thrust Washer',NULL,750.75,100,14,10),(267,'Thrust Washer',NULL,1800.00,100,15,10),(268,'Thrust Washer',NULL,1500.00,100,16,10),(269,'Thrust Washer',NULL,730.00,100,17,10),(270,'Thrust Washer',NULL,440.00,100,18,10),(271,'Thrust Washer',NULL,399.00,100,19,10),(272,'Thrust Washer',NULL,770.00,100,20,10),(273,'Thrust Washer',NULL,885.00,100,21,10),(274,'Thrust Washer',NULL,880.00,100,22,10),(275,'Thrust Washer',NULL,695.00,100,23,10),(276,'Thrust Washer',NULL,990.00,100,24,10),(277,'Thrust Washer',NULL,1000.00,100,25,10),(278,'Thrust Washer',NULL,188.00,100,26,10),(279,'Thrust Washer',NULL,280.00,100,27,10),(280,'Thrust Washer',NULL,780.00,100,28,10),(281,'Camshaft Bushing',NULL,1000.00,100,1,10),(282,'Camshaft Bushing',NULL,900.00,100,2,10),(283,'Camshaft Bushing',NULL,1500.00,100,3,10),(284,'Camshaft Bushing',NULL,900.00,100,4,10),(285,'Camshaft Bushing',NULL,800.00,100,5,10),(286,'Camshaft Bushing',NULL,500.75,100,6,10),(287,'Camshaft Bushing',NULL,750.00,100,7,10),(288,'Camshaft Bushing',NULL,650.00,100,8,10),(289,'Camshaft Bushing',NULL,600.00,100,9,10),(290,'Camshaft Bushing',NULL,850.00,100,10,10),(291,'Camshaft Bushing',NULL,980.00,100,11,10),(292,'Camshaft Bushing',NULL,1200.00,100,12,10),(293,'Camshaft Bushing',NULL,460.00,100,13,10),(294,'Camshaft Bushing',NULL,600.00,100,14,10),(295,'Camshaft Bushing',NULL,600.00,100,15,10),(296,'Camshaft Bushing',NULL,600.00,100,16,10),(297,'Camshaft Bushing',NULL,750.00,100,17,10),(298,'Camshaft Bushing',NULL,600.00,100,18,10),(299,'Camshaft Bushing',NULL,600.00,100,19,10),(300,'Camshaft Bushing',NULL,600.00,100,20,10),(301,'Camshaft Bushing',NULL,750.00,100,21,10),(302,'Camshaft Bushing',NULL,750.00,100,22,10),(303,'Camshaft Bushing',NULL,750.00,100,23,10),(304,'Camshaft Bushing',NULL,1200.00,100,24,10),(305,'Camshaft Bushing',NULL,750.00,100,25,10),(306,'Camshaft Bushing',NULL,400.00,100,26,10),(307,'Camshaft Bushing',NULL,800.00,100,27,10),(308,'Camshaft Bushing',NULL,900.00,100,28,10),(309,'Piston Assembly',NULL,900.00,100,1,10),(310,'Piston Assembly',NULL,700.00,100,2,10),(311,'Piston Assembly',NULL,600.00,100,3,10),(312,'Piston Assembly',NULL,650.00,100,4,10),(313,'Piston Assembly',NULL,760.50,100,5,10),(314,'Piston Assembly',NULL,800.00,100,6,10),(315,'Piston Assembly',NULL,990.00,100,7,10),(316,'Piston Assembly',NULL,980.00,100,8,10),(317,'Piston Assembly',NULL,1000.00,100,9,10),(318,'Piston Assembly',NULL,1100.00,100,10,10),(319,'Piston Assembly',NULL,400.00,100,11,10),(320,'Piston Assembly',NULL,500.00,100,12,10),(321,'Piston Assembly',NULL,600.00,100,13,10),(322,'Piston Assembly',NULL,800.00,100,14,10),(323,'Piston Assembly',NULL,750.00,100,15,10),(324,'Piston Assembly',NULL,500.00,100,16,10),(325,'Piston Assembly',NULL,800.00,100,17,10),(326,'Piston Assembly',NULL,600.00,100,18,10),(327,'Piston Assembly',NULL,650.00,100,19,10),(328,'Piston Assembly',NULL,1000.00,100,20,10),(329,'Piston Assembly',NULL,770.00,100,21,10),(330,'Piston Assembly',NULL,550.00,100,22,10),(331,'Piston Assembly',NULL,600.00,100,23,10),(332,'Piston Assembly',NULL,500.00,100,24,10),(333,'Piston Assembly',NULL,480.00,100,25,10),(334,'Piston Assembly',NULL,590.00,100,26,10),(335,'Piston Assembly',NULL,100.00,100,27,10),(336,'Piston Assembly',NULL,500.00,100,28,10),(337,'Piston Pin',NULL,600.00,100,1,10),(338,'Piston Pin',NULL,520.00,100,2,10),(339,'Piston Pin',NULL,900.00,100,3,10),(340,'Piston Pin',NULL,670.00,100,4,10),(341,'Piston Pin',NULL,700.00,100,5,10),(342,'Piston Pin',NULL,500.00,100,6,10),(343,'Piston Pin',NULL,600.00,100,7,10),(344,'Piston Pin',NULL,770.00,100,8,10),(345,'Piston Pin',NULL,640.00,100,9,10),(346,'Piston Pin',NULL,680.00,100,10,10),(347,'Piston Pin',NULL,940.00,100,11,10),(348,'Piston Pin',NULL,800.00,100,12,10),(349,'Piston Pin',NULL,670.00,100,13,10),(350,'Piston Pin',NULL,600.00,100,14,10),(351,'Piston Pin',NULL,800.00,100,15,10),(352,'Piston Pin',NULL,700.00,100,16,10),(353,'Piston Pin',NULL,780.00,100,17,10),(354,'Piston Pin',NULL,700.00,100,18,10),(355,'Piston Pin',NULL,700.00,100,19,10),(356,'Piston Pin',NULL,600.00,100,20,10),(357,'Piston Pin',NULL,700.00,100,21,10),(358,'Piston Pin',NULL,800.00,100,22,10),(359,'Piston Pin',NULL,670.00,100,23,10),(360,'Piston Pin',NULL,760.00,100,24,10),(361,'Piston Pin',NULL,650.00,100,25,10),(362,'Piston Pin',NULL,500.00,100,26,10),(363,'Piston Pin',NULL,900.00,100,27,10),(364,'Piston Pin',NULL,800.00,100,28,10),(365,'Liner',NULL,600.00,100,1,10),(366,'Liner',NULL,400.00,100,2,10),(367,'Liner',NULL,510.00,100,3,10),(368,'Liner',NULL,520.00,100,4,10),(369,'Liner',NULL,840.00,100,5,10),(370,'Liner',NULL,940.00,100,6,10),(371,'Liner',NULL,650.00,100,7,10),(372,'Liner',NULL,720.00,100,8,10),(373,'Liner',NULL,700.00,100,9,10),(374,'Liner',NULL,800.00,100,10,10),(375,'Liner',NULL,760.00,100,11,10),(376,'Liner',NULL,740.00,100,12,10),(377,'Liner',NULL,800.00,100,13,10),(378,'Liner',NULL,700.00,100,14,10),(379,'Liner',NULL,640.00,100,15,10),(380,'Liner',NULL,600.00,100,16,10),(381,'Liner',NULL,450.00,100,17,10),(382,'Liner',NULL,400.00,100,18,10),(383,'Liner',NULL,300.00,100,19,10),(384,'Liner',NULL,1100.00,100,20,10),(385,'Liner',NULL,1000.00,100,21,10),(386,'Liner',NULL,400.00,100,22,10),(387,'Liner',NULL,700.00,100,23,10),(388,'Liner',NULL,700.00,100,24,10),(389,'Liner',NULL,600.00,100,25,10),(390,'Liner',NULL,550.00,100,26,10),(391,'Liner',NULL,880.00,100,27,10),(392,'Liner',NULL,630.00,100,28,10),(393,'Overhauling Gasket',NULL,600.00,100,1,10),(394,'Overhauling Gasket',NULL,600.00,100,2,10),(395,'Overhauling Gasket',NULL,600.00,100,3,10),(396,'Overhauling Gasket',NULL,600.00,100,4,10),(397,'Overhauling Gasket',NULL,600.00,100,5,10),(398,'Overhauling Gasket',NULL,600.00,100,6,10),(399,'Overhauling Gasket',NULL,600.00,100,7,10),(400,'Overhauling Gasket',NULL,900.00,100,8,10),(401,'Overhauling Gasket',NULL,860.00,100,9,10),(402,'Overhauling Gasket',NULL,700.00,100,10,10),(403,'Overhauling Gasket',NULL,860.00,100,11,10),(404,'Overhauling Gasket',NULL,750.00,100,12,10),(405,'Overhauling Gasket',NULL,620.00,100,13,10),(406,'Overhauling Gasket',NULL,830.00,100,14,10),(407,'Overhauling Gasket',NULL,780.00,100,15,10),(408,'Overhauling Gasket',NULL,900.00,100,16,10),(409,'Overhauling Gasket',NULL,700.00,100,17,10),(410,'Overhauling Gasket',NULL,740.00,100,18,10),(411,'Overhauling Gasket',NULL,680.00,100,19,10),(412,'Overhauling Gasket',NULL,900.00,100,20,10),(413,'Overhauling Gasket',NULL,850.00,100,21,10),(414,'Overhauling Gasket',NULL,850.00,100,22,10),(415,'Overhauling Gasket',NULL,659.00,100,23,10),(416,'Overhauling Gasket',NULL,750.00,100,24,10),(417,'Overhauling Gasket',NULL,899.00,100,25,10),(418,'Overhauling Gasket',NULL,850.75,100,26,10),(419,'Overhauling Gasket',NULL,1000.00,100,27,10),(420,'Overhauling Gasket',NULL,900.00,100,28,10),(421,'Piston Ring','0.5',600.00,100,1,10),(422,'Piston Ring','0.5',600.00,100,2,10),(423,'Piston Ring','0.5',600.00,100,3,10),(424,'Piston Ring','0.5',600.00,100,4,10),(425,'Piston Ring','0.5',600.00,100,5,10),(426,'Piston Ring','0.5',600.00,100,6,10),(427,'Piston Ring','0.5',600.00,100,7,10),(428,'Piston Ring','0.5',600.00,100,8,10),(429,'Piston Ring','0.5',600.00,100,9,10),(430,'Piston Ring','0.5',600.00,100,10,10),(431,'Piston Ring','0.5',600.00,100,11,10),(432,'Piston Ring','0.5',600.00,100,12,10),(433,'Piston Ring','0.5',600.00,100,13,10),(434,'Piston Ring','0.5',600.00,100,29,10),(435,'Piston Ring','0.5',600.00,100,15,10),(436,'Piston Ring','0.5',600.00,100,16,10),(437,'Piston Ring','0.5',600.00,100,17,10),(438,'Piston Ring','0.5',600.00,100,18,10),(439,'Piston Ring','0.5',600.00,100,19,10),(440,'Piston Ring','0.5',600.00,100,30,10),(441,'Piston Ring','0.5',600.00,100,31,10),(442,'Piston Ring','0.5',600.00,100,32,10),(443,'Piston Ring','0.5',600.00,100,23,10),(444,'Piston Ring','0.5',600.00,100,24,10),(445,'Piston Ring','0.5',600.00,100,25,10),(446,'Piston Ring','0.5',600.00,100,26,10),(447,'Piston Ring','0.5',600.00,100,27,10),(448,'Piston Ring','0.5',600.00,100,28,10),(449,'Piston Ring','0.75',750.00,100,1,10),(450,'Piston Ring','0.75',750.00,100,2,10),(451,'Piston Ring','0.75',750.00,100,3,10),(452,'Piston Ring','0.75',750.00,100,4,10),(453,'Piston Ring','0.75',750.00,100,5,10),(454,'Piston Ring','0.75',750.00,100,6,10),(455,'Piston Ring','0.75',750.00,100,7,10),(456,'Piston Ring','0.75',750.00,100,8,10),(457,'Piston Ring','0.75',750.00,100,9,10),(458,'Piston Ring','0.75',750.00,100,10,10),(459,'Piston Ring','0.75',750.00,100,11,10),(460,'Piston Ring','0.75',750.00,100,12,10),(461,'Piston Ring','0.75',750.00,100,13,10),(462,'Piston Ring','0.75',750.00,100,29,10),(463,'Piston Ring','0.75',750.00,100,15,10),(464,'Piston Ring','0.75',750.00,100,16,10),(465,'Piston Ring','0.75',750.00,100,17,10),(466,'Piston Ring','0.75',750.00,100,18,10),(467,'Piston Ring','0.75',750.00,100,19,10),(468,'Piston Ring','0.75',750.00,100,30,10),(469,'Piston Ring','0.75',750.00,100,31,10),(470,'Piston Ring','0.75',750.00,100,32,10),(471,'Piston Ring','0.75',750.00,100,23,10),(472,'Piston Ring','0.75',750.00,100,24,10),(473,'Piston Ring','0.75',750.00,100,25,10),(474,'Piston Ring','0.75',750.00,100,26,10),(475,'Piston Ring','0.75',750.00,100,27,10),(476,'Piston Ring','0.75',750.00,100,28,10),(477,'Piston Ring','STD',900.00,100,1,10),(478,'Piston Ring','STD',900.00,100,2,10),(479,'Piston Ring','STD',900.00,100,3,10),(480,'Piston Ring','STD',900.00,100,4,10),(481,'Piston Ring','STD',900.00,100,5,10),(482,'Piston Ring','STD',900.00,100,6,10),(483,'Piston Ring','STD',900.00,100,7,10),(484,'Piston Ring','STD',900.00,100,8,10),(485,'Piston Ring','STD',900.00,100,9,10),(486,'Piston Ring','STD',900.00,100,10,10),(487,'Piston Ring','STD',900.00,100,11,10),(488,'Piston Ring','STD',900.00,100,12,10),(489,'Piston Ring','STD',900.00,100,13,10),(490,'Piston Ring','STD',900.00,100,29,10),(491,'Piston Ring','STD',900.00,100,15,10),(492,'Piston Ring','STD',900.00,100,16,10),(493,'Piston Ring','STD',900.00,100,17,10),(494,'Piston Ring','STD',900.00,100,18,10),(495,'Piston Ring','STD',900.00,100,19,10),(496,'Piston Ring','STD',900.00,100,30,10),(497,'Piston Ring','STD',900.00,100,31,10),(498,'Piston Ring','STD',900.00,100,32,10),(499,'Piston Ring','STD',900.00,100,23,10),(500,'Piston Ring','STD',900.00,100,24,10),(501,'Piston Ring','STD',900.00,100,25,10),(502,'Piston Ring','STD',900.00,100,26,10),(503,'Piston Ring','STD',900.00,100,27,10),(504,'Piston Ring','STD',900.00,100,28,10),(505,'Main Bearing','0.5',700.00,100,1,10),(506,'Main Bearing','0.5',700.00,100,2,10),(507,'Main Bearing','0.5',700.00,100,3,10),(508,'Main Bearing','0.5',700.00,100,4,10),(509,'Main Bearing','0.5',700.00,100,5,10),(510,'Main Bearing','0.5',700.00,100,6,10),(511,'Main Bearing','0.5',700.00,100,7,10),(512,'Main Bearing','0.5',700.00,100,8,10),(513,'Main Bearing','0.5',700.00,100,9,10),(514,'Main Bearing','0.5',700.00,100,10,10),(515,'Main Bearing','0.5',700.00,100,11,10),(516,'Main Bearing','0.5',700.00,100,12,10),(517,'Main Bearing','0.5',700.00,100,13,10),(518,'Main Bearing','0.5',700.00,100,29,10),(519,'Main Bearing','0.5',700.00,100,15,10),(520,'Main Bearing','0.5',700.00,100,16,10),(521,'Main Bearing','0.5',700.00,100,17,10),(522,'Main Bearing','0.5',700.00,100,18,10),(523,'Main Bearing','0.5',700.00,100,19,10),(524,'Main Bearing','0.5',700.00,100,30,10),(525,'Main Bearing','0.5',700.00,100,31,10),(526,'Main Bearing','0.5',700.00,100,32,10),(527,'Main Bearing','0.5',700.00,100,23,10),(528,'Main Bearing','0.5',700.00,100,24,10),(529,'Main Bearing','0.5',700.00,100,25,10),(530,'Main Bearing','0.5',700.00,100,26,10),(531,'Main Bearing','0.5',700.00,100,27,10),(532,'Main Bearing','0.5',700.00,100,28,10),(533,'Main Bearing','0.75',750.00,100,1,10),(534,'Main Bearing','0.75',750.00,100,2,10),(535,'Main Bearing','0.75',750.00,100,3,10),(536,'Main Bearing','0.75',750.00,100,4,10),(537,'Main Bearing','0.75',750.00,100,5,10),(538,'Main Bearing','0.75',750.00,100,6,10),(539,'Main Bearing','0.75',750.00,100,7,10),(540,'Main Bearing','0.75',750.00,100,8,10),(541,'Main Bearing','0.75',750.00,100,9,10),(542,'Main Bearing','0.75',750.00,100,10,10),(543,'Main Bearing','0.75',750.00,100,11,10),(544,'Main Bearing','0.75',750.00,100,12,10),(545,'Main Bearing','0.75',750.00,100,13,10),(546,'Main Bearing','0.75',750.00,100,29,10),(547,'Main Bearing','0.75',750.00,100,15,10),(548,'Main Bearing','0.75',750.00,100,16,10),(549,'Main Bearing','0.75',750.00,100,17,10),(550,'Main Bearing','0.75',750.00,100,18,10),(551,'Main Bearing','0.75',750.00,100,19,10),(552,'Main Bearing','0.75',750.00,100,30,10),(553,'Main Bearing','0.75',750.00,100,31,10),(554,'Main Bearing','0.75',750.00,100,32,10),(555,'Main Bearing','0.75',750.00,100,23,10),(556,'Main Bearing','0.75',750.00,100,24,10),(557,'Main Bearing','0.75',750.00,100,25,10),(558,'Main Bearing','0.75',750.00,100,26,10),(559,'Main Bearing','0.75',750.00,100,27,10),(560,'Main Bearing','0.75',750.00,100,28,10),(561,'Main Bearing','STD',800.00,100,1,10),(562,'Main Bearing','STD',800.00,100,2,10),(563,'Main Bearing','STD',800.00,100,3,10),(564,'Main Bearing','STD',800.00,100,4,10),(565,'Main Bearing','STD',800.00,100,5,10),(566,'Main Bearing','STD',800.00,100,6,10),(567,'Main Bearing','STD',800.00,100,7,10),(568,'Main Bearing','STD',800.00,100,8,10),(569,'Main Bearing','STD',800.00,100,9,10),(570,'Main Bearing','STD',800.00,100,10,10),(571,'Main Bearing','STD',800.00,100,11,10),(572,'Main Bearing','STD',800.00,100,12,10),(573,'Main Bearing','STD',800.00,100,13,10),(574,'Main Bearing','STD',800.00,100,29,10),(575,'Main Bearing','STD',800.00,100,15,10),(576,'Main Bearing','STD',800.00,100,16,10),(577,'Main Bearing','STD',800.00,100,17,10),(578,'Main Bearing','STD',800.00,100,18,10),(579,'Main Bearing','STD',800.00,100,19,10),(580,'Main Bearing','STD',800.00,100,30,10),(581,'Main Bearing','STD',800.00,100,31,10),(582,'Main Bearing','STD',800.00,100,32,10),(583,'Main Bearing','STD',800.00,100,23,10),(584,'Main Bearing','STD',800.00,100,24,10),(585,'Main Bearing','STD',800.00,100,25,10),(586,'Main Bearing','STD',800.00,100,26,10),(587,'Main Bearing','STD',800.00,100,27,10),(588,'Main Bearing','STD',800.00,100,28,10),(589,'Connecting Rod Bearing','0.5',900.00,100,1,10),(590,'Connecting Rod Bearing','0.5',900.00,100,2,10),(591,'Connecting Rod Bearing','0.5',900.00,100,3,10),(592,'Connecting Rod Bearing','0.5',900.00,100,4,10),(593,'Connecting Rod Bearing','0.5',900.00,100,5,10),(594,'Connecting Rod Bearing','0.5',900.00,100,6,10),(595,'Connecting Rod Bearing','0.5',900.00,100,7,10),(596,'Connecting Rod Bearing','0.5',900.00,100,8,10),(597,'Connecting Rod Bearing','0.5',900.00,100,9,10),(598,'Connecting Rod Bearing','0.5',900.00,100,10,10),(599,'Connecting Rod Bearing','0.5',900.00,100,11,10),(600,'Connecting Rod Bearing','0.5',900.00,100,12,10),(601,'Connecting Rod Bearing','0.5',900.00,100,13,10),(602,'Connecting Rod Bearing','0.5',900.00,100,29,10),(603,'Connecting Rod Bearing','0.5',900.00,100,15,10),(604,'Connecting Rod Bearing','0.5',900.00,100,16,10),(605,'Connecting Rod Bearing','0.5',900.00,100,17,10),(606,'Connecting Rod Bearing','0.5',900.00,100,18,10),(607,'Connecting Rod Bearing','0.5',900.00,100,19,10),(608,'Connecting Rod Bearing','0.5',900.00,100,30,10),(609,'Connecting Rod Bearing','0.5',900.00,100,31,10),(610,'Connecting Rod Bearing','0.5',900.00,100,32,10),(611,'Connecting Rod Bearing','0.5',900.00,100,23,10),(612,'Connecting Rod Bearing','0.5',900.00,100,24,10),(613,'Connecting Rod Bearing','0.5',900.00,100,25,10),(614,'Connecting Rod Bearing','0.5',900.00,100,26,10),(615,'Connecting Rod Bearing','0.5',900.00,100,27,10),(616,'Connecting Rod Bearing','0.5',900.00,100,28,10),(617,'Connecting Rod Bearing','0.75',950.00,100,1,10),(618,'Connecting Rod Bearing','0.75',950.00,100,2,10),(619,'Connecting Rod Bearing','0.75',950.00,100,3,10),(620,'Connecting Rod Bearing','0.75',950.00,100,4,10),(621,'Connecting Rod Bearing','0.75',950.00,100,5,10),(622,'Connecting Rod Bearing','0.75',950.00,100,6,10),(623,'Connecting Rod Bearing','0.75',950.00,100,7,10),(624,'Connecting Rod Bearing','0.75',950.00,100,8,10),(625,'Connecting Rod Bearing','0.75',950.00,100,9,10),(626,'Connecting Rod Bearing','0.75',950.00,100,10,10),(627,'Connecting Rod Bearing','0.75',950.00,100,11,10),(628,'Connecting Rod Bearing','0.75',950.00,100,12,10),(629,'Connecting Rod Bearing','0.75',950.00,100,13,10),(630,'Connecting Rod Bearing','0.75',950.00,100,29,10),(631,'Connecting Rod Bearing','0.75',950.00,100,15,10),(632,'Connecting Rod Bearing','0.75',950.00,100,16,10),(633,'Connecting Rod Bearing','0.75',950.00,100,17,10),(634,'Connecting Rod Bearing','0.75',950.00,100,18,10),(635,'Connecting Rod Bearing','0.75',950.00,100,19,10),(636,'Connecting Rod Bearing','0.75',950.00,100,30,10),(637,'Connecting Rod Bearing','0.75',950.00,100,31,10),(638,'Connecting Rod Bearing','0.75',950.00,100,32,10),(639,'Connecting Rod Bearing','0.75',950.00,100,23,10),(640,'Connecting Rod Bearing','0.75',950.00,100,24,10),(641,'Connecting Rod Bearing','0.75',950.00,100,25,10),(642,'Connecting Rod Bearing','0.75',950.00,100,26,10),(643,'Connecting Rod Bearing','0.75',950.00,100,27,10),(644,'Connecting Rod Bearing','0.75',950.00,100,28,10),(645,'Connecting Rod Bearing','STD',1000.00,100,1,10),(646,'Connecting Rod Bearing','STD',1000.00,100,2,10),(647,'Connecting Rod Bearing','STD',1000.00,100,3,10),(648,'Connecting Rod Bearing','STD',1000.00,100,4,10),(649,'Connecting Rod Bearing','STD',1000.00,100,5,10),(650,'Connecting Rod Bearing','STD',1000.00,100,6,10),(651,'Connecting Rod Bearing','STD',1000.00,100,7,10),(652,'Connecting Rod Bearing','STD',1000.00,100,8,10),(653,'Connecting Rod Bearing','STD',1000.00,100,9,10),(654,'Connecting Rod Bearing','STD',1000.00,100,10,10),(655,'Connecting Rod Bearing','STD',1000.00,100,11,10),(656,'Connecting Rod Bearing','STD',1000.00,100,12,10),(657,'Connecting Rod Bearing','STD',1000.00,100,13,10),(658,'Connecting Rod Bearing','STD',1000.00,100,29,10),(659,'Connecting Rod Bearing','STD',1000.00,100,15,10),(660,'Connecting Rod Bearing','STD',1000.00,100,16,10),(661,'Connecting Rod Bearing','STD',1000.00,100,17,10),(662,'Connecting Rod Bearing','STD',1000.00,100,18,10),(663,'Connecting Rod Bearing','STD',1000.00,100,19,10),(664,'Connecting Rod Bearing','STD',1000.00,100,30,10),(665,'Connecting Rod Bearing','STD',1000.00,100,31,10),(666,'Connecting Rod Bearing','STD',1000.00,100,32,10),(667,'Connecting Rod Bearing','STD',1000.00,100,23,10),(668,'Connecting Rod Bearing','STD',1000.00,100,24,10),(669,'Connecting Rod Bearing','STD',1000.00,100,25,10),(670,'Connecting Rod Bearing','STD',1000.00,100,26,10),(671,'Connecting Rod Bearing','STD',1000.00,100,27,10),(672,'Connecting Rod Bearing','STD',1000.00,100,28,10),(673,'Bearing',NULL,800.00,100,33,10),(674,'Bearing',NULL,750.00,100,34,10),(675,'Bearing',NULL,650.00,100,35,10),(676,'Bearing',NULL,900.00,100,36,10),(677,'Bearing',NULL,1100.00,100,37,10),(678,'Bearing',NULL,1100.00,100,38,10),(679,'Bearing',NULL,1100.00,100,39,10),(680,'Bearing',NULL,1100.00,100,40,10),(681,'Bearing',NULL,650.00,100,41,10),(682,'Bearing',NULL,650.00,100,42,10),(683,'Bearing',NULL,1100.00,100,43,10),(684,'Bearing',NULL,800.00,100,44,10),(685,'Bearing',NULL,800.00,100,45,10),(686,'Bearing',NULL,1100.00,100,46,10),(687,'Bearing',NULL,800.00,100,47,10),(688,'Bearing',NULL,800.00,100,48,10),(689,'Bearing',NULL,800.00,100,49,10),(690,'Bearing',NULL,650.00,100,50,10),(691,'Bearing',NULL,700.00,100,51,10),(692,'Bearing',NULL,750.00,100,52,10),(693,'Bearing',NULL,780.00,100,53,10),(694,'Bearing',NULL,600.00,100,54,10),(695,'Bearing',NULL,1100.00,100,55,10),(696,'Bearing',NULL,1100.00,100,56,10),(697,'Bearing',NULL,600.00,100,57,10),(698,'Bearing',NULL,600.00,100,58,10),(699,'Bearing',NULL,750.00,100,59,10),(700,'Bearing',NULL,680.50,100,60,10),(701,'Bearing',NULL,1100.00,100,61,10),(702,'Bearing',NULL,1100.00,100,62,10),(703,'Bearing',NULL,1100.00,100,63,10),(704,'Bearing',NULL,600.00,100,64,10),(705,'Bearing',NULL,600.00,100,65,10),(706,'Bearing',NULL,600.00,100,66,10),(707,'Bearing',NULL,750.00,100,67,10),(708,'Bearing',NULL,750.00,100,68,10),(709,'Bearing',NULL,750.00,100,69,10),(710,'Bearing',NULL,600.00,100,70,10),(711,'Bearing',NULL,750.00,100,71,10),(712,'Bearing',NULL,1500.00,100,72,10),(713,'Bearing',NULL,1100.00,100,73,10),(714,'Bearing',NULL,600.00,100,74,10),(715,'Bearing',NULL,700.00,100,75,10),(716,'Bearing',NULL,750.00,100,76,10),(717,'Bearing',NULL,750.00,100,77,10),(718,'Bearing',NULL,600.00,100,78,10),(719,'Bearing',NULL,750.00,100,79,10),(720,'Bearing',NULL,1100.00,100,80,10),(721,'Bearing',NULL,1100.00,100,81,10),(722,'Bearing',NULL,600.00,100,82,10),(723,'Bearing',NULL,980.00,100,83,10),(724,'Bearing',NULL,700.00,100,84,10),(725,'Bearing',NULL,600.00,100,85,10),(726,'Bearing',NULL,750.00,100,86,10),(727,'Bearing',NULL,750.00,100,87,10),(728,'Bearing',NULL,600.00,100,88,10),(729,'Bearing',NULL,1100.00,100,89,10),(730,'Bearing',NULL,1100.00,100,90,10),(731,'Bearing',NULL,1100.00,100,91,10),(732,'Bearing',NULL,600.00,100,92,10),(733,'Bearing',NULL,750.00,100,93,10),(734,'Bearing',NULL,1200.00,100,94,10),(735,'Bearing',NULL,600.00,100,95,10),(736,'Bearing',NULL,1500.00,100,96,10),(737,'Bearing',NULL,1100.00,100,97,10),(738,'Bearing',NULL,1200.00,100,98,10),(739,'Bearing',NULL,600.00,100,99,10),(740,'Bearing',NULL,750.00,100,100,10),(741,'Bearing',NULL,750.00,100,101,10),(742,'Bearing',NULL,600.00,100,102,10),(743,'Bearing',NULL,600.00,100,103,10),(744,'Bearing',NULL,1100.00,100,104,10),(745,'Bearing',NULL,750.00,100,105,10),(746,'Bearing',NULL,600.00,100,106,10),(747,'Bearing',NULL,1100.00,100,107,10),(748,'Bearing',NULL,750.00,100,108,10),(749,'Bearing',NULL,600.00,100,109,10),(750,'Bearing',NULL,1200.00,100,110,10),(751,'Bearing',NULL,750.00,100,111,10),(752,'Bearing',NULL,900.00,100,112,10),(753,'Bearing',NULL,1100.00,100,113,10),(754,'Bearing',NULL,1100.00,100,114,10),(755,'Bearing',NULL,1100.00,100,115,10),(756,'Bearing',NULL,750.00,100,116,10),(757,'Bearing',NULL,820.00,100,117,10),(758,'Bearing',NULL,600.00,100,118,10),(759,'Bearing',NULL,750.00,100,119,10),(760,'Bearing',NULL,600.00,100,120,10),(761,'Bearing',NULL,1100.00,100,121,10),(762,'Bearing',NULL,1100.00,100,122,10),(763,'Bearing',NULL,1100.00,100,123,10),(764,'Bearing',NULL,750.00,100,124,10),(765,'Bearing',NULL,1100.00,100,125,10),(766,'Bearing',NULL,750.00,100,126,10),(767,'Bearing',NULL,750.00,100,127,10),(768,'Bearing',NULL,600.00,100,128,10),(769,'Bearing',NULL,1100.00,100,129,10),(770,'Bearing',NULL,1100.00,100,130,10),(771,'Bearing',NULL,900.00,100,131,10),(772,'Bearing',NULL,820.00,100,132,10),(773,'Bearing',NULL,700.00,100,133,10),(774,'Bearing',NULL,800.00,100,134,10),(775,'Bearing',NULL,860.00,100,135,10),(776,'Bearing',NULL,900.00,100,136,10),(777,'Bearing',NULL,950.00,100,137,10),(778,'Bearing',NULL,900.00,100,138,10),(779,'Bearing',NULL,970.00,100,139,10),(780,'Bearing',NULL,920.00,100,140,10),(781,'Bearing',NULL,500.00,100,141,10),(782,'Bearing',NULL,700.00,100,142,10),(783,'Bearing',NULL,900.00,100,143,10),(784,'Bearing',NULL,480.00,100,144,10),(785,'Bearing',NULL,770.00,100,145,10),(786,'Bearing',NULL,1100.00,100,146,10),(787,'Bearing',NULL,1200.00,100,147,10),(788,'Bearing',NULL,1300.00,100,148,10),(789,'Bearing',NULL,670.00,100,149,10),(790,'Bearing',NULL,650.00,100,150,10),(791,'Bearing',NULL,800.00,100,151,10),(792,'Bearing',NULL,900.00,100,152,10),(793,'Bearing',NULL,600.00,100,153,10),(794,'Bearing',NULL,600.00,100,154,10),(795,'Bearing',NULL,600.00,100,155,10),(796,'Bearing',NULL,600.00,100,156,10),(797,'Bearing',NULL,600.00,100,157,10),(798,'Bearing',NULL,600.00,100,158,10),(799,'Bearing',NULL,600.00,100,159,10),(800,'Bearing',NULL,600.00,100,160,10),(801,'Bearing',NULL,600.00,100,161,10),(802,'Bearing',NULL,600.00,100,162,10),(803,'Bearing',NULL,850.00,100,163,10),(804,'Bearing',NULL,850.00,100,164,10),(805,'Bearing',NULL,850.00,100,165,10),(806,'Bearing',NULL,850.00,100,166,10),(807,'Bearing',NULL,850.00,100,167,10),(808,'Bearing',NULL,850.00,100,168,10),(809,'Bearing',NULL,850.00,100,169,10),(810,'Bearing',NULL,850.00,100,170,10),(811,'Bearing',NULL,850.00,100,171,10),(812,'Bearing',NULL,850.00,100,172,10),(813,'Bearing',NULL,1100.00,100,173,10),(814,'Bearing',NULL,1100.00,100,174,10),(815,'Bearing',NULL,1100.00,100,175,10),(816,'Bearing',NULL,1100.00,100,176,10),(817,'Bearing',NULL,1100.00,100,177,10),(818,'Bearing',NULL,1100.00,100,178,10),(819,'Bearing',NULL,1100.00,100,179,10),(820,'Bearing',NULL,1100.00,100,180,10),(821,'Bearing',NULL,1100.00,100,181,10),(822,'Bearing',NULL,1100.00,100,182,10),(823,'Bearing',NULL,1100.00,100,183,10),(824,'Bearing',NULL,1100.00,100,184,10),(825,'Bearing',NULL,1100.00,100,185,10),(826,'Bearing',NULL,1100.00,100,186,10),(827,'Bearing',NULL,1100.00,100,187,10),(828,'Bearing',NULL,1100.00,100,188,10),(829,'Bearing',NULL,1100.00,100,189,10),(830,'Bearing',NULL,1100.00,100,190,10),(831,'Bearing',NULL,1100.00,100,191,10),(832,'Bearing',NULL,1100.00,100,192,10),(833,'Bearing',NULL,680.00,100,193,10),(834,'Bearing',NULL,680.00,100,194,10),(835,'Bearing',NULL,680.00,100,195,10),(836,'Bearing',NULL,680.00,100,196,10),(837,'Bearing',NULL,680.00,100,197,10),(838,'Bearing',NULL,680.00,100,198,10),(839,'Bearing',NULL,680.00,100,199,10),(840,'Bearing',NULL,680.00,100,200,10),(841,'Bearing',NULL,680.00,100,201,10),(842,'Bearing',NULL,680.00,100,202,10),(843,'Bearing',NULL,700.00,100,203,10),(844,'Bearing',NULL,700.00,100,204,10),(845,'Bearing',NULL,700.00,100,205,10),(846,'Bearing',NULL,700.00,100,206,10),(847,'Bearing',NULL,700.00,100,207,10),(848,'Bearing',NULL,700.00,100,208,10),(849,'Bearing',NULL,700.00,100,209,10),(850,'Bearing',NULL,700.00,100,210,10),(851,'Bearing',NULL,700.00,100,211,10),(852,'Bearing',NULL,700.00,100,212,10),(853,'Bearing',NULL,820.00,100,213,10),(854,'Bearing',NULL,820.00,100,214,10),(855,'Bearing',NULL,820.00,100,215,10),(856,'Bearing',NULL,820.00,100,216,10),(857,'Bearing',NULL,820.00,100,217,10),(858,'Bearing',NULL,820.00,100,218,10),(859,'Bearing',NULL,820.00,100,219,10),(860,'Bearing',NULL,820.00,100,220,10),(861,'Bearing',NULL,820.00,100,221,10),(862,'Bearing',NULL,820.00,100,222,10),(863,'Bearing',NULL,980.00,100,223,10),(864,'Bearing',NULL,980.00,100,224,10),(865,'Bearing',NULL,980.00,100,225,10),(866,'Bearing',NULL,980.00,100,226,10),(867,'Bearing',NULL,980.00,100,227,10),(868,'Bearing',NULL,980.00,100,228,10),(869,'Bearing',NULL,980.00,100,229,10),(870,'Bearing',NULL,980.00,100,230,10),(871,'Bearing',NULL,980.00,100,231,10),(872,'Bearing',NULL,980.00,100,232,10),(873,'Bearing',NULL,1200.00,100,233,10),(874,'Bearing',NULL,1200.00,100,234,10),(875,'Bearing',NULL,1200.00,100,235,10),(876,'Bearing',NULL,1200.00,100,236,10),(877,'Bearing',NULL,1200.00,100,237,10),(878,'Bearing',NULL,1200.00,100,238,10),(879,'Bearing',NULL,1200.00,100,239,10),(880,'Bearing',NULL,1200.00,100,240,10),(881,'Bearing',NULL,1200.00,100,241,10),(882,'Bearing',NULL,1200.00,100,242,10),(883,'Bearing',NULL,1200.00,100,243,10),(884,'Bearing',NULL,1200.00,100,244,10),(885,'Bearing',NULL,1200.00,100,245,10),(886,'Bearing',NULL,1200.00,100,246,10),(887,'Bearing',NULL,1200.00,100,247,10),(888,'Bearing',NULL,1200.00,100,248,10),(889,'Bearing',NULL,1200.00,100,249,10),(890,'Bearing',NULL,1200.00,100,250,10),(891,'Bearing',NULL,1200.00,100,251,10),(892,'Bearing',NULL,1200.00,100,252,10),(893,'Bearing',NULL,1200.00,100,253,10),(894,'Bearing',NULL,1200.00,100,254,10),(895,'Bearing',NULL,1200.00,100,255,10),(896,'Bearing',NULL,1200.00,100,256,10),(897,'Bearing',NULL,1200.00,100,257,10),(898,'Bearing',NULL,1200.00,100,258,10),(899,'Bearing',NULL,1200.00,100,259,10),(900,'Bearing',NULL,1200.00,100,260,10),(901,'Bearing',NULL,1200.00,100,261,10),(902,'Bearing',NULL,1200.00,100,262,10),(903,'Bearing',NULL,1200.00,100,263,10),(904,'Bearing',NULL,1200.00,100,264,10),(905,'Bearing',NULL,1200.00,100,265,10),(906,'Bearing',NULL,1200.00,100,266,10),(907,'Bearing',NULL,880.00,100,267,10),(908,'Bearing',NULL,880.00,100,268,10),(909,'Bearing',NULL,880.00,100,269,10),(910,'Bearing',NULL,880.00,100,270,10),(911,'Bearing',NULL,880.00,100,271,10),(912,'Bearing',NULL,880.00,100,272,10),(913,'Bearing',NULL,880.00,100,273,10),(914,'Bearing',NULL,880.00,100,274,10),(915,'Bearing',NULL,880.00,100,275,10),(916,'Bearing',NULL,880.00,100,276,10),(917,'Bearing',NULL,880.00,100,277,10),(918,'Bearing',NULL,880.00,100,278,10),(919,'Bearing',NULL,880.00,100,279,10),(920,'Bearing',NULL,880.00,100,280,10),(921,'Bearing',NULL,880.00,100,281,10),(922,'Bearing',NULL,880.00,100,282,10),(923,'Bearing',NULL,880.00,100,283,10),(924,'Bearing',NULL,880.00,100,284,10),(925,'Bearing',NULL,880.00,100,285,10),(926,'Bearing',NULL,880.00,100,286,10),(927,'Bearing',NULL,880.00,100,287,10),(928,'Bearing',NULL,880.00,100,288,10),(929,'Bearing',NULL,880.00,100,289,10),(930,'Bearing',NULL,880.00,100,290,10),(931,'Bearing',NULL,880.00,100,291,10),(932,'Bearing',NULL,880.00,100,292,10),(933,'Bearing',NULL,880.00,100,293,10),(934,'Bearing',NULL,880.00,100,294,10),(935,'Bearing',NULL,880.00,100,295,10),(936,'Bearing',NULL,880.00,100,296,10),(937,'Bearing',NULL,880.00,100,297,10),(938,'Bearing',NULL,880.00,100,298,10),(939,'Bearing',NULL,880.00,100,299,10),(940,'Bearing',NULL,880.00,100,300,10),(941,'Bearing',NULL,880.00,100,301,10),(942,'Bearing',NULL,880.00,100,302,10),(943,'Bearing',NULL,880.00,100,303,10),(944,'Bearing',NULL,880.00,100,304,10),(945,'Bearing',NULL,880.00,100,305,10),(946,'Bearing',NULL,880.00,100,306,10),(947,'Bearing',NULL,880.00,100,307,10),(948,'Bearing',NULL,880.00,100,308,10),(949,'Bearing',NULL,880.00,100,309,10),(950,'Bearing',NULL,880.00,100,310,10),(951,'Bearing',NULL,880.00,100,311,10),(952,'Bearing',NULL,1120.00,100,312,10),(953,'Bearing',NULL,1120.00,100,313,10),(954,'Bearing',NULL,1120.00,100,314,10),(955,'Bearing',NULL,1120.00,100,315,10),(956,'Bearing',NULL,1120.00,100,316,10),(957,'Bearing',NULL,1120.00,100,317,10),(958,'Bearing',NULL,1120.00,100,318,10),(959,'Bearing',NULL,1120.00,100,319,10),(960,'Bearing',NULL,1120.00,100,320,10),(961,'Bearing',NULL,1120.00,100,321,10),(962,'Bearing',NULL,1120.00,100,322,10),(963,'Bearing',NULL,1120.00,100,323,10),(964,'Bearing',NULL,1120.00,100,324,10),(965,'Bearing',NULL,1120.00,100,325,10),(966,'Bearing',NULL,1120.00,100,326,10),(967,'Bearing',NULL,1120.00,100,327,10),(968,'Bearing',NULL,1120.00,100,328,10),(969,'Bearing',NULL,1120.00,100,329,10),(970,'Bearing',NULL,1120.00,100,330,10),(971,'Bearing',NULL,1120.00,100,331,10),(972,'Bearing',NULL,1120.00,100,332,10),(973,'Bearing',NULL,1120.00,100,333,10),(974,'Bearing',NULL,1120.00,100,334,10),(975,'Bearing',NULL,1120.00,100,335,10),(976,'Bearing',NULL,1120.00,100,336,10),(977,'Bearing',NULL,1120.00,100,337,10),(978,'Bearing',NULL,1120.00,100,338,10),(979,'Bearing',NULL,1120.00,100,339,10),(980,'Bearing',NULL,1120.00,100,340,10),(981,'Bearing',NULL,1120.00,100,341,10),(982,'Bearing',NULL,800.00,100,342,10),(983,'Bearing',NULL,800.00,100,343,10),(984,'Bearing',NULL,800.00,100,344,10),(985,'Bearing',NULL,800.00,100,345,10),(986,'Bearing',NULL,800.00,100,346,10),(987,'Bearing',NULL,800.00,100,347,10),(988,'Bearing',NULL,800.00,100,348,10),(989,'Bearing',NULL,800.00,100,349,10),(990,'Bearing',NULL,800.00,100,350,10),(991,'Bearing',NULL,800.00,100,351,10),(992,'Bearing',NULL,980.00,100,352,10),(993,'Bearing',NULL,980.00,100,353,10),(994,'Bearing',NULL,980.00,100,354,10),(995,'Bearing',NULL,980.00,100,355,10),(996,'Bearing',NULL,980.00,100,356,10),(997,'Bearing',NULL,980.00,100,357,10),(998,'Bearing',NULL,980.00,100,358,10),(999,'Bearing',NULL,980.00,100,359,10),(1000,'Bearing',NULL,980.00,100,360,10),(1001,'Bearing',NULL,980.00,100,361,10),(1002,'Bearing',NULL,420.00,100,362,10),(1003,'Bearing',NULL,420.00,100,363,10),(1004,'Bearing',NULL,420.00,100,364,10),(1005,'Bearing',NULL,420.00,100,365,10),(1006,'Bearing',NULL,420.00,100,366,10),(1007,'Bearing',NULL,420.00,100,367,10),(1008,'Bearing',NULL,420.00,100,368,10),(1009,'Bearing',NULL,420.00,100,369,10),(1010,'Bearing',NULL,420.00,100,370,10),(1011,'Bearing',NULL,420.00,100,371,10),(1012,'Bearing',NULL,350.00,100,372,10),(1013,'Bearing',NULL,350.00,100,373,10),(1014,'Bearing',NULL,350.00,100,374,10),(1015,'Bearing',NULL,350.00,100,375,10),(1016,'Bearing',NULL,350.00,100,376,10),(1017,'Bearing',NULL,350.00,100,377,10),(1018,'Bearing',NULL,350.00,100,378,10),(1019,'Bearing',NULL,350.00,100,379,10),(1020,'Bearing',NULL,350.00,100,380,10),(1021,'Bearing',NULL,350.00,100,381,10),(1022,'Bearing',NULL,380.00,100,382,10),(1023,'Bearing',NULL,380.00,100,383,10),(1024,'Bearing',NULL,380.00,100,384,10),(1025,'Bearing',NULL,380.00,100,385,10),(1026,'Bearing',NULL,380.00,100,386,10),(1027,'Bearing',NULL,380.00,100,387,10),(1028,'Bearing',NULL,380.00,100,388,10),(1029,'Bearing',NULL,380.00,100,389,10),(1030,'Bearing',NULL,380.00,100,390,10),(1031,'Bearing',NULL,380.00,100,391,10),(1032,'Bearing',NULL,250.00,100,392,10),(1033,'Bearing',NULL,250.00,100,393,10),(1034,'Bearing',NULL,250.00,100,394,10),(1035,'Bearing',NULL,250.00,100,395,10),(1036,'Bearing',NULL,250.00,100,396,10),(1037,'Bearing',NULL,250.00,100,397,10),(1038,'Bearing',NULL,250.00,100,398,10),(1039,'Bearing',NULL,250.00,100,399,10),(1040,'Bearing',NULL,250.00,100,400,10),(1041,'Bearing',NULL,250.00,100,401,10),(1042,'Bearing',NULL,350.00,100,402,10),(1043,'Bearing',NULL,350.00,100,403,10),(1044,'Bearing',NULL,350.00,100,404,10),(1045,'Bearing',NULL,350.00,100,405,10),(1046,'Bearing',NULL,350.00,100,406,10),(1047,'Bearing',NULL,350.00,100,407,10),(1048,'Bearing',NULL,350.00,100,408,10),(1049,'Bearing',NULL,350.00,100,409,10),(1050,'Bearing',NULL,350.00,100,410,10),(1051,'Bearing',NULL,350.00,100,411,10),(1052,'Bearing',NULL,350.00,100,412,10),(1053,'Bearing',NULL,350.00,100,413,10),(1054,'Bearing',NULL,350.00,100,414,10),(1055,'Bearing',NULL,350.00,100,415,10),(1056,'Bearing',NULL,350.00,100,416,10),(1057,'Bearing',NULL,350.00,100,417,10),(1058,'Bearing',NULL,350.00,100,418,10),(1059,'Bearing',NULL,350.00,100,419,10),(1060,'Bearing',NULL,350.00,100,420,10),(1061,'Bearing',NULL,350.00,100,421,10),(1062,'Bearing',NULL,380.00,100,422,10),(1063,'Bearing',NULL,380.00,100,423,10),(1064,'Bearing',NULL,380.00,100,424,10),(1065,'Bearing',NULL,380.00,100,425,10),(1066,'Bearing',NULL,380.00,100,426,10),(1067,'Bearing',NULL,380.00,100,427,10),(1068,'Bearing',NULL,380.00,100,428,10),(1069,'Bearing',NULL,380.00,100,429,10),(1070,'Bearing',NULL,380.00,100,430,10),(1071,'Bearing',NULL,380.00,100,431,10),(1072,'Bearing',NULL,380.00,100,432,10),(1073,'Bearing',NULL,380.00,100,433,10),(1074,'Bearing',NULL,380.00,100,434,10),(1075,'Bearing',NULL,380.00,100,435,10),(1076,'Bearing',NULL,380.00,100,436,10),(1077,'Bearing',NULL,380.00,100,437,10),(1078,'Bearing',NULL,380.00,100,438,10),(1079,'Bearing',NULL,380.00,100,439,10),(1080,'Bearing',NULL,380.00,100,440,10),(1081,'Bearing',NULL,380.00,100,441,10),(1082,'Bearing',NULL,380.00,100,442,10),(1083,'Bearing',NULL,380.00,100,443,10),(1084,'Bearing',NULL,550.00,100,444,10),(1085,'Bearing',NULL,550.00,100,445,10),(1086,'Bearing',NULL,550.00,100,446,10),(1087,'Bearing',NULL,550.00,100,447,10),(1088,'Bearing',NULL,550.00,100,448,10),(1089,'Bearing',NULL,550.00,100,449,10),(1090,'Bearing',NULL,550.00,100,450,10),(1091,'Bearing',NULL,550.00,100,451,10),(1092,'Bearing',NULL,550.00,100,452,10),(1093,'Bearing',NULL,550.00,100,453,10),(1094,'Bearing',NULL,550.00,100,454,10),(1095,'Bearing',NULL,550.00,100,455,10),(1096,'Bearing',NULL,550.00,100,456,10),(1097,'Bearing',NULL,550.00,100,457,10),(1098,'Bearing',NULL,550.00,100,458,10),(1099,'Bearing',NULL,550.00,100,459,10),(1100,'Bearing',NULL,550.00,100,460,10),(1101,'Bearing',NULL,550.00,100,461,10),(1102,'Bearing',NULL,550.00,100,462,10),(1103,'Bearing',NULL,550.00,100,463,10),(1104,'Bearing',NULL,550.00,100,464,10),(1105,'Bearing',NULL,550.00,100,465,10),(1106,'Bearing',NULL,550.00,100,466,10),(1107,'Bearing',NULL,550.00,100,467,10),(1108,'Bearing',NULL,550.00,100,468,10),(1109,'Bearing',NULL,550.00,100,469,10),(1110,'Bearing',NULL,550.00,100,470,10),(1111,'Bearing',NULL,550.00,100,471,10),(1112,'Bearing',NULL,550.00,100,472,10),(1113,'Bearing',NULL,550.00,100,473,10),(1114,'Bearing',NULL,868.00,100,474,10),(1115,'Bearing',NULL,868.00,100,475,10),(1116,'Bearing',NULL,868.00,100,476,10),(1117,'Bearing',NULL,868.00,100,477,10),(1118,'Bearing',NULL,868.00,100,478,10),(1119,'Bearing',NULL,868.00,100,479,10),(1120,'Bearing',NULL,868.00,100,480,10),(1121,'Bearing',NULL,868.00,100,481,10),(1122,'Bearing',NULL,868.00,100,482,10),(1123,'Bearing',NULL,868.00,100,483,10),(1124,'Bearing',NULL,868.00,100,484,10),(1125,'Bearing',NULL,868.00,100,485,10),(1126,'Bearing',NULL,868.00,100,486,10),(1127,'Bearing',NULL,868.00,100,487,10),(1128,'Bearing',NULL,868.00,100,488,10),(1129,'Bearing',NULL,868.00,100,489,10),(1130,'Bearing',NULL,868.00,100,490,10),(1131,'Bearing',NULL,868.00,100,491,10),(1132,'Bearing',NULL,868.00,100,492,10),(1133,'Bearing',NULL,868.00,100,493,10),(1134,'Bearing',NULL,677.00,100,494,10),(1135,'Bearing',NULL,677.00,100,495,10),(1136,'Bearing',NULL,677.00,100,496,10),(1137,'Bearing',NULL,677.00,100,497,10),(1138,'Bearing',NULL,677.00,100,498,10),(1139,'Bearing',NULL,677.00,100,499,10),(1140,'Bearing',NULL,677.00,100,500,10),(1141,'Bearing',NULL,677.00,100,501,10),(1142,'Bearing',NULL,677.00,100,502,10),(1143,'Bearing',NULL,677.00,100,503,10),(1144,'Bearing',NULL,677.00,100,504,10),(1145,'Bearing',NULL,677.00,100,505,10),(1146,'Bearing',NULL,677.00,100,506,10),(1147,'Bearing',NULL,677.00,100,507,10),(1148,'Bearing',NULL,677.00,100,508,10),(1149,'Bearing',NULL,677.00,100,509,10),(1150,'Bearing',NULL,677.00,100,510,10),(1151,'Bearing',NULL,677.00,100,511,10),(1152,'Bearing',NULL,677.00,100,512,10),(1153,'Bearing',NULL,677.00,100,513,10),(1154,'Bearing',NULL,677.00,100,514,10),(1155,'Bearing',NULL,677.00,100,515,10),(1156,'Bearing',NULL,677.00,100,516,10),(1157,'Bearing',NULL,677.00,100,517,10),(1158,'Bearing',NULL,677.00,100,518,10),(1159,'Bearing',NULL,677.00,100,519,10),(1160,'Bearing',NULL,677.00,100,520,10),(1161,'Bearing',NULL,677.00,100,521,10),(1162,'Bearing',NULL,677.00,100,522,10),(1163,'Bearing',NULL,677.00,100,523,10),(1164,'Bearing',NULL,677.00,100,524,10),(1165,'Bearing',NULL,677.00,100,525,10),(1166,'Bearing',NULL,677.00,100,526,10),(1167,'Bearing',NULL,677.00,100,527,10),(1168,'Bearing',NULL,677.00,100,528,10),(1169,'Bearing',NULL,677.00,100,529,10),(1170,'Bearing',NULL,677.00,100,530,10),(1171,'Bearing',NULL,677.00,100,531,10),(1172,'Bearing',NULL,677.00,100,532,10),(1173,'Bearing',NULL,677.00,100,533,10),(1174,'Bearing',NULL,677.00,100,534,10),(1175,'Bearing',NULL,677.00,100,535,10),(1176,'Bearing',NULL,677.00,100,536,10),(1177,'Bearing',NULL,677.00,100,537,10),(1178,'Bearing',NULL,677.00,100,538,10),(1179,'Bearing',NULL,677.00,100,539,10),(1180,'Bearing',NULL,677.00,100,540,10),(1181,'Bearing',NULL,677.00,100,541,10),(1182,'Bearing',NULL,677.00,100,542,10),(1183,'Bearing',NULL,677.00,100,543,10),(1184,'Bearing',NULL,677.00,100,544,10),(1185,'Bearing',NULL,677.00,100,545,10),(1186,'Bearing',NULL,677.00,100,546,10),(1187,'Bearing',NULL,677.00,100,547,10),(1188,'Bearing',NULL,677.00,100,548,10),(1189,'Bearing',NULL,450.00,100,549,10),(1190,'Bearing',NULL,450.00,100,550,10),(1191,'Bearing',NULL,450.00,100,551,10),(1192,'Bearing',NULL,450.00,100,552,10),(1193,'Bearing',NULL,450.00,100,553,10),(1194,'Bearing',NULL,450.00,100,554,10),(1195,'Bearing',NULL,450.00,100,555,10),(1196,'Bearing',NULL,450.00,100,556,10),(1197,'Bearing',NULL,450.00,100,557,10),(1198,'Bearing',NULL,450.00,100,558,10),(1199,'Bearing',NULL,450.00,100,559,10),(1200,'Bearing',NULL,450.00,100,560,10),(1201,'Bearing',NULL,450.00,100,561,10),(1202,'Bearing',NULL,450.00,100,562,10),(1203,'Bearing',NULL,450.00,100,563,10),(1204,'Bearing',NULL,450.00,100,564,10),(1205,'Bearing',NULL,450.00,100,565,10),(1206,'Bearing',NULL,450.00,100,566,10),(1207,'Bearing',NULL,450.00,100,567,10),(1208,'Bearing',NULL,450.00,100,568,10),(1209,'Bearing',NULL,380.00,100,569,10),(1210,'Bearing',NULL,380.00,100,570,10),(1211,'Bearing',NULL,380.00,100,571,10),(1212,'Bearing',NULL,550.00,100,572,10),(1213,'Bearing',NULL,550.00,100,573,10),(1214,'Bearing',NULL,550.00,100,574,10),(1215,'Bearing',NULL,550.00,100,575,10),(1216,'Bearing',NULL,550.00,100,576,10),(1217,'Bearing',NULL,550.00,100,577,10),(1218,'Bearing',NULL,550.00,100,578,10),(1219,'Bearing',NULL,550.00,100,579,10),(1220,'Bearing',NULL,550.00,100,580,10),(1221,'Bearing',NULL,550.00,100,581,10),(1222,'Bearing',NULL,550.00,100,582,10),(1223,'Bearing',NULL,550.00,100,583,10),(1224,'Bearing',NULL,550.00,100,584,10),(1225,'Bearing',NULL,550.00,100,585,10),(1226,'Bearing',NULL,550.00,100,586,10),(1227,'Bearing',NULL,550.00,100,587,10),(1228,'Bearing',NULL,550.00,100,588,10),(1229,'Bearing',NULL,550.00,100,589,10),(1230,'Bearing',NULL,550.00,100,590,10),(1231,'Bearing',NULL,620.00,100,591,10),(1232,'Bearing',NULL,620.00,100,592,10),(1233,'Bearing',NULL,620.00,100,593,10),(1234,'Bearing',NULL,620.00,100,594,10),(1235,'Bearing',NULL,620.00,100,595,10),(1236,'Bearing',NULL,620.00,100,596,10),(1237,'Bearing',NULL,620.00,100,597,10),(1238,'Bearing',NULL,620.00,100,598,10),(1239,'Bearing',NULL,620.00,100,599,10),(1240,'Bearing',NULL,620.00,100,600,10),(1241,'Bearing',NULL,620.00,100,601,10),(1242,'Bearing',NULL,620.00,100,602,10),(1243,'Bearing',NULL,620.00,100,603,10),(1244,'Bearing',NULL,620.00,100,604,10),(1245,'Bearing',NULL,620.00,100,605,10),(1246,'Bearing',NULL,620.00,100,606,10),(1247,'Bearing',NULL,620.00,100,607,10),(1248,'Bearing',NULL,620.00,100,608,10),(1249,'Bearing',NULL,620.00,100,609,10),(1250,'Bearing',NULL,620.00,100,610,10),(1251,'Bearing',NULL,730.00,100,611,10),(1252,'Bearing',NULL,730.00,100,612,10),(1253,'Bearing',NULL,730.00,100,613,10),(1254,'Bearing',NULL,730.00,100,614,10),(1255,'Bearing',NULL,730.00,100,615,10),(1256,'Bearing',NULL,730.00,100,616,10),(1257,'Bearing',NULL,730.00,100,617,10),(1258,'Bearing',NULL,730.00,100,618,10),(1259,'Bearing',NULL,730.00,100,619,10),(1260,'Bearing',NULL,730.00,100,620,10),(1261,'Bearing',NULL,580.00,100,621,10),(1262,'Bearing',NULL,580.00,100,622,10),(1263,'Bearing',NULL,580.00,100,623,10),(1264,'Bearing',NULL,580.00,98,624,10),(1265,'Bearing',NULL,580.00,100,625,10),(1266,'Bearing',NULL,580.00,100,626,10),(1267,'Bearing',NULL,580.00,96,627,10),(1268,'Bearing',NULL,580.00,100,628,10),(1269,'Bearing',NULL,580.00,100,629,10),(1270,'Bearing',NULL,580.00,100,630,10),(1271,'Bearing',NULL,580.00,100,631,10),(1272,'Bearing',NULL,580.00,100,632,10),(1273,'Bearing',NULL,580.00,100,633,10),(1274,'Bearing',NULL,580.00,100,634,10),(1275,'Bearing',NULL,580.00,98,635,10),(1276,'Bearing',NULL,580.00,100,636,10),(1277,'Bearing',NULL,580.00,100,637,10),(1278,'Bearing',NULL,580.00,100,638,10),(1279,'Bearing',NULL,580.00,100,639,10),(1280,'Bearing',NULL,580.00,100,640,10),(1281,'Bearing',NULL,580.00,100,641,10),(1282,'Bearing',NULL,580.00,100,642,10),(1283,'Bearing',NULL,580.00,100,643,10),(1284,'Bearing',NULL,580.00,100,644,10),(1285,'Bearing',NULL,580.00,100,645,10),(1286,'Bearing',NULL,580.00,100,646,10),(1287,'Bearing',NULL,899.00,100,647,10),(1288,'Bearing',NULL,899.00,100,648,10),(1289,'Bearing',NULL,899.00,100,649,10),(1290,'Bearing',NULL,899.00,100,650,10),(1291,'Bearing',NULL,899.00,100,651,10),(1292,'Bearing',NULL,899.00,100,652,10),(1293,'Bearing',NULL,899.00,100,653,10),(1294,'Bearing',NULL,899.00,100,654,10),(1295,'Bearing',NULL,899.00,97,655,10),(1296,'Bearing',NULL,899.00,100,656,10),(1297,'Bearing',NULL,899.00,100,657,10),(1298,'Bearing',NULL,899.00,100,658,10),(1299,'Bearing',NULL,899.00,100,659,10),(1300,'Bearing',NULL,899.00,100,660,10),(1301,'Bearing',NULL,899.00,100,661,10),(1302,'Bearing',NULL,720.00,100,662,10),(1303,'Bearing',NULL,720.00,100,663,10),(1304,'Bearing',NULL,720.00,100,664,10),(1305,'Bearing',NULL,720.00,100,665,10),(1306,'Bearing',NULL,720.00,100,666,10),(1307,'Bearing',NULL,720.00,100,667,10),(1308,'Bearing',NULL,720.00,100,668,10),(1309,'Bearing',NULL,720.00,100,669,10),(1310,'Bearing',NULL,720.00,100,670,10),(1311,'Bearing',NULL,440.00,100,671,10),(1312,'Bearing',NULL,440.00,100,672,10),(1313,'Bearing',NULL,440.00,100,673,10),(1314,'Bearing',NULL,440.00,100,674,10),(1315,'Bearing',NULL,440.00,100,675,10),(1316,'Bearing',NULL,440.00,100,676,10),(1317,'Bearing',NULL,440.00,100,677,10),(1318,'Bearing',NULL,440.00,100,678,10),(1319,'Bearing',NULL,440.00,100,679,10),(1320,'Bearing',NULL,440.00,100,680,10),(1321,'Bearing',NULL,440.00,100,681,10),(1322,'Bearing',NULL,440.00,100,682,10),(1323,'Bearing',NULL,440.00,100,683,10),(1324,'Bearing',NULL,440.00,100,684,10),(1325,'Bearing',NULL,440.00,100,685,10),(1326,'Bearing',NULL,440.00,100,686,10),(1327,'Bearing',NULL,440.00,100,687,10),(1328,'Bearing',NULL,440.00,100,688,10),(1329,'Bearing',NULL,440.00,100,689,10),(1330,'Bearing',NULL,440.00,100,690,10),(1331,'Bearing',NULL,380.00,100,691,10),(1332,'Bearing',NULL,380.00,100,692,10),(1333,'Bearing',NULL,380.00,100,693,10),(1334,'Bearing',NULL,380.00,100,694,10),(1335,'Bearing',NULL,380.00,100,695,10),(1336,'Bearing',NULL,380.00,100,696,10),(1337,'Bearing',NULL,380.00,100,697,10),(1338,'Bearing',NULL,380.00,100,698,10),(1339,'Bearing',NULL,380.00,100,699,10),(1340,'Bearing',NULL,380.00,100,700,10),(1341,'Bearing',NULL,380.00,100,701,10),(1342,'Bearing',NULL,380.00,100,702,10),(1343,'Bearing',NULL,380.00,100,703,10),(1344,'Bearing',NULL,380.00,100,704,10),(1345,'Bearing',NULL,380.00,100,705,10),(1346,'Bearing',NULL,380.00,100,706,10),(1347,'Bearing',NULL,380.00,100,707,10),(1348,'Bearing',NULL,380.00,100,708,10),(1349,'Bearing',NULL,380.00,100,709,10),(1350,'Bearing',NULL,380.00,100,710,10),(1351,'Bearing',NULL,280.00,100,711,10),(1352,'Bearing',NULL,280.00,100,712,10),(1353,'Bearing',NULL,280.00,100,713,10),(1354,'Bearing',NULL,280.00,100,714,10),(1355,'Bearing',NULL,280.00,100,715,10),(1356,'Bearing',NULL,280.00,100,716,10),(1357,'Bearing',NULL,280.00,100,717,10),(1358,'Bearing',NULL,280.00,100,718,10),(1359,'Bearing',NULL,280.00,100,719,10),(1360,'Bearing',NULL,280.00,100,720,10),(1361,'Bearing',NULL,280.00,100,721,10),(1362,'Bearing',NULL,280.00,100,722,10),(1363,'Bearing',NULL,280.00,100,723,10),(1364,'Bearing',NULL,280.00,100,724,10),(1365,'Bearing',NULL,280.00,100,725,10),(1366,'Bearing',NULL,280.00,100,726,10),(1367,'Bearing',NULL,280.00,100,727,10),(1368,'Bearing',NULL,280.00,100,728,10),(1369,'Bearing',NULL,280.00,100,729,10),(1370,'Bearing',NULL,280.00,100,730,10),(1371,'Bearing',NULL,280.00,100,731,10),(1372,'Bearing',NULL,280.00,100,732,10),(1373,'Bearing',NULL,280.00,100,733,10),(1374,'Bearing',NULL,280.00,100,734,10),(1375,'Bearing',NULL,280.00,100,735,10),(1376,'Bearing',NULL,280.00,100,736,10),(1377,'Bearing',NULL,280.00,100,737,10),(1378,'Bearing',NULL,280.00,100,738,10),(1379,'Bearing',NULL,280.00,100,739,10),(1380,'Bearing',NULL,280.00,100,740,10),(1381,'Bearing',NULL,360.00,100,741,10),(1382,'Bearing',NULL,360.00,100,742,10),(1383,'Bearing',NULL,360.00,100,743,10),(1384,'Bearing',NULL,360.00,100,744,10),(1385,'Bearing',NULL,360.00,100,745,10),(1386,'Bearing',NULL,360.00,100,746,10),(1387,'Bearing',NULL,360.00,100,747,10),(1388,'Bearing',NULL,360.00,100,748,10),(1389,'Bearing',NULL,360.00,100,749,10),(1390,'Bearing',NULL,360.00,100,750,10),(1391,'Bearing',NULL,360.00,100,751,10),(1392,'Bearing',NULL,360.00,100,752,10),(1393,'Bearing',NULL,360.00,100,753,10),(1394,'Bearing',NULL,360.00,100,754,10),(1395,'Bearing',NULL,360.00,100,755,10),(1396,'Bearing',NULL,360.00,100,756,10),(1397,'Bearing',NULL,360.00,100,757,10),(1398,'Bearing',NULL,360.00,100,758,10),(1399,'Bearing',NULL,360.00,100,759,10),(1400,'Bearing',NULL,360.00,100,760,10),(1401,'Bearing',NULL,400.00,100,761,10),(1402,'Bearing',NULL,400.00,100,762,10),(1403,'Bearing',NULL,400.00,100,763,10),(1404,'Bearing',NULL,400.00,100,764,10),(1405,'Bearing',NULL,400.00,100,765,10),(1406,'Bearing',NULL,400.00,100,766,10),(1407,'Bearing',NULL,400.00,100,767,10),(1408,'Bearing',NULL,400.00,100,768,10),(1409,'Bearing',NULL,400.00,100,769,10),(1410,'Bearing',NULL,400.00,100,770,10),(1411,'Bearing',NULL,400.00,100,771,10),(1412,'Bearing',NULL,400.00,100,772,10),(1413,'Bearing',NULL,400.00,100,773,10),(1414,'Bearing',NULL,400.00,100,774,10),(1415,'Bearing',NULL,400.00,100,775,10),(1416,'Bearing',NULL,400.00,100,776,10),(1417,'Bearing',NULL,400.00,100,777,10),(1418,'Bearing',NULL,400.00,100,778,10),(1419,'Bearing',NULL,400.00,100,779,10),(1420,'Bearing',NULL,400.00,100,780,10),(1421,'Bearing',NULL,400.00,100,781,10),(1422,'Bearing',NULL,400.00,100,782,10),(1423,'Bearing',NULL,400.00,100,783,10),(1424,'Bearing',NULL,400.00,100,784,10),(1425,'Bearing',NULL,400.00,100,785,10),(1426,'Bearing',NULL,400.00,100,786,10),(1427,'Bearing',NULL,400.00,100,787,10),(1428,'Bearing',NULL,400.00,100,788,10),(1429,'Bearing',NULL,400.00,100,789,10),(1430,'Bearing',NULL,400.00,100,790,10),(1431,'Bearing',NULL,400.00,100,791,10),(1432,'Bearing',NULL,400.00,100,792,10),(1433,'Bearing',NULL,400.00,100,793,10),(1434,'Bearing',NULL,400.00,100,794,10),(1435,'Bearing',NULL,400.00,100,795,10),(1436,'Bearing',NULL,400.00,100,796,10),(1437,'Bearing',NULL,400.00,100,797,10),(1438,'Bearing',NULL,400.00,100,798,10),(1439,'Bearing',NULL,400.00,100,799,10),(1440,'Bearing',NULL,400.00,100,800,10),(1441,'Bearing',NULL,400.00,100,801,10),(1442,'Bearing',NULL,400.00,100,802,10),(1443,'Bearing',NULL,400.00,100,803,10),(1444,'Bearing',NULL,400.00,100,804,10),(1445,'Bearing',NULL,400.00,100,805,10),(1446,'Bearing',NULL,400.00,100,806,10),(1447,'Bearing',NULL,400.00,100,807,10),(1448,'Bearing',NULL,400.00,100,808,10),(1449,'Bearing',NULL,400.00,100,809,10),(1450,'Bearing',NULL,400.00,100,810,10),(1451,'Bearing',NULL,400.00,100,811,10),(1452,'Bearing',NULL,400.00,100,812,10),(1453,'Bearing',NULL,400.00,100,813,10),(1454,'Bearing',NULL,400.00,100,814,10),(1455,'Bearing',NULL,400.00,100,815,10),(1456,'Bearing',NULL,400.00,100,816,10),(1457,'Bearing',NULL,400.00,100,817,10),(1458,'Bearing',NULL,400.00,100,818,10),(1459,'Bearing',NULL,400.00,100,819,10),(1460,'Bearing',NULL,400.00,100,820,10),(1461,'Bearing',NULL,400.00,100,821,10),(1462,'Bearing',NULL,400.00,100,822,10),(1463,'Bearing',NULL,400.00,100,823,10),(1464,'Bearing',NULL,400.00,100,824,10),(1465,'Bearing',NULL,400.00,100,825,10),(1466,'Bearing',NULL,400.00,100,826,10),(1467,'Bearing',NULL,400.00,100,827,10),(1468,'Bearing',NULL,400.00,100,828,10),(1469,'Bearing',NULL,400.00,100,829,10),(1470,'Bearing',NULL,400.00,100,830,10),(1471,'Bearing',NULL,400.00,100,831,10),(1472,'Bearing',NULL,400.00,100,832,10),(1473,'Bearing',NULL,400.00,100,833,10),(1474,'Bearing',NULL,400.00,100,834,10),(1475,'Bearing',NULL,400.00,100,835,10),(1476,'Bearing',NULL,400.00,100,836,10),(1477,'Bearing',NULL,400.00,100,837,10),(1478,'Bearing',NULL,400.00,100,838,10),(1479,'Bearing',NULL,400.00,100,839,10),(1480,'Bearing',NULL,400.00,100,840,10),(1481,'Bearing',NULL,400.00,100,841,10),(1482,'Bearing',NULL,400.00,100,842,10),(1483,'Bearing',NULL,400.00,100,843,10),(1484,'Bearing',NULL,400.00,100,844,10),(1485,'Bearing',NULL,400.00,100,845,10),(1486,'Bearing',NULL,400.00,100,846,10),(1487,'Bearing',NULL,400.00,100,847,10),(1488,'Bearing',NULL,400.00,100,848,10),(1489,'Bearing',NULL,400.00,100,849,10),(1490,'Bearing',NULL,400.00,100,850,10),(1491,'Bearing',NULL,400.00,100,851,10),(1492,'Bearing',NULL,400.00,100,852,10),(1493,'Bearing',NULL,400.00,100,853,10),(1494,'Bearing',NULL,400.00,100,854,10),(1495,'Bearing',NULL,400.00,100,855,10),(1496,'Bearing',NULL,400.00,100,856,10),(1497,'Bearing',NULL,400.00,100,857,10),(1498,'Bearing',NULL,400.00,100,858,10),(1499,'Bearing',NULL,400.00,100,859,10),(1500,'Bearing',NULL,400.00,100,860,10),(1501,'Bearing',NULL,560.00,100,861,10),(1502,'Bearing',NULL,560.00,100,862,10),(1503,'Bearing',NULL,560.00,100,863,10),(1504,'Bearing',NULL,560.00,100,864,10),(1505,'Bearing',NULL,560.00,100,865,10),(1506,'Bearing',NULL,560.00,100,866,10),(1507,'Bearing',NULL,560.00,100,867,10),(1508,'Bearing',NULL,560.00,100,868,10),(1509,'Bearing',NULL,560.00,100,869,10),(1510,'Bearing',NULL,560.00,100,870,10),(1511,'Bearing',NULL,560.00,100,871,10),(1512,'Bearing',NULL,560.00,100,872,10),(1513,'Bearing',NULL,560.00,100,873,10),(1514,'Bearing',NULL,560.00,100,874,10),(1515,'Bearing',NULL,560.00,100,875,10),(1516,'Bearing',NULL,560.00,100,876,10),(1517,'Bearing',NULL,560.00,100,877,10),(1518,'Bearing',NULL,560.00,100,878,10),(1519,'Bearing',NULL,560.00,100,879,10),(1520,'Bearing',NULL,560.00,100,880,10),(1521,'Bearing',NULL,560.00,100,881,10),(1522,'Bearing',NULL,560.00,100,882,10),(1523,'Bearing',NULL,560.00,100,883,10),(1524,'Bearing',NULL,560.00,100,884,10),(1525,'Bearing',NULL,560.00,100,885,10),(1526,'Bearing',NULL,560.00,100,886,10),(1527,'Bearing',NULL,560.00,100,887,10),(1528,'Bearing',NULL,560.00,100,888,10),(1529,'Bearing',NULL,560.00,100,889,10),(1530,'Bearing',NULL,560.00,100,890,10),(1531,'Bearing',NULL,560.00,100,891,10),(1532,'Bearing',NULL,560.00,100,892,10),(1533,'Bearing',NULL,560.00,100,893,10),(1534,'Bearing',NULL,560.00,100,894,10),(1535,'Bearing',NULL,560.00,100,895,10),(1536,'Bearing',NULL,560.00,100,896,10),(1537,'Bearing',NULL,560.00,100,897,10),(1538,'Bearing',NULL,560.00,100,898,10),(1539,'Bearing',NULL,560.00,100,899,10),(1540,'Bearing',NULL,560.00,100,900,10),(1541,'Bearing',NULL,560.00,100,901,10),(1542,'Bearing',NULL,560.00,100,902,10),(1543,'Bearing',NULL,560.00,100,903,10),(1544,'Bearing',NULL,560.00,100,904,10),(1545,'Bearing',NULL,560.00,100,905,10),(1546,'Bearing',NULL,560.00,100,906,10),(1547,'Bearing',NULL,560.00,100,907,10),(1548,'Bearing',NULL,560.00,100,908,10),(1549,'Bearing',NULL,560.00,100,909,10),(1550,'Bearing',NULL,560.00,100,910,10),(1551,'Bearing',NULL,560.00,100,911,10),(1552,'Bearing',NULL,560.00,100,912,10),(1553,'Bearing',NULL,560.00,100,913,10),(1554,'Bearing',NULL,560.00,100,914,10),(1555,'Bearing',NULL,560.00,100,915,10),(1556,'Bearing',NULL,560.00,100,916,10),(1557,'Bearing',NULL,560.00,100,917,10),(1558,'Bearing',NULL,560.00,100,918,10),(1559,'Bearing',NULL,560.00,100,919,10),(1560,'Bearing',NULL,560.00,100,920,10),(1561,'Bearing',NULL,560.00,100,921,10),(1562,'Bearing',NULL,560.00,100,922,10),(1563,'Bearing',NULL,560.00,100,923,10),(1564,'Bearing',NULL,560.00,100,924,10),(1565,'Bearing',NULL,560.00,100,925,10),(1566,'Bearing',NULL,560.00,100,926,10),(1567,'Bearing',NULL,560.00,100,927,10),(1568,'Bearing',NULL,560.00,100,928,10),(1569,'Bearing',NULL,560.00,100,929,10),(1570,'Bearing',NULL,560.00,100,930,10),(1571,'Bearing',NULL,560.00,100,931,10),(1572,'Bearing',NULL,560.00,100,932,10),(1573,'Bearing',NULL,560.00,100,933,10),(1574,'Bearing',NULL,560.00,100,934,10),(1575,'Bearing',NULL,560.00,100,935,10),(1576,'Bearing',NULL,560.00,100,936,10),(1577,'Bearing',NULL,560.00,100,937,10),(1578,'Bearing',NULL,560.00,100,938,10),(1579,'Bearing',NULL,560.00,100,939,10),(1580,'Bearing',NULL,560.00,100,940,10),(1581,'Bearing',NULL,560.00,100,941,10),(1582,'Bearing',NULL,560.00,100,942,10),(1583,'Bearing',NULL,560.00,100,943,10),(1584,'Bearing',NULL,560.00,100,944,10),(1585,'Bearing',NULL,560.00,100,945,10),(1586,'Bearing',NULL,560.00,100,946,10),(1587,'Bearing',NULL,560.00,100,947,10),(1588,'Bearing',NULL,560.00,100,948,10),(1589,'Bearing',NULL,560.00,100,949,10),(1590,'Bearing',NULL,560.00,100,950,10),(1591,'Bearing',NULL,560.00,100,951,10),(1592,'Bearing',NULL,560.00,100,952,10),(1593,'Bearing',NULL,560.00,100,953,10),(1594,'Bearing',NULL,560.00,100,954,10),(1595,'Bearing',NULL,560.00,100,955,10),(1596,'Bearing',NULL,560.00,100,956,10),(1597,'Bearing',NULL,560.00,100,957,10),(1598,'Bearing',NULL,560.00,100,958,10),(1599,'Bearing',NULL,560.00,100,959,10),(1600,'Bearing',NULL,560.00,100,960,10),(1601,'Bearing',NULL,560.00,100,961,10),(1602,'Bearing',NULL,560.00,100,962,10),(1603,'Bearing',NULL,560.00,100,963,10),(1604,'Bearing',NULL,560.00,100,964,10),(1605,'Bearing',NULL,560.00,100,965,10),(1606,'Bearing',NULL,560.00,100,966,10),(1607,'Bearing',NULL,560.00,100,967,10),(1608,'Bearing',NULL,560.00,100,968,10),(1609,'Bearing',NULL,560.00,100,969,10),(1610,'Bearing',NULL,560.00,100,970,10),(1611,'Bearing',NULL,880.00,100,971,10),(1612,'Bearing',NULL,880.00,100,972,10),(1613,'Bearing',NULL,880.00,100,973,10),(1614,'Bearing',NULL,880.00,100,974,10),(1615,'Bearing',NULL,880.00,100,975,10),(1616,'Bearing',NULL,880.00,100,976,10),(1617,'Bearing',NULL,880.00,100,977,10),(1618,'Bearing',NULL,880.00,100,978,10),(1619,'Bearing',NULL,880.00,100,979,10),(1620,'Bearing',NULL,880.00,100,980,10),(1621,'Bearing',NULL,880.00,100,981,10),(1622,'Bearing',NULL,880.00,100,982,10),(1623,'Bearing',NULL,880.00,100,983,10),(1624,'Bearing',NULL,880.00,100,984,10),(1625,'Bearing',NULL,880.00,100,985,10),(1626,'Bearing',NULL,880.00,100,986,10),(1627,'Bearing',NULL,880.00,100,987,10),(1628,'Bearing',NULL,880.00,100,988,10),(1629,'Bearing',NULL,880.00,100,989,10),(1630,'Bearing',NULL,880.00,100,990,10),(1631,'Bearing',NULL,880.00,100,991,10),(1632,'Bearing',NULL,880.00,100,992,10),(1633,'Bearing',NULL,880.00,100,993,10),(1634,'Bearing',NULL,880.00,100,994,10),(1635,'Bearing',NULL,880.00,100,995,10),(1636,'Bearing',NULL,880.00,100,996,10),(1637,'Bearing',NULL,880.00,100,997,10),(1638,'Bearing',NULL,880.00,100,998,10),(1639,'Bearing',NULL,880.00,100,999,10),(1640,'Bearing',NULL,880.00,100,1000,10),(1641,'Bearing',NULL,880.00,100,1001,10),(1642,'Bearing',NULL,880.00,100,1002,10),(1643,'Bearing',NULL,880.00,100,1003,10),(1644,'Bearing',NULL,880.00,100,1004,10),(1645,'Bearing',NULL,880.00,100,1005,10),(1646,'Bearing',NULL,880.00,100,1006,10),(1647,'Bearing',NULL,880.00,100,1007,10),(1648,'Bearing',NULL,880.00,100,1008,10),(1649,'Bearing',NULL,880.00,100,1009,10),(1650,'Bearing',NULL,880.00,100,1010,10),(1651,'Bearing',NULL,880.00,100,1011,10),(1652,'Bearing',NULL,880.00,100,1012,10),(1653,'Bearing',NULL,880.00,100,1013,10),(1654,'Bearing',NULL,880.00,100,1014,10),(1655,'Bearing',NULL,880.00,100,1015,10),(1656,'Bearing',NULL,880.00,100,1016,10),(1657,'Bearing',NULL,880.00,100,1017,10),(1658,'Bearing',NULL,880.00,100,1018,10),(1659,'Bearing',NULL,880.00,100,1019,10),(1660,'Bearing',NULL,880.00,100,1020,10),(1661,'Bearing',NULL,880.00,100,1021,10),(1662,'Bearing',NULL,880.00,100,1022,10),(1663,'Bearing',NULL,880.00,100,1023,10),(1664,'Bearing',NULL,880.00,100,1024,10),(1665,'Bearing',NULL,880.00,100,1025,10),(1666,'Bearing',NULL,880.00,100,1026,10),(1667,'Bearing',NULL,880.00,100,1027,10),(1668,'Bearing',NULL,880.00,100,1028,10),(1669,'Bearing',NULL,880.00,100,1029,10),(1670,'Bearing',NULL,880.00,100,1030,10),(1671,'Bearing',NULL,880.00,100,1031,10),(1672,'Bearing',NULL,880.00,100,1032,10),(1673,'Bearing',NULL,880.00,100,1033,10),(1674,'Bearing',NULL,880.00,100,1034,10),(1675,'Bearing',NULL,880.00,100,1035,10),(1676,'Bearing',NULL,880.00,100,1036,10),(1677,'Bearing',NULL,880.00,100,1037,10),(1678,'Bearing',NULL,880.00,100,1038,10),(1679,'Bearing',NULL,880.00,100,1039,10),(1680,'Bearing',NULL,880.00,100,1040,10),(1681,'Bearing',NULL,880.00,100,1041,10),(1682,'Bearing',NULL,880.00,100,1042,10),(1683,'Bearing',NULL,880.00,100,1043,10),(1684,'Bearing',NULL,880.00,100,1044,10),(1685,'Bearing',NULL,880.00,100,1045,10),(1686,'Bearing',NULL,880.00,100,1046,10),(1687,'Bearing',NULL,880.00,100,1047,10),(1688,'Oil Filter',NULL,880.00,100,1048,10),(1689,'Oil Filter',NULL,880.00,100,1049,10),(1690,'Oil Filter',NULL,880.00,100,1050,10),(1691,'Oil Filter',NULL,880.00,100,1051,10),(1692,'Oil Filter',NULL,880.00,100,1052,10),(1693,'Oil Filter',NULL,880.00,100,1053,10),(1694,'Oil Filter',NULL,880.00,100,1054,10),(1695,'Oil Filter',NULL,880.00,100,1055,10),(1696,'Oil Filter',NULL,880.00,100,1056,10),(1697,'Oil Filter',NULL,970.00,100,1057,10),(1698,'Oil Filter',NULL,970.00,100,1058,10),(1699,'Oil Filter',NULL,970.00,100,1059,10),(1700,'Oil Filter',NULL,970.00,100,1060,10),(1701,'Oil Filter',NULL,970.00,100,1061,10),(1702,'Oil Filter',NULL,970.00,100,1062,10),(1703,'Oil Filter',NULL,970.00,100,1063,10),(1704,'Oil Filter',NULL,970.00,100,1064,10),(1705,'Oil Filter',NULL,970.00,100,1065,10),(1706,'Oil Filter',NULL,970.00,100,9,10),(1707,'Oil Filter',NULL,970.00,100,1066,10),(1708,'Oil Filter',NULL,970.00,100,1067,10),(1709,'Oil Filter',NULL,970.00,100,1068,10),(1710,'Oil Filter',NULL,970.00,100,1069,10),(1711,'Oil Filter',NULL,970.00,100,1070,10),(1712,'Oil Filter',NULL,970.00,100,1071,10),(1713,'Oil Filter',NULL,970.00,100,1072,10),(1714,'Oil Filter',NULL,970.00,100,1073,10),(1715,'Oil Filter',NULL,970.00,100,1074,10),(1716,'Oil Filter',NULL,970.00,100,1075,10),(1717,'Oil Filter',NULL,970.00,100,1076,10),(1718,'Oil Filter',NULL,970.00,100,1077,10),(1719,'Oil Filter',NULL,970.00,100,1078,10),(1720,'Oil Filter',NULL,970.00,100,1079,10),(1721,'Oil Filter',NULL,970.00,100,1080,10),(1722,'Oil Filter',NULL,970.00,100,1081,10),(1723,'Oil Filter',NULL,970.00,100,1082,10),(1724,'Oil Filter',NULL,970.00,100,1083,10),(1725,'Oil Filter',NULL,970.00,100,1084,10),(1726,'Oil Filter',NULL,970.00,100,1085,10),(1727,'Oil Filter',NULL,970.00,100,1086,10),(1728,'Oil Filter',NULL,970.00,100,1087,10),(1729,'Oil Filter',NULL,970.00,100,1088,10),(1730,'Oil Filter',NULL,970.00,97,1089,10),(1731,'Oil Filter',NULL,970.00,100,1090,10),(1732,'Oil Filter',NULL,970.00,100,1091,10),(1733,'Oil Filter',NULL,970.00,100,1092,10),(1734,'Oil Filter',NULL,970.00,100,1093,10),(1735,'Oil Filter',NULL,970.00,100,1094,10),(1736,'Oil Filter',NULL,970.00,100,1095,10),(1737,'Oil Filter',NULL,970.00,100,1096,10),(1738,'Oil Filter',NULL,970.00,100,1097,10),(1739,'Oil Filter',NULL,970.00,100,1098,10),(1740,'Oil Filter',NULL,970.00,100,1099,10),(1741,'Oil Filter',NULL,970.00,100,1100,10),(1742,'Oil Filter',NULL,970.00,100,1101,10),(1743,'Oil Filter',NULL,970.00,100,1102,10),(1744,'Oil Filter',NULL,970.00,100,1103,10),(1745,'Oil Filter',NULL,970.00,100,1104,10),(1746,'Oil Filter',NULL,970.00,100,1105,10),(1747,'Oil Filter',NULL,970.00,100,1106,10),(1748,'Oil Filter',NULL,970.00,100,1107,10),(1749,'Oil Filter',NULL,970.00,100,1108,10),(1750,'Oil Filter',NULL,970.00,100,1109,10),(1751,'Oil Filter',NULL,970.00,100,1110,10),(1752,'Oil Filter',NULL,970.00,100,1111,10),(1753,'Oil Filter',NULL,970.00,100,1112,10),(1754,'Oil Filter',NULL,970.00,100,1113,10),(1755,'Oil Filter',NULL,970.00,100,1114,10),(1756,'Oil Filter',NULL,970.00,100,1115,10),(1757,'Oil Filter',NULL,970.00,100,1116,10),(1758,'Oil Filter',NULL,970.00,100,1117,10),(1759,'Oil Filter',NULL,970.00,100,1118,10),(1760,'Oil Filter',NULL,970.00,100,1119,10),(1761,'Oil Filter',NULL,970.00,100,1120,10),(1762,'Oil Filter',NULL,970.00,100,1121,10),(1763,'Oil Filter',NULL,970.00,100,1122,10),(1764,'Oil Filter',NULL,970.00,100,1123,10),(1765,'Oil Filter',NULL,970.00,100,1124,10),(1766,'Oil Filter',NULL,970.00,100,1125,10),(1767,'Oil Filter',NULL,970.00,100,1126,10),(1768,'Oil Filter',NULL,970.00,100,1127,10),(1769,'Oil Filter',NULL,970.00,100,1128,10),(1770,'Oil Filter',NULL,970.00,100,1129,10),(1771,'Oil Filter',NULL,970.00,100,1130,10),(1772,'Oil Filter',NULL,970.00,100,1131,10),(1773,'Oil Filter',NULL,970.00,100,1132,10),(1774,'Oil Filter',NULL,970.00,100,1133,10),(1775,'Oil Filter',NULL,970.00,100,1134,10),(1776,'Oil Filter',NULL,970.00,100,1135,10),(1777,'Oil Filter',NULL,970.00,100,1136,10),(1778,'Oil Filter',NULL,970.00,100,1137,10),(1779,'Oil Filter',NULL,970.00,100,1138,10),(1780,'Oil Filter',NULL,970.00,100,1139,10),(1781,'Oil Filter',NULL,970.00,100,1140,10),(1782,'Oil Filter',NULL,970.00,100,1141,10),(1783,'Oil Filter',NULL,970.00,100,1142,10),(1784,'Oil Filter',NULL,970.00,100,1143,10),(1785,'Oil Filter',NULL,970.00,100,1144,10),(1786,'Oil Filter',NULL,970.00,100,1145,10),(1787,'Oil Filter',NULL,970.00,100,1146,10),(1788,'Oil Filter',NULL,970.00,100,1147,10),(1789,'Oil Filter',NULL,970.00,100,1148,10),(1790,'Oil Filter',NULL,970.00,100,1149,10),(1791,'Oil Filter',NULL,970.00,100,1150,10),(1792,'Oil Filter',NULL,970.00,100,1151,10),(1793,'Oil Filter',NULL,970.00,100,1152,10),(1794,'Oil Filter',NULL,970.00,100,1153,10),(1795,'Oil Filter',NULL,970.00,100,1154,10),(1796,'Oil Filter',NULL,970.00,100,1155,10),(1797,'Oil Filter',NULL,970.00,100,1156,10),(1798,'Oil Filter',NULL,970.00,100,1157,10),(1799,'Oil Filter',NULL,970.00,100,1158,10),(1800,'Oil Filter',NULL,970.00,100,1159,10),(1801,'Oil Filter',NULL,970.00,100,1160,10),(1802,'Oil Filter',NULL,970.00,100,1161,10),(1803,'Oil Filter',NULL,970.00,100,1162,10),(1804,'Oil Filter',NULL,970.00,100,1163,10),(1805,'Oil Filter',NULL,970.00,100,1164,10),(1806,'Oil Filter',NULL,970.00,100,1165,10),(1807,'Oil Filter',NULL,970.00,100,1166,10),(1808,'Oil Filter',NULL,970.00,100,1167,10),(1809,'Oil Filter',NULL,970.00,100,1168,10),(1810,'Oil Filter',NULL,970.00,100,1169,10),(1811,'Oil Filter',NULL,970.00,100,1170,10),(1812,'Oil Filter',NULL,970.00,100,1171,10),(1813,'Oil Filter',NULL,970.00,100,1172,10),(1814,'Oil Filter',NULL,970.00,100,1173,10),(1815,'Oil Filter',NULL,970.00,100,1174,10),(1816,'Oil Filter',NULL,970.00,100,1175,10),(1817,'Oil Filter',NULL,970.00,100,1176,10),(1818,'Oil Filter',NULL,970.00,100,1177,10),(1819,'Oil Filter',NULL,970.00,100,1178,10),(1820,'Oil Filter',NULL,970.00,100,1179,10),(1821,'Oil Filter',NULL,970.00,100,1180,10),(1822,'Oil Filter',NULL,970.00,100,1181,10),(1823,'Oil Filter',NULL,970.00,100,1182,10),(1824,'Oil Filter',NULL,970.00,100,1183,10),(1825,'Oil Filter',NULL,970.00,100,1184,10),(1826,'Oil Filter',NULL,970.00,100,1185,10),(1827,'Oil Filter',NULL,970.00,100,1186,10),(1828,'Oil Filter',NULL,970.00,100,1187,10),(1829,'Oil Filter',NULL,970.00,100,1188,10),(1830,'Oil Filter',NULL,970.00,100,1189,10),(1831,'Oil Filter',NULL,970.00,100,1190,10),(1832,'Oil Filter',NULL,970.00,100,1191,10),(1833,'Oil Filter',NULL,970.00,100,1192,10),(1834,'Oil Filter',NULL,970.00,100,1193,10),(1835,'Oil Filter',NULL,970.00,100,1194,10),(1836,'Oil Filter',NULL,970.00,100,1195,10),(1837,'Oil Filter',NULL,970.00,100,1196,10),(1838,'Oil Filter',NULL,970.00,100,1197,10),(1839,'Oil Filter',NULL,970.00,100,1198,10),(1840,'Oil Filter',NULL,970.00,100,1199,10),(1841,'Oil Filter',NULL,970.00,100,1200,10),(1842,'Oil Filter',NULL,970.00,100,1201,10),(1843,'Oil Filter',NULL,970.00,100,1202,10),(1844,'Oil Filter',NULL,970.00,100,1203,10),(1845,'Oil Filter',NULL,970.00,100,1204,10),(1846,'Oil Filter',NULL,970.00,100,1205,10),(1847,'Oil Filter',NULL,970.00,100,1206,10),(1848,'Oil Filter',NULL,970.00,100,1207,10),(1849,'Oil Filter',NULL,970.00,100,1208,10),(1850,'Oil Filter',NULL,970.00,100,1209,10),(1851,'Oil Filter',NULL,970.00,100,1210,10),(1852,'Oil Filter',NULL,970.00,100,1211,10),(1853,'Oil Filter',NULL,970.00,100,1212,10),(1854,'Oil Filter',NULL,970.00,100,1213,10),(1855,'Oil Filter',NULL,970.00,100,1214,10),(1856,'Oil Filter',NULL,970.00,100,1215,10),(1857,'Oil Filter',NULL,970.00,100,1216,10),(1858,'Oil Filter',NULL,970.00,100,1217,10),(1859,'Oil Filter',NULL,970.00,100,1218,10),(1860,'Oil Filter',NULL,970.00,100,1219,10),(1861,'Oil Filter',NULL,970.00,100,1220,10),(1862,'Oil Filter',NULL,970.00,100,1221,10),(1863,'Oil Filter',NULL,970.00,100,1222,10),(1864,'Oil Filter',NULL,970.00,100,1223,10),(1865,'Oil Filter',NULL,970.00,100,1224,10),(1866,'Oil Filter',NULL,970.00,100,1225,10),(1867,'Oil Filter',NULL,970.00,100,1226,10),(1868,'Oil Filter',NULL,970.00,100,1227,10),(1869,'Oil Filter',NULL,970.00,100,1228,10),(1870,'Oil Filter',NULL,970.00,100,1229,10),(1871,'Oil Filter',NULL,970.00,100,1230,10),(1872,'Oil Filter',NULL,970.00,100,1231,10),(1873,'Oil Filter',NULL,970.00,100,1232,10),(1874,'Oil Filter',NULL,970.00,100,1233,10),(1875,'Oil Filter',NULL,970.00,100,1234,10),(1876,'Oil Filter',NULL,970.00,100,1235,10),(1877,'Oil Filter',NULL,970.00,100,1236,10),(1878,'Oil Filter',NULL,970.00,100,1237,10),(1879,'Oil Filter',NULL,970.00,100,1238,10),(1880,'Oil Filter',NULL,970.00,100,1239,10),(1881,'Oil Filter',NULL,970.00,100,1240,10),(1882,'Oil Filter',NULL,970.00,100,1241,10),(1883,'Oil Filter',NULL,970.00,100,1242,10),(1884,'Oil Filter',NULL,970.00,100,1243,10),(1885,'Oil Filter',NULL,970.00,100,1244,10),(1886,'Oil Filter',NULL,970.00,100,1245,10),(1887,'Oil Filter',NULL,970.00,100,1246,10),(1888,'Oil Filter',NULL,970.00,100,1247,10),(1889,'Oil Filter',NULL,970.00,100,1248,10),(1890,'Oil Filter',NULL,970.00,100,1249,10),(1891,'Oil Filter',NULL,970.00,100,1250,10),(1892,'Oil Filter',NULL,970.00,100,1251,10),(1893,'Oil Filter',NULL,970.00,100,1252,10),(1894,'Oil Filter',NULL,560.00,100,1253,10),(1895,'Oil Filter',NULL,560.00,100,1254,10),(1896,'Oil Filter',NULL,560.00,100,1255,10),(1897,'Oil Filter',NULL,560.00,100,1256,10),(1898,'Oil Filter',NULL,560.00,100,1257,10),(1899,'Oil Filter',NULL,560.00,100,1258,10),(1900,'Oil Filter',NULL,560.00,100,1259,10),(1901,'Oil Filter',NULL,560.00,100,1260,10),(1902,'Oil Filter',NULL,560.00,100,1261,10),(1903,'Oil Filter',NULL,560.00,100,1262,10),(1904,'Oil Filter',NULL,560.00,100,1263,10),(1905,'Oil Filter',NULL,560.00,100,1264,10),(1906,'Oil Filter',NULL,560.00,100,1265,10),(1907,'Oil Filter',NULL,560.00,100,1266,10),(1908,'Oil Filter',NULL,560.00,100,1267,10),(1909,'Oil Filter',NULL,560.00,100,1268,10),(1910,'Oil Filter',NULL,560.00,100,1269,10),(1911,'Oil Filter',NULL,560.00,100,1270,10),(1912,'Oil Filter',NULL,560.00,100,1271,10),(1913,'Oil Filter',NULL,560.00,100,1272,10),(1914,'Oil Filter',NULL,560.00,100,1273,10),(1915,'Oil Filter',NULL,560.00,100,1274,10),(1916,'Oil Filter',NULL,560.00,100,1275,10),(1917,'Oil Filter',NULL,560.00,100,1276,10),(1918,'Oil Filter',NULL,560.00,100,1277,10),(1919,'Oil Filter',NULL,560.00,100,1278,10),(1920,'Oil Filter',NULL,560.00,100,1279,10),(1921,'Oil Filter',NULL,560.00,100,1280,10),(1922,'Oil Filter',NULL,560.00,100,1281,10),(1923,'Oil Filter',NULL,560.00,100,1282,10),(1924,'Oil Filter',NULL,560.00,100,1283,10),(1925,'Oil Filter',NULL,560.00,100,1284,10),(1926,'Fuel Filter',NULL,560.00,100,1285,10),(1927,'Fuel Filter',NULL,560.00,100,1286,10),(1928,'Fuel Filter',NULL,560.00,100,1287,10),(1929,'Fuel Filter',NULL,560.00,100,1279,10),(1930,'Fuel Filter',NULL,560.00,100,1288,10),(1931,'Fuel Filter',NULL,560.00,100,1289,10),(1932,'Fuel Filter',NULL,560.00,100,1290,10),(1933,'Fuel Filter',NULL,560.00,100,1291,10),(1934,'Fuel Filter',NULL,560.00,100,1292,10),(1935,'Fuel Filter',NULL,560.00,100,9,10),(1936,'Fuel Filter',NULL,560.00,100,1293,10),(1937,'Fuel Filter',NULL,560.00,100,1294,10),(1938,'Fuel Filter',NULL,560.00,100,1295,10),(1939,'Fuel Filter',NULL,560.00,100,1238,10),(1940,'Fuel Filter',NULL,560.00,100,1296,10),(1941,'Fuel Filter',NULL,560.00,100,1297,10),(1942,'Fuel Filter',NULL,560.00,100,1298,10),(1943,'Fuel Filter',NULL,560.00,100,1299,10),(1944,'Fuel Filter',NULL,560.00,100,1300,10),(1945,'Fuel Filter',NULL,870.00,100,1301,10),(1946,'Fuel Filter',NULL,870.00,100,1302,10),(1947,'Fuel Filter',NULL,870.00,100,1303,10),(1948,'Fuel Filter',NULL,870.00,100,1304,10),(1949,'Fuel Filter',NULL,870.00,100,1305,10),(1950,'Fuel Filter',NULL,870.00,100,1306,10),(1951,'Fuel Filter',NULL,870.00,100,1307,10),(1952,'Fuel Filter',NULL,870.00,100,1308,10),(1953,'Fuel Filter',NULL,870.00,100,1309,10),(1954,'Fuel Filter',NULL,870.00,100,1310,10),(1955,'Fuel Filter',NULL,870.00,100,1311,10),(1956,'Fuel Filter',NULL,870.00,100,1312,10),(1957,'Fuel Filter',NULL,870.00,100,1313,10),(1958,'Fuel Filter',NULL,870.00,100,1314,10),(1959,'Fuel Filter',NULL,870.00,100,1315,10),(1960,'Fuel Filter',NULL,870.00,100,1316,10),(1961,'Fuel Filter',NULL,870.00,100,1317,10),(1962,'Fuel Filter',NULL,870.00,100,1318,10),(1963,'Fuel Filter',NULL,870.00,100,1319,10),(1964,'Fuel Filter',NULL,870.00,100,1320,10),(1965,'Fuel Filter',NULL,870.00,100,1321,10),(1966,'Fuel Filter',NULL,870.00,100,1322,10),(1967,'Fuel Filter',NULL,870.00,100,1323,10),(1968,'Fuel Filter',NULL,870.00,100,1324,10),(1969,'Fuel Filter',NULL,870.00,100,1325,10),(1970,'Fuel Filter',NULL,870.00,100,1326,10),(1971,'Fuel Filter',NULL,870.00,100,1327,10),(1972,'Fuel Filter',NULL,870.00,100,1328,10),(1973,'Fuel Filter',NULL,870.00,100,1329,10),(1974,'Fuel Filter',NULL,870.00,100,1330,10),(1975,'Fuel Filter',NULL,870.00,100,1331,10),(1976,'Fuel Filter',NULL,870.00,100,1332,10),(1977,'Fuel Filter',NULL,870.00,100,1333,10),(1978,'Fuel Filter',NULL,870.00,100,1334,10),(1979,'Fuel Filter',NULL,870.00,100,1335,10),(1980,'Fuel Filter',NULL,870.00,100,1336,10),(1981,'Fuel Filter',NULL,870.00,100,1337,10),(1982,'Fuel Filter',NULL,870.00,100,1338,10),(1983,'Fuel Filter',NULL,870.00,100,1339,10),(1984,'Fuel Filter',NULL,870.00,100,1340,10),(1985,'Fuel Filter',NULL,870.00,100,1341,10),(1986,'Fuel Filter',NULL,870.00,100,1342,10),(1987,'Fuel Filter',NULL,870.00,100,1343,10),(1988,'Fuel Filter',NULL,870.00,100,1344,10),(1989,'Fuel Filter',NULL,870.00,100,1345,10),(1990,'Fuel Filter',NULL,870.00,100,1346,10),(1991,'Fuel Filter',NULL,870.00,100,1347,10),(1992,'Fuel Filter',NULL,870.00,100,1348,10),(1993,'Fuel Filter',NULL,870.00,100,1349,10),(1994,'Fuel Filter',NULL,870.00,100,1350,10),(1995,'Fuel Filter',NULL,870.00,100,1351,10),(1996,'Fuel Filter',NULL,870.00,100,1352,10),(1997,'Fuel Filter',NULL,870.00,100,1353,10),(1998,'Fuel Filter',NULL,870.00,100,1354,10),(1999,'Fuel Filter',NULL,870.00,100,1355,10),(2000,'Fuel Filter',NULL,870.00,100,1356,10),(2001,'Fuel Filter',NULL,870.00,100,1357,10),(2002,'Fuel Filter',NULL,870.00,100,1358,10),(2003,'Fuel Filter',NULL,870.00,100,1359,10),(2004,'Fuel Filter',NULL,870.00,100,1360,10),(2005,'Fuel Filter',NULL,870.00,100,1361,10),(2006,'Fuel Filter',NULL,870.00,100,1362,10),(2007,'Fuel Filter',NULL,870.00,100,1363,10),(2008,'Fuel Filter',NULL,870.00,100,1364,10),(2009,'Fuel Filter',NULL,870.00,100,1365,10),(2010,'Fuel Filter',NULL,870.00,100,17,10),(2011,'Fuel Filter',NULL,870.00,100,1066,10),(2012,'Fuel Filter',NULL,870.00,100,16,10),(2013,'Fuel Filter',NULL,870.00,100,1366,10),(2014,'Fuel Filter',NULL,870.00,100,1367,10),(2015,'Fuel Filter',NULL,870.00,100,1368,10),(2016,'Fuel Filter',NULL,870.00,100,1369,10),(2017,'Fuel Filter',NULL,870.00,100,1370,10),(2018,'Fuel Filter',NULL,870.00,100,1371,10),(2019,'Fuel Filter',NULL,870.00,100,1372,10),(2020,'Fuel Filter',NULL,870.00,100,1373,10),(2021,'Fuel Filter',NULL,870.00,100,1374,10),(2022,'Fuel Filter',NULL,870.00,100,1375,10),(2023,'Fuel Filter',NULL,870.00,100,1376,10),(2024,'Fuel Filter',NULL,870.00,100,1377,10),(2025,'Fuel Filter',NULL,870.00,100,1378,10),(2026,'Fuel Filter',NULL,870.00,100,1379,10),(2027,'Fuel Filter',NULL,870.00,100,1380,10),(2028,'Fuel Filter',NULL,870.00,100,1381,10),(2029,'Fuel Filter',NULL,870.00,100,1382,10),(2030,'Fuel Filter',NULL,870.00,100,1383,10),(2031,'Fuel Filter',NULL,870.00,100,1384,10),(2032,'Fuel Filter',NULL,870.00,100,1385,10),(2033,'Fuel Filter',NULL,870.00,100,1386,10),(2034,'Fuel Filter',NULL,870.00,100,1387,10),(2035,'Fuel Filter',NULL,870.00,100,1388,10),(2036,'Fuel Filter',NULL,870.00,100,1389,10),(2037,'Fuel Filter',NULL,870.00,100,1390,10),(2038,'Fuel Filter',NULL,870.00,100,1391,10),(2039,'Fuel Filter',NULL,870.00,100,1392,10),(2040,'Fuel Filter',NULL,870.00,100,1393,10),(2041,'Fuel Filter',NULL,900.00,100,1394,10),(2042,'Fuel Filter',NULL,900.00,100,1395,10),(2043,'Fuel Filter',NULL,900.00,100,1396,10),(2044,'Fuel Filter',NULL,900.00,100,1397,10),(2045,'Fuel Filter',NULL,900.00,100,1398,10),(2046,'Fuel Filter',NULL,900.00,100,1399,10),(2047,'Fuel Filter',NULL,900.00,100,1400,10),(2048,'Fuel Filter',NULL,900.00,100,1401,10),(2049,'Fuel Filter',NULL,900.00,100,1402,10),(2050,'Fuel Filter',NULL,900.00,100,1403,10),(2051,'Fuel Filter',NULL,900.00,100,1404,10),(2052,'Fuel Filter',NULL,900.00,100,1405,10),(2053,'Fuel Filter',NULL,900.00,100,1406,10),(2054,'Fuel Filter',NULL,900.00,100,1407,10),(2055,'Fuel Filter',NULL,900.00,100,1408,10),(2056,'Fuel Filter',NULL,900.00,100,1409,10),(2057,'Fuel Filter',NULL,900.00,100,1410,10),(2058,'Fuel Filter',NULL,900.00,100,1411,10),(2059,'Fuel Filter',NULL,900.00,100,1412,10),(2060,'Fuel Filter',NULL,900.00,100,1413,10),(2061,'Air Cleaner/Air Filter',NULL,900.00,100,1414,10),(2062,'Air Cleaner/Air Filter',NULL,900.00,100,1415,10),(2063,'Air Cleaner/Air Filter',NULL,900.00,100,1416,10),(2064,'Air Cleaner/Air Filter',NULL,900.00,100,1417,10),(2065,'Air Cleaner/Air Filter',NULL,900.00,100,1418,10),(2066,'Air Cleaner/Air Filter',NULL,900.00,100,1419,10),(2067,'Air Cleaner/Air Filter',NULL,900.00,100,1420,10),(2068,'Air Cleaner/Air Filter',NULL,900.00,100,1421,10),(2069,'Air Cleaner/Air Filter',NULL,900.00,100,1422,10),(2070,'Air Cleaner/Air Filter',NULL,900.00,100,1423,10),(2071,'Air Cleaner/Air Filter',NULL,900.00,100,1424,10),(2072,'Air Cleaner/Air Filter',NULL,900.00,100,1425,10),(2073,'Air Cleaner/Air Filter',NULL,900.00,100,1426,10),(2074,'Air Cleaner/Air Filter',NULL,900.00,100,1427,10),(2075,'Air Cleaner/Air Filter',NULL,900.00,100,1428,10),(2076,'Air Cleaner/Air Filter',NULL,900.00,100,1429,10),(2077,'Air Cleaner/Air Filter',NULL,900.00,100,1430,10),(2078,'Air Cleaner/Air Filter',NULL,900.00,100,1431,10),(2079,'Air Cleaner/Air Filter',NULL,900.00,100,1432,10),(2080,'Air Cleaner/Air Filter',NULL,900.00,100,1433,10),(2081,'Air Cleaner/Air Filter',NULL,900.00,100,1434,10),(2082,'Air Cleaner/Air Filter',NULL,900.00,100,1435,10),(2083,'Air Cleaner/Air Filter',NULL,900.00,100,1436,10),(2084,'Air Cleaner/Air Filter',NULL,900.00,100,1437,10),(2085,'Air Cleaner/Air Filter',NULL,900.00,100,1438,10),(2086,'Air Cleaner/Air Filter',NULL,900.00,100,1439,10),(2087,'Air Cleaner/Air Filter',NULL,900.00,100,1440,10),(2088,'Air Cleaner/Air Filter',NULL,900.00,100,1441,10),(2089,'Air Cleaner/Air Filter',NULL,900.00,100,1442,10),(2090,'Air Cleaner/Air Filter',NULL,900.00,100,1443,10),(2091,'Air Cleaner/Air Filter',NULL,900.00,100,1444,10),(2092,'Air Cleaner/Air Filter',NULL,900.00,100,1445,10),(2093,'Air Cleaner/Air Filter',NULL,900.00,100,1446,10),(2094,'Air Cleaner/Air Filter',NULL,900.00,100,1447,10),(2095,'Air Cleaner/Air Filter',NULL,900.00,100,1448,10),(2096,'Air Cleaner/Air Filter',NULL,900.00,100,1449,10),(2097,'Air Cleaner/Air Filter',NULL,900.00,100,1450,10),(2098,'Air Cleaner/Air Filter',NULL,900.00,100,1451,10),(2099,'Air Cleaner/Air Filter',NULL,900.00,100,1452,10),(2100,'Air Cleaner/Air Filter',NULL,900.00,100,1453,10),(2101,'Air Cleaner/Air Filter',NULL,900.00,100,1454,10),(2102,'Air Cleaner/Air Filter',NULL,900.00,100,1455,10),(2103,'Air Cleaner/Air Filter',NULL,900.00,100,1456,10),(2104,'Air Cleaner/Air Filter',NULL,900.00,100,1457,10),(2105,'Air Cleaner/Air Filter',NULL,900.00,100,1458,10),(2106,'Air Cleaner/Air Filter',NULL,900.00,100,1459,10),(2107,'Air Cleaner/Air Filter',NULL,900.00,100,1460,10),(2108,'Air Cleaner/Air Filter',NULL,900.00,100,11,10),(2109,'Air Cleaner/Air Filter',NULL,900.00,100,1461,10),(2110,'Air Cleaner/Air Filter',NULL,900.00,100,1462,10),(2111,'Air Cleaner/Air Filter',NULL,900.00,100,1463,10),(2112,'Air Cleaner/Air Filter',NULL,900.00,100,1464,10),(2113,'Air Cleaner/Air Filter',NULL,900.00,100,1465,10),(2114,'Air Cleaner/Air Filter',NULL,900.00,100,1466,10),(2115,'Air Cleaner/Air Filter',NULL,900.00,100,1467,10),(2116,'Air Cleaner/Air Filter',NULL,900.00,100,1468,10),(2117,'Air Cleaner/Air Filter',NULL,900.00,100,1469,10),(2118,'Air Cleaner/Air Filter',NULL,900.00,100,1470,10),(2119,'Air Cleaner/Air Filter',NULL,900.00,100,1471,10),(2120,'Air Cleaner/Air Filter',NULL,900.00,100,1472,10),(2121,'Air Cleaner/Air Filter',NULL,900.00,100,1473,10),(2122,'Air Cleaner/Air Filter',NULL,900.00,100,1474,10),(2123,'Air Cleaner/Air Filter',NULL,900.00,100,1475,10),(2124,'Air Cleaner/Air Filter',NULL,900.00,100,1476,10),(2125,'Air Cleaner/Air Filter',NULL,900.00,100,1477,10),(2126,'Air Cleaner/Air Filter',NULL,900.00,100,1478,10),(2127,'Air Cleaner/Air Filter',NULL,900.00,100,1479,10),(2128,'Air Cleaner/Air Filter',NULL,900.00,100,1480,10),(2129,'Air Cleaner/Air Filter',NULL,900.00,100,1481,10),(2130,'Air Cleaner/Air Filter',NULL,900.00,100,1314,10),(2131,'Air Cleaner/Air Filter',NULL,900.00,100,1482,10),(2132,'Air Cleaner/Air Filter',NULL,900.00,100,1483,10),(2133,'Air Cleaner/Air Filter',NULL,900.00,100,1484,10),(2134,'Air Cleaner/Air Filter',NULL,900.00,100,1485,10),(2135,'Air Cleaner/Air Filter',NULL,900.00,100,1486,10),(2136,'Air Cleaner/Air Filter',NULL,900.00,100,1487,10),(2137,'Air Cleaner/Air Filter',NULL,900.00,100,1488,10),(2138,'Air Cleaner/Air Filter',NULL,900.00,100,1489,10),(2139,'Air Cleaner/Air Filter',NULL,900.00,100,1490,10),(2140,'Air Cleaner/Air Filter',NULL,900.00,100,1491,10),(2141,'Air Cleaner/Air Filter',NULL,900.00,100,1492,10),(2142,'Air Cleaner/Air Filter',NULL,900.00,100,1493,10),(2143,'Air Cleaner/Air Filter',NULL,900.00,100,1494,10),(2144,'Air Cleaner/Air Filter',NULL,900.00,100,1495,10),(2145,'Air Cleaner/Air Filter',NULL,900.00,100,1496,10),(2146,'Air Cleaner/Air Filter',NULL,900.00,100,1497,10),(2147,'Air Cleaner/Air Filter',NULL,900.00,100,1498,10),(2148,'Air Cleaner/Air Filter',NULL,900.00,100,1499,10),(2149,'Air Cleaner/Air Filter',NULL,900.00,100,1500,10),(2150,'Air Cleaner/Air Filter',NULL,900.00,100,1501,10),(2151,'Air Cleaner/Air Filter',NULL,900.00,100,1502,10),(2152,'Air Cleaner/Air Filter',NULL,900.00,100,1503,10),(2153,'Air Cleaner/Air Filter',NULL,900.00,100,1504,10),(2154,'Air Cleaner/Air Filter',NULL,900.00,100,1505,10),(2155,'Air Cleaner/Air Filter',NULL,900.00,100,1506,10),(2156,'Air Cleaner/Air Filter',NULL,900.00,100,1507,10),(2157,'Air Cleaner/Air Filter',NULL,900.00,100,1508,10),(2158,'Air Cleaner/Air Filter',NULL,900.00,100,1509,10),(2159,'Air Cleaner/Air Filter',NULL,900.00,100,1510,10),(2160,'Air Cleaner/Air Filter',NULL,900.00,100,1511,10),(2161,'Air Cleaner/Air Filter',NULL,900.00,100,1512,10),(2162,'Air Cleaner/Air Filter',NULL,900.00,100,1513,10),(2163,'Air Cleaner/Air Filter',NULL,900.00,100,1514,10),(2164,'Air Cleaner/Air Filter',NULL,900.00,100,1515,10),(2165,'Air Cleaner/Air Filter',NULL,900.00,100,1516,10),(2166,'Air Cleaner/Air Filter',NULL,900.00,100,1517,10),(2167,'Air Cleaner/Air Filter',NULL,900.00,100,1518,10),(2168,'Air Cleaner/Air Filter',NULL,900.00,100,1519,10),(2169,'Air Cleaner/Air Filter',NULL,900.00,100,1520,10),(2170,'Air Cleaner/Air Filter',NULL,900.00,100,1521,10),(2171,'Air Cleaner/Air Filter',NULL,900.00,100,1522,10),(2172,'Air Cleaner/Air Filter',NULL,900.00,100,1523,10),(2173,'Air Cleaner/Air Filter',NULL,900.00,100,1524,10),(2174,'Air Cleaner/Air Filter',NULL,900.00,100,1525,10),(2175,'Air Cleaner/Air Filter',NULL,900.00,100,1526,10),(2176,'Air Cleaner/Air Filter',NULL,900.00,100,1527,10),(2177,'Air Cleaner/Air Filter',NULL,900.00,100,1528,10),(2178,'Air Cleaner/Air Filter',NULL,900.00,100,1063,10),(2179,'Air Cleaner/Air Filter',NULL,900.00,100,1529,10),(2180,'Air Cleaner/Air Filter',NULL,900.00,100,1530,10),(2181,'Air Cleaner/Air Filter',NULL,900.00,100,1531,10),(2182,'Air Cleaner/Air Filter',NULL,900.00,100,1532,10),(2183,'Air Cleaner/Air Filter',NULL,900.00,100,1533,10),(2184,'Air Cleaner/Air Filter',NULL,900.00,100,1534,10),(2185,'Air Cleaner/Air Filter',NULL,900.00,100,1535,10),(2186,'Air Cleaner/Air Filter',NULL,900.00,100,1363,10),(2187,'Air Cleaner/Air Filter',NULL,900.00,100,1536,10),(2188,'Air Cleaner/Air Filter',NULL,900.00,100,1537,10),(2189,'Air Cleaner/Air Filter',NULL,900.00,100,1538,10),(2190,'Air Cleaner/Air Filter',NULL,900.00,100,1539,10),(2191,'Air Cleaner/Air Filter',NULL,900.00,100,1540,10),(2192,'Air Cleaner/Air Filter',NULL,900.00,100,1541,10);
/*!40000 ALTER TABLE `inventory` ENABLE KEYS */;
UNLOCK TABLES;

--
-- Table structure for table `inventoryfabrication`
--

DROP TABLE IF EXISTS `inventoryfabrication`;
/*!40101 SET @saved_cs_client     = @@character_set_client */;
/*!40101 SET character_set_client = utf8 */;
CREATE TABLE `inventoryfabrication` (
  `itemid` int(11) NOT NULL AUTO_INCREMENT,
  `itemname` varchar(60) NOT NULL,
  `itemsizediam` varchar(30) NOT NULL,
  `itemsizelength` varchar(30) NOT NULL,
  UNIQUE KEY `fitemid` (`itemid`)
) ENGINE=InnoDB AUTO_INCREMENT=23 DEFAULT CHARSET=latin1;
/*!40101 SET character_set_client = @saved_cs_client */;

--
-- Dumping data for table `inventoryfabrication`
--

LOCK TABLES `inventoryfabrication` WRITE;
/*!40000 ALTER TABLE `inventoryfabrication` DISABLE KEYS */;
INSERT INTO `inventoryfabrication` VALUES (1,'SHAFT, MARINE','300','100'),(2,'SHAFTING, BRASS','300','100'),(3,'SHAFTING, CRS','300','100'),(4,'SHAFTING, CRS hex','300','100'),(5,'SHAFTING, HEX. TS','300','100'),(6,'SHAFTING, MS (MILD STEEL)','300','100'),(7,'SHAFTING, S/S','300','100'),(8,'SHAFTING, S/S / rod','300','100'),(9,'SHAFTING, S/S T304','300','100'),(10,'SHAFTING, S/S T316','300','100'),(11,'SHAFTING, TS 1045','300','100'),(12,'SHAFTING, TS 1050','300','100'),(13,'SHAFTING, TS 4140','300','100'),(14,'SHAFTING, TS 4140 - JAPAN','300','100'),(15,'SHAFTING, TS 4340','300','100'),(16,'SHAFTING, ZIELVER STAHL #555','300','100'),(17,'SHEET ALUM','300','100'),(18,'SHEET, BI','300','100'),(19,'SHEET, BRASS','300','100'),(20,'SHEET, COPPER','300','100'),(21,'SHEET, GI','300','100'),(22,'SHEET, S/S','300','100');
/*!40000 ALTER TABLE `inventoryfabrication` ENABLE KEYS */;
UNLOCK TABLES;

--
-- Table structure for table `itemlogs`
--

DROP TABLE IF EXISTS `itemlogs`;
/*!40101 SET @saved_cs_client     = @@character_set_client */;
/*!40101 SET character_set_client = utf8 */;
CREATE TABLE `itemlogs` (
  `itemlogid` int(15) NOT NULL AUTO_INCREMENT,
  `itemprice` decimal(11,2) DEFAULT NULL,
  `itemquantity` int(5) DEFAULT NULL,
  `saleid` int(15) DEFAULT NULL,
  `joborderid` decimal(38,0) DEFAULT NULL,
  `inventoryid` int(15) DEFAULT NULL,
  PRIMARY KEY (`itemlogid`),
  KEY `fk_itemlogs_saleid_idx` (`saleid`),
  KEY `fk_itemlogs_joborderid_idx` (`joborderid`),
  KEY `fk_itemlogs_inventoryid_idx` (`inventoryid`),
  CONSTRAINT `fk_itemlogs_inventoryid` FOREIGN KEY (`inventoryid`) REFERENCES `inventory` (`inventoryid`) ON DELETE NO ACTION ON UPDATE NO ACTION,
  CONSTRAINT `fk_itemlogs_saleid` FOREIGN KEY (`saleid`) REFERENCES `sales` (`saleid`) ON DELETE NO ACTION ON UPDATE NO ACTION
) ENGINE=InnoDB AUTO_INCREMENT=123 DEFAULT CHARSET=latin1;
/*!40101 SET character_set_client = @saved_cs_client */;

--
-- Dumping data for table `itemlogs`
--

LOCK TABLES `itemlogs` WRITE;
/*!40000 ALTER TABLE `itemlogs` DISABLE KEYS */;
INSERT INTO `itemlogs` VALUES (47,980.00,2,NULL,201511271,263),(48,460.00,2,NULL,201511272,293),(49,600.00,1,NULL,201511273,264),(50,850.00,2,NULL,201511274,232),(51,600.00,2,NULL,201511275,264),(52,980.00,2,NULL,201511276,199),(53,2322.00,2,NULL,201511277,152),(54,750.00,2,NULL,201511279,266),(55,550.00,2,NULL,2015112710,229),(56,679.00,3,NULL,2015112711,123),(57,800.00,1,NULL,2015112712,314),(58,3556.00,1,NULL,2015112713,154),(59,400.00,1,NULL,2015112714,180),(60,1000.00,2,NULL,2015112715,317),(61,538.00,1,NULL,2015112716,95),(62,1200.00,1,NULL,2015112717,183),(63,600.00,1,NULL,2015112717,435),(64,750.00,1,NULL,2015112717,463),(65,900.00,1,NULL,2015112717,491),(66,460.00,1,NULL,2015112718,206),(67,550.00,2,NULL,2015112720,209),(68,450.00,1,NULL,2015112721,208),(69,750.00,1,NULL,2015112723,323),(70,650.00,2,NULL,2015112724,265),(71,350.00,1,NULL,2015112725,177),(72,550.00,3,NULL,2015112726,151),(73,450.00,1,NULL,2015112727,148),(74,800.00,2,NULL,2015112728,572),(75,650.00,1,NULL,2015112730,128),(76,460.00,1,NULL,2015112731,293),(77,360.00,1,NULL,2015112732,179),(78,690.00,2,NULL,2015112733,234),(79,470.00,2,NULL,2015112734,259),(80,940.00,1,NULL,2015112735,347),(81,460.00,1,NULL,2015112736,293),(82,1500.00,1,NULL,2015112738,268),(83,580.00,1,NULL,2015112739,182),(84,650.00,1,NULL,2015112740,128),(85,1000.00,1,NULL,2015112741,659),(86,680.00,1,NULL,2015112742,127),(87,400.00,1,NULL,2015112743,319),(88,600.00,1,NULL,2015112744,264),(89,750.00,1,NULL,2015112745,323),(90,980.00,1,NULL,2015112746,263),(91,670.00,1,NULL,2015112747,349),(92,850.00,1,NULL,2015112748,290),(93,600.00,1,NULL,2015112749,295),(94,400.00,1,NULL,2015112749,238),(95,600.00,1,NULL,2015112749,294),(96,1500.00,1,NULL,2015112749,236),(97,1400.00,1,NULL,2015112749,237),(98,600.00,1,NULL,2015112749,294),(99,750.00,1,NULL,2015112750,266),(100,550.00,1,NULL,2015112751,151),(101,700.00,1,NULL,2015112752,352),(102,650.00,1,NULL,2015112753,124),(103,730.00,1,NULL,2015112754,269),(104,750.00,2,NULL,2015112797,297),(105,600.00,1,NULL,2015112798,298),(106,1000.00,1,NULL,2015112799,669),(107,700.00,2,NULL,20151127100,352),(108,750.00,1,NULL,20151127101,323),(109,900.00,1,NULL,20151127102,408),(110,800.00,1,NULL,20151127103,351),(111,440.00,1,NULL,20151127104,270),(112,600.00,2,NULL,20151127105,221),(113,600.00,1,NULL,20151127107,294),(114,640.00,1,NULL,20151127108,379),(115,730.00,1,NULL,20151127110,269),(116,1000.00,6,NULL,20151127114,661),(117,460.00,3,NULL,20151127115,293),(118,600.00,6,NULL,20151127116,296),(119,1000.00,3,NULL,20151127118,660),(120,700.00,4,NULL,20151127120,354),(121,700.00,6,NULL,20151127121,409),(122,500.00,1,NULL,20151127122,324);
/*!40000 ALTER TABLE `itemlogs` ENABLE KEYS */;
UNLOCK TABLES;

--
-- Table structure for table `joborders`
--

DROP TABLE IF EXISTS `joborders`;
/*!40101 SET @saved_cs_client     = @@character_set_client */;
/*!40101 SET character_set_client = utf8 */;
CREATE TABLE `joborders` (
  `joborderid` decimal(38,0) NOT NULL,
  `problem` varchar(500) DEFAULT NULL,
  `datebrought` date DEFAULT NULL,
  `datestarted` date DEFAULT NULL,
  `datefinished` date DEFAULT NULL,
  `dateclaimed` date DEFAULT NULL,
  `downpayment` decimal(11,2) DEFAULT NULL,
  `joprice` decimal(11,2) DEFAULT NULL,
  `balance` decimal(11,2) DEFAULT NULL,
  `adjustments` int(15) DEFAULT NULL,
  `jostatus` enum('Pending','Ongoing','Done') DEFAULT 'Pending',
  `preparedby` varchar(100) DEFAULT NULL,
  `modelno` varchar(50) DEFAULT NULL,
  `engineno` varchar(50) DEFAULT NULL,
  `supervisor` varchar(100) DEFAULT NULL,
  `sbsupervisor` varchar(45) NOT NULL,
  `jotype` enum('EngRecon','Fabrication','EngReconFab') DEFAULT NULL,
  `clientid` int(15) DEFAULT NULL,
  PRIMARY KEY (`joborderid`),
  KEY `fk_joborders_clientid_idx` (`clientid`),
  CONSTRAINT `fk_joborders_clientid` FOREIGN KEY (`clientid`) REFERENCES `clients` (`clientid`) ON DELETE NO ACTION ON UPDATE NO ACTION
) ENGINE=InnoDB DEFAULT CHARSET=latin1;
/*!40101 SET character_set_client = @saved_cs_client */;

--
-- Dumping data for table `joborders`
--

LOCK TABLES `joborders` WRITE;
/*!40000 ALTER TABLE `joborders` DISABLE KEYS */;
INSERT INTO `joborders` VALUES (201511271,'Over sized piston','2015-09-01',NULL,NULL,NULL,500.00,2480.00,1980.00,-100,'Pending','Rosario, Mercedes','4HF1','12341234','Tiong, Brenwin','Tiong, Brenwin','EngRecon',303),(201511272,'Oversized bearing','2015-09-01',NULL,NULL,NULL,200.00,1170.00,970.00,0,'Pending','Merill, Freya','6D14','1234','Tiong, Brenwin','Tiong, Brenwin','EngRecon',297),(201511273,'Oversized piston','2015-09-01',NULL,NULL,NULL,200.00,1150.00,950.00,0,'Pending','Valencia, Jada','10PD','12341234','Tiong, Benedict','Tiong, Brenwin','EngRecon',258),(201511274,'Oversized piston','2015-09-01',NULL,NULL,NULL,100.00,2250.00,2150.00,0,'Pending','Valencia, Jada','4M40','49846','Tiong, Brenwin','Tiong, Brenwin','EngRecon',25),(201511275,'Oversized piston','2015-09-01',NULL,NULL,NULL,200.00,1900.00,1700.00,0,'Pending','House, Leslie','10PD','6549819','Tiong, Brenwin','Tiong, Brenwin','EngRecon',98),(201511276,'Oversized piston','2015-09-01',NULL,NULL,NULL,400.00,2340.00,1940.00,0,'Pending','Valencia, Jada','3L/2L','984981','Tiong, Brenwin','Tiong, Brenwin','EngRecon',303),(201511277,'Oversized piston','2015-09-01',NULL,NULL,NULL,200.00,4894.00,4694.00,0,'Pending','House, Leslie','10PD','984984+','Tiong, Brenwin','Tiong, Brenwin','EngRecon',344),(201511278,'Oversized piston','2015-09-02',NULL,NULL,NULL,200.00,300.00,100.00,0,'Pending','Valencia, Jada','4M40','656861','Tiong, Brenwin','Tiong, Benedict','EngRecon',258),(201511279,'Oversized piston','2015-09-02',NULL,NULL,NULL,300.00,1850.00,1550.00,0,'Pending','Valencia, Jada','6BD6','6521681','Tiong, Brenwin','Tiong, Brenwin','EngRecon',303),(2015112710,'Oversized piston','2015-09-02',NULL,NULL,NULL,300.00,1400.00,1100.00,0,'Pending','Morse, Kimberly','MAZDA S2','56168','Tiong, Brenwin','Tiong, Brenwin','EngRecon',305),(2015112711,'Oversized piston','2015-09-02',NULL,NULL,NULL,100.00,2337.00,2237.00,0,'Pending','Rosario, Mercedes','4HF1','6816516','Tiong, Brenwin','Tiong, Brenwin','EngRecon',303),(2015112712,'Oversized piston','2015-09-02',NULL,NULL,NULL,500.00,1150.00,650.00,0,'Pending','Russel, Isadora','MAZDA R2','681651','Tiong, Brenwin','Tiong, Brenwin','EngRecon',316),(2015112713,'Oversized piston','2015-09-02',NULL,NULL,NULL,500.00,4106.00,3606.00,0,'Pending','Merill, Freya','6BD6','68186','Tiong, Brenwin','Tiong, Benedict','EngRecon',303),(2015112714,'Oversized piston','2015-09-02',NULL,NULL,NULL,500.00,780.00,280.00,0,'Pending','Merill, Freya','10PD','68161','Tiong, Benedict','Tiong, Benedict','EngRecon',305),(2015112715,'Oversized piston','2015-09-03',NULL,NULL,NULL,500.00,2400.00,1900.00,0,'Pending','Russel, Isadora','4D56','681681','Tiong, Benedict','Tiong, Benedict','EngRecon',258),(2015112716,'Oversized piston','2015-09-03',NULL,NULL,NULL,200.00,918.00,718.00,0,'Pending','Morse, Kimberly','4HF1','8746481','Tiong, Brenwin','Tiong, Brenwin','EngRecon',305),(2015112717,'Oversized piston','2015-10-03',NULL,NULL,NULL,500.00,3850.00,3350.00,0,'Pending','Morse, Kimberly','6BG1','61651','Tiong, Brenwin','Tiong, Brenwin','EngRecon',303),(2015112718,'Oversized piston','2015-09-03',NULL,NULL,NULL,500.00,1010.00,510.00,0,'Pending','Valencia, Jada','4D30','681681','Tiong, Brenwin','Tiong, Brenwin','EngRecon',305),(2015112719,'Oversized piston','2015-09-03',NULL,NULL,NULL,500.00,800.00,300.00,0,'Pending','Rosario, Mercedes','4D55','5168168','Tiong, Brenwin','Tiong, Brenwin','EngRecon',297),(2015112720,'Oversized piston','2015-09-03',NULL,NULL,NULL,500.00,1350.00,850.00,0,'Pending','Valencia, Jada','6D14','9861681','Tiong, Brenwin','Tiong, Brenwin','EngRecon',303),(2015112721,'Oversized piston','2015-09-03',NULL,NULL,NULL,500.00,950.00,450.00,0,'Pending','Morse, Kimberly','10PD','68416518','Tiong, Benedict','Tiong, Brenwin','EngRecon',297),(2015112722,'Oversized piston','2015-09-04',NULL,NULL,NULL,500.00,1000.00,500.00,0,'Pending','House, Leslie','4HF1','681681','Tiong, Brenwin','Tiong, Brenwin','EngRecon',98),(2015112723,'Oversized piston','2015-09-04',NULL,NULL,NULL,500.00,1150.00,650.00,0,'Pending','Russel, Isadora','6BG1','8516168','Tiong, Brenwin','Tiong, Brenwin','EngRecon',305),(2015112724,'Oversized piston','2015-09-04',NULL,NULL,NULL,500.00,1600.00,1100.00,0,'Pending','Morse, Kimberly','6D14','651651','Tiong, Brenwin','Tiong, Brenwin','EngRecon',258),(2015112725,'Oversized piston','2015-09-04',NULL,NULL,NULL,500.00,600.00,100.00,0,'Pending','Valencia, Jada','4D56','68165','Tiong, Brenwin','Tiong, Benedict','EngRecon',305),(2015112726,'Oversized piston','2015-09-04',NULL,NULL,NULL,500.00,2200.00,1700.00,0,'Pending','Morse, Kimberly','4HF1','68461','Tiong, Brenwin','Tiong, Brenwin','EngRecon',316),(2015112727,'Oversized piston','2015-09-04',NULL,NULL,NULL,500.00,830.00,330.00,0,'Pending','Valencia, Jada','4M40','68151','Tiong, Brenwin','Tiong, Brenwin','EngRecon',305),(2015112728,'Oversized piston','2015-09-04',NULL,NULL,NULL,500.00,2150.00,1650.00,0,'Pending','Russel, Isadora','10PD','681681','Tiong, Brenwin','Tiong, Benedict','EngRecon',305),(2015112729,'Oversized piston','2015-09-05',NULL,NULL,NULL,500.00,700.00,200.00,0,'Pending','Russel, Isadora','4D30','65181','Tiong, Benedict','Tiong, Brenwin','EngRecon',305),(2015112730,'Oversized piston','2015-09-05',NULL,NULL,NULL,500.00,1030.00,530.00,0,'Pending','Rosario, Mercedes','4D55','681651','Tiong, Brenwin','Tiong, Brenwin','EngRecon',297),(2015112731,'Oversized piston','2015-09-05',NULL,NULL,NULL,200.00,640.00,440.00,0,'Pending','Russel, Isadora','6D14','651681','Tiong, Brenwin','Tiong, Benedict','EngRecon',305),(2015112732,'Oversized piston','2015-09-05',NULL,NULL,NULL,500.00,910.00,410.00,0,'Pending','Rosario, Mercedes','4HF1','651651','Tiong, Brenwin','Tiong, Brenwin','EngRecon',305),(2015112733,'Oversized piston','2015-09-05',NULL,NULL,NULL,500.00,1680.00,1180.00,0,'Pending','House, Leslie','4D30','651681','Tiong, Benedict','Tiong, Benedict','EngRecon',303),(2015112734,'Oversized piston','2015-09-05',NULL,NULL,NULL,500.00,1490.00,990.00,0,'Pending','Watkins, Jasmine','4DR5','8181','Tiong, Brenwin','Tiong, Benedict','EngRecon',303),(2015112735,'Oversized piston','2015-09-05',NULL,NULL,NULL,500.00,1490.00,990.00,0,'Pending','Russel, Isadora','4HF1','6581681','Tiong, Brenwin','Tiong, Brenwin','EngRecon',258),(2015112736,'Oversized piston','2015-09-07',NULL,NULL,NULL,500.00,840.00,340.00,0,'Pending','Morse, Kimberly','6D14','56161','Tiong, Brenwin','Tiong, Benedict','EngRecon',303),(2015112737,'Oversized piston','2015-09-07',NULL,NULL,NULL,500.00,700.00,200.00,0,'Pending','Rosario, Mercedes','10PD','98681','Tiong, Brenwin','Tiong, Brenwin','EngRecon',38),(2015112738,'Oversized piston','2015-09-07',NULL,NULL,NULL,500.00,1750.00,1250.00,0,'Pending','Russel, Isadora','4D55','651681','Tiong, Brenwin','Tiong, Brenwin','EngRecon',316),(2015112739,'Oversized piston','2015-09-07',NULL,NULL,NULL,500.00,880.00,380.00,0,'Pending','Merill, Freya','6BD6','651861','Tiong, Brenwin','Tiong, Brenwin','EngRecon',303),(2015112740,'Oversized piston','2015-09-07',NULL,NULL,NULL,500.00,830.00,330.00,0,'Pending','Morse, Kimberly','4D55','981681','Tiong, Brenwin','Tiong, Brenwin','EngRecon',303),(2015112741,'Oversized piston','2015-09-07',NULL,NULL,NULL,500.00,1180.00,680.00,0,'Pending','Valencia, Jada','6BG1','6511841','Tiong, Brenwin','Tiong, Benedict','EngRecon',344),(2015112742,'Oversized piston','2015-09-07',NULL,NULL,NULL,500.00,930.00,430.00,0,'Pending','Russel, Isadora','6BG1','6168168','Tiong, Brenwin','Tiong, Benedict','EngRecon',301),(2015112743,'Oversized piston','2015-09-08',NULL,NULL,NULL,500.00,650.00,150.00,0,'Pending','Russel, Isadora','4HF1','658181','Tiong, Brenwin','Tiong, Brenwin','EngRecon',301),(2015112744,'Oversized piston','2015-09-08',NULL,NULL,NULL,495.00,1000.00,505.00,0,'Pending','Morse, Kimberly','10PD','68181','Tiong, Brenwin','Tiong, Brenwin','EngRecon',303),(2015112745,'Oversized piston','2015-09-08',NULL,NULL,NULL,500.00,1050.00,550.00,0,'Pending','Rosario, Mercedes','6BG1','65168','Tiong, Benedict','Tiong, Brenwin','EngRecon',344),(2015112746,'Oversized piston','2015-09-10',NULL,NULL,NULL,500.00,1330.00,830.00,0,'Pending','Morse, Kimberly','4HF1','618','Tiong, Brenwin','Tiong, Benedict','EngRecon',70),(2015112747,'Oversized piston','2015-09-10',NULL,NULL,NULL,50.00,970.00,920.00,0,'Pending','House, Leslie','6D14','68168','Tiong, Benedict','Tiong, Benedict','EngRecon',259),(2015112748,'2015112749','2015-09-10',NULL,NULL,NULL,200.00,7750.00,7750.00,0,'Pending','House, Leslie','4HF1','6818','Tiong, Brenwin','Tiong, Brenwin','EngRecon',259),(2015112749,'Oversized piston','2015-09-10',NULL,NULL,NULL,200.00,7750.00,7750.00,0,'Pending','Merill, Freya','6BG1','618564','Tiong, Brenwin','Tiong, Brenwin','EngRecon',301),(2015112750,'Oversized Piston','2015-10-03',NULL,NULL,NULL,200.00,1130.00,930.00,0,'Pending','Morse, Kimberly','6BD6','981','Tiong, Brenwin','Tiong, Brenwin','EngRecon',297),(2015112751,'Oversized piston','2015-10-03',NULL,NULL,NULL,500.00,1100.00,600.00,0,'Pending','Valencia, Jada','4HF1','6181','Tiong, Brenwin','Tiong, Brenwin','EngRecon',305),(2015112752,'Oversized piston','2015-10-03',NULL,NULL,NULL,200.00,1100.00,900.00,0,'Pending','House, Leslie','4D55','81681','Tiong, Benedict','Tiong, Benedict','EngRecon',154),(2015112753,'Oversized piston','2015-10-03',NULL,NULL,NULL,200.00,1050.00,850.00,0,'Pending','Watkins, Jasmine','10PD','451681','Tiong, Brenwin','Tiong, Benedict','EngRecon',301),(2015112754,'Oversized piston','2015-10-03',NULL,NULL,NULL,200.00,980.00,780.00,0,'Pending','Russel, Isadora','4D32','6841681','Tiong, Brenwin','Tiong, Brenwin','EngRecon',344),(2015112755,NULL,'2015-09-01',NULL,NULL,NULL,200.00,300.00,100.00,NULL,'Pending','Park, Rhona',NULL,NULL,'Tiong, Brenwin','','Fabrication',344),(2015112756,NULL,'2015-09-01',NULL,NULL,NULL,100.00,200.00,100.00,NULL,'Pending','Morse, Kimberly',NULL,NULL,'Tiong, Brenwin','','Fabrication',297),(2015112757,NULL,'2015-09-01',NULL,NULL,NULL,100.00,300.00,200.00,NULL,'Pending','Rosario, Mercedes',NULL,NULL,'Tiong, Brenwin','','Fabrication',393),(2015112758,NULL,'2015-09-02',NULL,NULL,NULL,100.00,600.00,500.00,NULL,'Pending','Park, Rhona',NULL,NULL,'Tiong, Brenwin','','Fabrication',317),(2015112759,NULL,'2015-09-04',NULL,NULL,NULL,100.00,900.00,800.00,NULL,'Pending','Russel, Isadora',NULL,NULL,'Tiong, Brenwin','','Fabrication',297),(2015112760,NULL,'2015-09-05',NULL,NULL,NULL,100.00,500.00,400.00,NULL,'Pending','Park, Rhona',NULL,NULL,'Tiong, Brenwin','','Fabrication',301),(2015112761,NULL,'2015-09-07',NULL,NULL,NULL,100.00,800.00,700.00,NULL,'Pending','Park, Rhona',NULL,NULL,'Tiong, Benedict','','Fabrication',316),(2015112762,NULL,'2015-09-08',NULL,NULL,NULL,100.00,600.00,500.00,NULL,'Pending','Roces, Mikee',NULL,NULL,'Tiong, Brenwin','','Fabrication',316),(2015112763,NULL,'2015-09-09',NULL,NULL,NULL,100.00,800.00,700.00,NULL,'Pending','Rosario, Mercedes',NULL,NULL,'Tiong, Brenwin','','Fabrication',297),(2015112764,NULL,'2015-09-09',NULL,NULL,NULL,200.00,1000.00,800.00,NULL,'Pending','Morse, Kimberly',NULL,NULL,'Tiong, Benedict','','Fabrication',275),(2015112765,NULL,'2015-09-10',NULL,NULL,NULL,100.00,1000.00,900.00,NULL,'Pending','Morse, Kimberly',NULL,NULL,'Tiong, Brenwin','','Fabrication',3),(2015112766,NULL,'2015-09-11',NULL,NULL,NULL,100.00,200.00,100.00,NULL,'Pending','Morse, Kimberly',NULL,NULL,'Tiong, Brenwin','','Fabrication',154),(2015112767,NULL,'2015-09-12',NULL,NULL,NULL,100.00,1000.00,900.00,NULL,'Pending','Morse, Kimberly',NULL,NULL,'Tiong, Brenwin','','Fabrication',75),(2015112768,NULL,'2015-09-14',NULL,NULL,NULL,100.00,199.00,99.00,NULL,'Pending','Roces, Mikee',NULL,NULL,'Tiong, Brenwin','','Fabrication',297),(2015112769,NULL,'2015-09-15',NULL,NULL,NULL,110.00,1000.00,890.00,NULL,'Pending','Morse, Kimberly',NULL,NULL,'Tiong, Brenwin','','Fabrication',268),(2015112770,NULL,'2015-09-16',NULL,NULL,NULL,100.00,1000.00,900.00,NULL,'Pending','Rosario, Mercedes',NULL,NULL,'Tiong, Brenwin','','Fabrication',54),(2015112771,NULL,'2015-09-17',NULL,NULL,NULL,110.00,1000.00,890.00,NULL,'Pending','Park, Rhona',NULL,NULL,'Tiong, Benedict','','Fabrication',376),(2015112772,NULL,'2015-09-18',NULL,NULL,NULL,100.00,1000.00,900.00,NULL,'Pending','Rosario, Mercedes',NULL,NULL,'Tiong, Brenwin','','Fabrication',306),(2015112773,NULL,'2015-09-19',NULL,NULL,NULL,100.00,1000.00,900.00,NULL,'Pending','Rosario, Mercedes',NULL,NULL,'Tiong, Brenwin','','Fabrication',417),(2015112774,NULL,'2015-09-22',NULL,NULL,NULL,110.00,1000.00,890.00,NULL,'Pending','Park, Rhona',NULL,NULL,'Tiong, Brenwin','','Fabrication',1),(2015112775,NULL,'2015-09-22',NULL,NULL,NULL,100.00,1000.00,900.00,NULL,'Pending','Roces, Mikee',NULL,NULL,'Tiong, Benedict','','Fabrication',300),(2015112776,NULL,'2015-09-23',NULL,NULL,NULL,110.00,1000.00,890.00,NULL,'Pending','Roces, Mikee',NULL,NULL,'Tiong, Brenwin','','Fabrication',300),(2015112777,NULL,'2015-09-24',NULL,NULL,NULL,100.00,1000.00,900.00,NULL,'Pending','Park, Rhona',NULL,NULL,'Tiong, Brenwin','','Fabrication',75),(2015112778,NULL,'2015-09-25',NULL,NULL,NULL,100.00,1000.00,900.00,NULL,'Pending','Watkins, Jasmine',NULL,NULL,'Tiong, Benedict','','Fabrication',75),(2015112779,NULL,'2015-09-26',NULL,NULL,NULL,100.00,1000.00,900.00,NULL,'Pending','Park, Rhona',NULL,NULL,'Tiong, Brenwin','','Fabrication',382),(2015112780,NULL,'2015-09-28',NULL,NULL,NULL,100.00,1000.00,900.00,NULL,'Pending','Roces, Mikee',NULL,NULL,'Tiong, Brenwin','','Fabrication',344),(2015112781,NULL,'2015-09-29',NULL,NULL,NULL,100.00,1000.00,900.00,NULL,'Pending','Morse, Kimberly',NULL,NULL,'Tiong, Brenwin','','Fabrication',344),(2015112782,NULL,'2015-09-30',NULL,NULL,NULL,100.00,1000.00,900.00,NULL,'Pending','Russel, Isadora',NULL,NULL,'Tiong, Brenwin','','Fabrication',99),(2015112783,NULL,'2015-10-05',NULL,NULL,NULL,100.00,1000.00,900.00,NULL,'Pending','Roces, Mikee',NULL,NULL,'Tiong, Brenwin','','Fabrication',61),(2015112784,NULL,'2015-10-06',NULL,NULL,NULL,100.00,3000.00,2900.00,NULL,'Pending','Rosario, Mercedes',NULL,NULL,'Tiong, Brenwin','','Fabrication',386),(2015112785,NULL,'2015-10-06',NULL,NULL,NULL,200.00,2000.00,1800.00,NULL,'Pending','Roces, Mikee',NULL,NULL,'Tiong, Brenwin','','Fabrication',5),(2015112786,NULL,'2015-10-07',NULL,NULL,NULL,320.00,4000.00,3680.00,NULL,'Pending','Merill, Freya',NULL,NULL,'Tiong, Brenwin','','Fabrication',261),(2015112787,NULL,'2015-10-10',NULL,NULL,NULL,520.00,1000.00,480.00,NULL,'Pending','Park, Rhona',NULL,NULL,'Tiong, Brenwin','','Fabrication',234),(2015112788,NULL,'2015-10-12',NULL,NULL,NULL,420.00,2000.00,1580.00,NULL,'Pending','Merill, Freya',NULL,NULL,'Tiong, Brenwin','','Fabrication',267),(2015112789,NULL,'2015-10-13',NULL,NULL,NULL,210.00,4000.00,3790.00,NULL,'Pending','Roces, Mikee',NULL,NULL,'Tiong, Brenwin','','Fabrication',75),(2015112790,NULL,'2015-10-22',NULL,NULL,NULL,220.00,5000.00,4780.00,NULL,'Pending','Morse, Kimberly',NULL,NULL,'Tiong, Brenwin','','Fabrication',360),(2015112791,NULL,'2015-10-23',NULL,NULL,NULL,420.00,3000.00,2580.00,NULL,'Pending','Rosario, Mercedes',NULL,NULL,'Tiong, Brenwin','','Fabrication',382),(2015112792,NULL,'2015-10-23',NULL,NULL,NULL,220.00,4000.00,3780.00,NULL,'Pending','Park, Rhona',NULL,NULL,'Tiong, Brenwin','','Fabrication',99),(2015112793,NULL,'2015-10-26',NULL,NULL,NULL,450.00,4000.00,3550.00,NULL,'Pending','Rosario, Mercedes',NULL,NULL,'Tiong, Brenwin','','Fabrication',269),(2015112794,NULL,'2015-10-24',NULL,NULL,NULL,310.00,4000.00,3690.00,NULL,'Pending','Park, Rhona',NULL,NULL,'Tiong, Brenwin','','Fabrication',306),(2015112795,'Oversized Piston','2015-10-05',NULL,NULL,NULL,200.00,400.00,200.00,0,'Pending','Valencia, Jada','10PD','68416816','Tiong, Brenwin','Tiong, Brenwin','EngRecon',262),(2015112796,'Oversized Piston','2015-10-05',NULL,NULL,NULL,100.00,550.00,450.00,0,'Pending','Morse, Kimberly','4D32','65168168','Tiong, Brenwin','Tiong, Brenwin','EngRecon',75),(2015112797,'Oversized Piston','2015-10-05',NULL,NULL,NULL,200.00,1900.00,1700.00,0,'Pending','Russel, Isadora','4D32','681681','Tiong, Brenwin','Tiong, Brenwin','EngRecon',392),(2015112798,'Oversized Piston','2015-10-05',NULL,NULL,NULL,300.00,980.00,680.00,0,'Pending','Rosario, Mercedes','4HE1','981681','Tiong, Brenwin','Tiong, Benedict','EngRecon',38),(2015112799,'Oversized Piston','2015-10-05',NULL,NULL,NULL,100.00,1300.00,1200.00,0,'Pending','Russel, Isadora','5L','861','Tiong, Benedict','Tiong, Brenwin','EngRecon',61),(20151127100,'Oversized Piston','2015-10-05',NULL,NULL,NULL,300.00,1780.00,1480.00,0,'Pending','Rosario, Mercedes','4D55','681686168','Tiong, Brenwin','Tiong, Brenwin','EngRecon',266),(20151127101,'Oversized Piston','2015-10-06',NULL,NULL,NULL,200.00,1050.00,850.00,0,'Pending','Merill, Freya','6BG1','181818','Tiong, Brenwin','Tiong, Brenwin','EngRecon',75),(20151127102,'Oversized Piston','2015-10-06',NULL,NULL,NULL,300.00,1450.00,1150.00,0,'Pending','Rosario, Mercedes','4D55','68168168','Tiong, Brenwin','Tiong, Brenwin','EngRecon',300),(20151127103,'Oversized Piston','2015-10-06',NULL,NULL,NULL,200.00,1100.00,900.00,0,'Pending','Watkins, Jasmine','6BG1','681681','Tiong, Brenwin','Tiong, Benedict','EngRecon',316),(20151127104,'Oversized Piston','2015-10-06',NULL,NULL,NULL,200.00,740.00,540.00,0,'Pending','House, Leslie','4HE1','681681','Tiong, Brenwin','Tiong, Benedict','EngRecon',316),(20151127105,'Oversized Piston','2015-10-06',NULL,NULL,NULL,300.00,1380.00,1080.00,0,'Pending','Morse, Kimberly','5L','651681','Tiong, Brenwin','Tiong, Brenwin','EngRecon',376),(20151127106,'Oversized Piston','2015-10-06',NULL,NULL,NULL,50.00,180.00,130.00,0,'Pending','Merill, Freya','4HE1','681681','Tiong, Brenwin','Tiong, Brenwin','EngRecon',299),(20151127107,'Oversized Piston','2015-10-07',NULL,NULL,NULL,300.00,950.00,650.00,0,'Pending','Park, Rhona','6BD6','681681','Tiong, Brenwin','Tiong, Brenwin','EngRecon',142),(20151127108,'Oversized Piston','2015-10-07',NULL,NULL,NULL,200.00,1020.00,820.00,0,'Pending','Russel, Isadora','6BG1','6816816','Tiong, Brenwin','Tiong, Brenwin','EngRecon',75),(20151127109,'Oversized Piston','2015-10-07',NULL,NULL,NULL,200.00,550.00,350.00,0,'Pending','Rosario, Mercedes','6BG1','68161','Tiong, Brenwin','Tiong, Benedict','EngRecon',38),(20151127110,'Oversized Piston','2015-10-07',NULL,NULL,NULL,300.00,1130.00,830.00,0,'Pending','Rosario, Mercedes','4D32','8181','Tiong, Benedict','Tiong, Brenwin','EngRecon',306),(20151127111,'Oversized Piston','2015-10-07',NULL,NULL,NULL,150.00,300.00,150.00,0,'Pending','Morse, Kimberly','6D14','984181','Tiong, Benedict','Tiong, Benedict','EngRecon',300),(20151127112,'Oversized Piston','2015-10-07',NULL,NULL,NULL,200.00,550.00,350.00,0,'Pending','Morse, Kimberly','6D14','981681','Tiong, Brenwin','Tiong, Brenwin','EngRecon',179),(20151127113,'Oversized Piston','2015-10-08',NULL,NULL,NULL,300.00,500.00,200.00,0,'Pending','Merill, Freya','5L','685168168','Tiong, Brenwin','Tiong, Brenwin','EngRecon',75),(20151127114,'Oversized Piston','2015-10-08',NULL,NULL,NULL,2000.00,6250.00,4250.00,0,'Pending','Merill, Freya','4D32','981681','Tiong, Benedict','Tiong, Brenwin','EngRecon',38),(20151127115,'Oversized Piston','2015-10-08',NULL,NULL,NULL,300.00,1560.00,1260.00,0,'Pending','Russel, Isadora','6D14','68168','Tiong, Brenwin','Tiong, Brenwin','EngRecon',61),(20151127116,'Oversized Piston','2015-10-08',NULL,NULL,NULL,1000.00,3980.00,2980.00,0,'Pending','Merill, Freya','4D55','98181','Tiong, Brenwin','Tiong, Benedict','EngRecon',316),(20151127117,'Oversized Piston','2015-10-08',NULL,NULL,NULL,100.00,250.00,150.00,0,'Pending','Morse, Kimberly','4D32','68168186','Tiong, Benedict','Tiong, Brenwin','EngRecon',299),(20151127118,'Oversized Piston','2015-10-09',NULL,NULL,NULL,1500.00,3400.00,1900.00,0,'Pending','Watkins, Jasmine','4D55','9816818','Tiong, Benedict','Tiong, Brenwin','EngRecon',355),(20151127119,'Oversized Piston','2015-10-09',NULL,NULL,NULL,150.00,300.00,150.00,0,'Pending','Park, Rhona','4D55','981918','Tiong, Benedict','Tiong, Brenwin','EngRecon',300),(20151127120,'Oversized Piston','2015-10-09',NULL,NULL,NULL,1500.00,3100.00,1600.00,0,'Pending','Russel, Isadora','4HE1','68181','Tiong, Brenwin','Tiong, Brenwin','EngRecon',61),(20151127121,'Oversized Piston','2015-10-09',NULL,NULL,NULL,2000.00,4500.00,2500.00,0,'Pending','House, Leslie','4D32','819887','Tiong, Benedict','Tiong, Benedict','EngRecon',75),(20151127122,'Oversized Piston','2015-10-09',NULL,NULL,NULL,200.00,680.00,480.00,0,'Pending','Russel, Isadora','4D55','981981','Tiong, Brenwin','Tiong, Benedict','EngRecon',61);
/*!40000 ALTER TABLE `joborders` ENABLE KEYS */;
UNLOCK TABLES;

--
-- Table structure for table `joemployees`
--

DROP TABLE IF EXISTS `joemployees`;
/*!40101 SET @saved_cs_client     = @@character_set_client */;
/*!40101 SET character_set_client = utf8 */;
CREATE TABLE `joemployees` (
  `joborderid` decimal(38,0) NOT NULL,
  `employeeid` int(15) NOT NULL,
  PRIMARY KEY (`joborderid`,`employeeid`),
  KEY `fk_joemployees_employeeid_idx` (`employeeid`),
  CONSTRAINT `fk_joemployees_employeeid` FOREIGN KEY (`employeeid`) REFERENCES `employees` (`employeeid`) ON DELETE NO ACTION ON UPDATE NO ACTION
) ENGINE=InnoDB DEFAULT CHARSET=latin1;
/*!40101 SET character_set_client = @saved_cs_client */;

--
-- Dumping data for table `joemployees`
--

LOCK TABLES `joemployees` WRITE;
/*!40000 ALTER TABLE `joemployees` DISABLE KEYS */;
INSERT INTO `joemployees` VALUES (201511275,11),(201511274,13),(2015112732,13),(2015112734,13),(2015112752,13),(2015112759,13),(2015112766,13),(2015112781,13),(2015112783,13),(2015112787,13),(2015112789,13),(2015112721,15),(2015112746,15),(2015112749,15),(2015112793,15),(20151127106,15),(2015112754,16),(2015112756,16),(2015112760,16),(2015112776,16),(2015112799,16),(20151127104,16),(2015112757,17),(2015112765,17),(2015112772,17),(2015112778,17),(2015112784,17),(2015112785,17),(2015112792,17),(2015112724,18),(2015112742,18),(2015112795,18),(2015112797,18),(201511271,19),(201511273,19),(201511276,19),(2015112711,19),(2015112712,19),(2015112714,19),(2015112716,19),(2015112717,19),(2015112748,19),(2015112798,19),(201511272,20),(2015112719,20),(2015112722,20),(2015112741,20),(2015112749,20),(2015112751,20),(20151127107,20),(20151127112,20),(20151127116,20),(201511279,22),(2015112710,22),(2015112713,22),(2015112715,22),(2015112718,22),(2015112725,22),(2015112726,22),(2015112727,22),(2015112728,22),(2015112735,22),(2015112738,22),(2015112750,22),(20151127109,22),(20151127110,22),(201511278,23),(2015112723,23),(2015112730,23),(2015112731,23),(2015112733,23),(2015112736,23),(2015112745,23),(2015112749,23),(2015112753,23),(2015112771,23),(2015112775,23),(2015112796,23),(20151127101,23),(201511277,24),(2015112720,24),(2015112737,24),(2015112740,24),(2015112744,24),(2015112747,24),(2015112749,24),(20151127102,24),(20151127105,24),(20151127111,24),(2015112739,25),(2015112743,25),(20151127117,25),(20151127119,25),(20151127122,25),(2015112729,26),(20151127100,26),(20151127103,26),(20151127113,26),(20151127114,26),(20151127118,26),(20151127121,26),(2015112755,28),(20151127108,28),(20151127115,28),(20151127120,28),(2015112773,29),(2015112767,33),(2015112790,33),(2015112758,34),(2015112763,34),(2015112764,34),(2015112761,36),(2015112774,36),(2015112777,36),(2015112779,36),(2015112780,36),(2015112788,36),(2015112794,36),(2015112762,37),(2015112768,37),(2015112770,37),(2015112782,37),(2015112786,37),(2015112791,37),(2015112769,40);
/*!40000 ALTER TABLE `joemployees` ENABLE KEYS */;
UNLOCK TABLES;

--
-- Table structure for table `models`
--

DROP TABLE IF EXISTS `models`;
/*!40101 SET @saved_cs_client     = @@character_set_client */;
/*!40101 SET character_set_client = utf8 */;
CREATE TABLE `models` (
  `modelid` int(15) NOT NULL AUTO_INCREMENT,
  `modelno` varchar(50) DEFAULT NULL,
  PRIMARY KEY (`modelid`)
) ENGINE=InnoDB AUTO_INCREMENT=1542 DEFAULT CHARSET=latin1;
/*!40101 SET character_set_client = @saved_cs_client */;

--
-- Dumping data for table `models`
--

LOCK TABLES `models` WRITE;
/*!40000 ALTER TABLE `models` DISABLE KEYS */;
INSERT INTO `models` VALUES (1,'4BA1'),(2,'4BB'),(3,'3L/2L'),(4,'2C'),(5,'MAZDA S2'),(6,'MAZDA R2'),(7,'4DR5'),(8,'4M40'),(9,'4D56'),(10,'4D30'),(11,'4HF1'),(12,'10PD'),(13,'6D14'),(14,'6BD6'),(15,'6BG1'),(16,'4D55'),(17,'4D32'),(18,'4HE1'),(19,'4D35'),(20,'4HG6'),(21,'4HJ6'),(22,'PREGIO 3.5'),(23,'7K'),(24,'4K/5K'),(25,'5L'),(26,'2E'),(27,'4G32'),(28,'4G33'),(29,'6BD1'),(30,'4HG1'),(31,'4HJ1'),(32,'PREGIO 3.0'),(33,'08-R2 AXLE LOCK FBJ'),(34,'129'),(35,'336 DG154614  (15ID * 46OD *14T'),(36,'339'),(37,'346 2RS'),(38,'382'),(39,'394'),(40,'408'),(41,'453'),(42,'455'),(43,'635'),(44,'639'),(45,'686ZZ'),(46,'1201'),(47,'1202'),(48,'1205 KOYO'),(49,'1207'),(50,'1208'),(51,'12648/10 timken'),(52,'2201'),(53,'2309 SLEEVE'),(54,'2585'),(55,'2872'),(56,'30311 KOYO'),(57,'30311 D KOYO'),(58,'3720'),(59,'3775'),(60,'3782/20'),(61,'3877 TIMKEN'),(62,'50441'),(63,'5107'),(64,'5206 (OR3206) IJK-JAP'),(65,'5210'),(66,'30211'),(67,'5305'),(68,'5309'),(69,'6314 2RS KOYO'),(70,'6314 ZNR KOYO'),(71,'6316'),(72,'6316 SKF'),(73,'6386'),(74,'6403'),(75,'6800'),(76,'6810'),(77,'6901 LL NTN'),(78,'6901 2RS KSM'),(79,'6902'),(80,'6915'),(81,'6924'),(82,'7002'),(83,'7018'),(84,'7205'),(85,'7207'),(86,'7407'),(87,'11162'),(88,'11300'),(89,'14276'),(90,'14585'),(91,'15117'),(92,'15245'),(93,'15520'),(94,'15578'),(95,'15590 TIMKEN'),(96,'16001'),(97,'16002'),(98,'16150'),(99,'16284'),(100,'18620'),(101,'18685'),(102,'22210'),(103,'22215RHRW33C3M KOYO'),(104,'22303'),(105,'22310'),(106,'22313'),(107,'22324'),(108,'22523'),(109,'25523'),(110,'26882/20'),(111,'26883'),(112,'28622'),(113,'29521'),(114,'30202'),(115,'30204'),(116,'30205'),(117,'30205  SKF'),(118,'30206'),(119,'30207'),(120,'30208'),(121,'30210'),(122,'30212'),(123,'30214'),(124,'30216'),(125,'30217'),(126,'30304'),(127,'30306'),(128,'30310 KOYO'),(129,'30313'),(130,'30317'),(131,'30318'),(132,'32006'),(133,'32008 NSK'),(134,'32009XJA'),(135,'32010 KOYO'),(136,'32010'),(137,'32011'),(138,'32012'),(139,'32013 NTN'),(140,'32019'),(141,'32032'),(142,'32205'),(143,'32207 SKF'),(144,'32209'),(145,'32210JR'),(146,'32210'),(147,'32307 NSK'),(148,'32307'),(149,'32308'),(150,'32922 NSK'),(151,'33462'),(152,'37425'),(153,'37625'),(154,'41126'),(155,'45220'),(156,'51107'),(157,'51109'),(158,'51207'),(159,'51211'),(160,'51306'),(161,'53178'),(162,'53211'),(163,'53307'),(164,'55187/55442 NTN'),(165,'57407'),(166,'61907'),(167,'63305'),(168,'64450'),(169,'81209'),(170,'455004'),(171,'455134'),(172,'471652'),(173,'49UZS86'),(174,'506348'),(175,'102949/10 KOYO'),(176,'#038KC68'),(177,'#392 CONE'),(178,'0118-27-350 MAZDA'),(179,'02474/20 KOYO'),(180,'02872/20 KOYO'),(181,'0603-27-210'),(182,'06NUP0820'),(183,'07100/07210X'),(184,'09067/195'),(185,'17VBSW02'),(186,'11162/300 KOYO'),(187,'11590/20'),(188,'1203 URB'),(189,'12580/20'),(190,'12649/10 NSK'),(191,'12749/10'),(192,'1280/20'),(193,'12BC04S3 PILOT'),(194,'1329 TIMKEN'),(195,'13621 BCA'),(196,'14116/276'),(197,'14125A TIMKEN'),(198,'14131/14276 KOYO'),(199,'15121-T/15245'),(200,'15123/245 KOYO'),(201,'15243 TIMKEN'),(202,'15250X'),(203,'15BC04'),(204,'15SF24 TORR (SBB-24)'),(205,'16003 KOYO'),(206,'16004 KOYO'),(207,'16005 UBC'),(208,'16008 NSK'),(209,'16040 M NSK'),(210,'17887/31 KO'),(211,'18590/20'),(212,'18BSC01'),(213,'2012HK'),(214,'2016HK'),(215,'2020HK'),(216,'20BSW01'),(217,'21075/212'),(218,'21075/212 KOYO'),(219,'21313'),(220,'21318EAE4C3'),(221,'2200'),(222,'2200M'),(223,'2201 IKC'),(224,'2201 KOYO'),(225,'2202 NSK'),(226,'2205 NTN'),(227,'2209 NSK'),(228,'2213BB'),(229,'22208'),(230,'22213 KOYO'),(231,'22213 SKF'),(232,'22217C3'),(233,'22220ESK'),(234,'22222 NSK'),(235,'22228 NSK'),(236,'22309 NSK'),(237,'22312 NSK'),(238,'22312E SKF'),(239,'22316CDE4C3'),(240,'22320CAME4C3'),(241,'2305 KOYO'),(242,'23038 CK/W33'),(243,'23100/23256 KOYO'),(244,'23256/23092'),(245,'24780/21 KOYO'),(246,'24780/21 NTN'),(247,'25520 TIMKEN'),(248,'25584/20'),(249,'25590/20'),(250,'25820 TIMKEN'),(251,'25878/21'),(252,'25v14625'),(253,'25VI4625'),(254,'26823 TIMKEN'),(255,'26830/26886 TIMKEN'),(256,'26878/22'),(257,'26884/20'),(258,'27687/20'),(259,'27690/20 timken'),(260,'2788/20 KOYO'),(261,'28580/21'),(262,'28584/21 KOYO'),(263,'28680/22'),(264,'28985/20 KOYO'),(265,'28985/21 KOYO'),(266,'28989/20'),(267,'28TAG12 MRK'),(268,'29586/20 NSK'),(269,'29586/22'),(270,'29620 TIMKEN'),(271,'29675/20'),(272,'29685 TIMKEN'),(273,'29749/10 KOYO'),(274,'30 BCDS2'),(275,'30203 KOYO'),(276,'30205 NSK'),(277,'30206 NACHI'),(278,'30209 TAPERED'),(279,'30218'),(280,'30302 NSK'),(281,'30303 KOYO'),(282,'30303 TAPERRED NSK'),(283,'30303D TAPERRED KOYO'),(284,'30303D TRO305D'),(285,'30305 KOYO'),(286,'30306 NTN'),(287,'30306 TAPERED'),(288,'30307 DJR NSK'),(289,'30307 TIMKEN'),(290,'30308 JR KOYO'),(291,'30308 TAPERED'),(292,'30309 KOYO'),(293,'30309 D'),(294,'30310 J PHILEX'),(295,'30310D'),(296,'30310J NACHI PHILEX 12\"'),(297,'30311 NTN'),(298,'30315 KOYO'),(299,'308NR NSK'),(300,'309NR W/LOCK NSK'),(301,'30BCDS2 NACHI'),(302,'30BD219812DD AIRCON'),(303,'30BD40T12W TABORA'),(304,'30BD5222'),(305,'30BGS10G2DST'),(306,'30GS-2RS'),(307,'31310 KOYO'),(308,'31593/20'),(309,'31594/20'),(310,'320/28'),(311,'32005 KOYO'),(312,'32005JS/26'),(313,'32007 KOYO'),(314,'32014 NTN'),(315,'32015 NTN'),(316,'32016 HQ NTN'),(317,'32016 X/Q SKF'),(318,'32018 X/Q SKF'),(319,'32022 NSK'),(320,'32024 NTN'),(321,'32022X TK'),(322,'32026x TM'),(323,'3208 (5208) SKF'),(324,'3209 ROLLWAY'),(325,'3210 SKF'),(326,'3212 NSK'),(327,'32204 TAPERED'),(328,'32206 KOYO'),(329,'32207 TAPERED'),(330,'32208 JR KOYO PHILEX 10\"'),(331,'32208 KOYO'),(332,'32208 TAPERED'),(333,'32209 KOYO'),(334,'32210-JR'),(335,'32211  SKF'),(336,'32211 KOYO'),(337,'32212 KOYO'),(338,'32213 KOYO'),(339,'32215 KOYO'),(340,'32215 SKF'),(341,'32216 NSK'),(342,'32219 NSK'),(343,'32220 KOYO'),(344,'32222  TAPERED NTN'),(345,'32224  TIMKEN'),(346,'32224 NSK'),(347,'32226 KO'),(348,'32230 SKF'),(349,'32304  INNER WHEEL KB NACHI'),(350,'32305 KO'),(351,'32306 KO'),(352,'32307JR'),(353,'32308 KO'),(354,'32309 NSK'),(355,'32310/55'),(356,'32312 TAPERED'),(357,'323934 TLA IKO'),(358,'32BCV07S5  NACHI'),(359,'32BD45'),(360,'32TM03NX NSK'),(361,'32TNG12'),(362,'33012'),(363,'33020/Q'),(364,'3306 NSK'),(365,'3307 SKF'),(366,'3308 ZZ SKF'),(367,'33110JR'),(368,'33205'),(369,'337/333'),(370,'3382 CONE'),(371,'3382/3320'),(372,'3384/20 KOYO'),(373,'34300 TK'),(374,'34301/34478'),(375,'3490/20'),(376,'3578/25'),(377,'35BC0S2'),(378,'35BCD07'),(379,'35BCDS2 NACHI'),(380,'35BD219T12W'),(381,'35BD4820T1XDDU NSK (AIRCON)'),(382,'35BD5020T (AIRCON)'),(383,'368A/362A KOYO'),(384,'370119A NATIONAL'),(385,'37431A/37625'),(386,'3780/20 NTN'),(387,'382A/385X'),(388,'38BWD12 NSK'),(389,'38KLL FAFNIR'),(390,'390 TIMKEN'),(391,'3920 CUP'),(392,'394 A TIMKEN'),(393,'39581/20'),(394,'3975/25'),(395,'3984/20 KOYO'),(396,'3TM03NXC3'),(397,'40B349'),(398,'40BCDIR'),(399,'40BCV09S'),(400,'40BGS39G-2DL'),(401,'40BW04C4'),(402,'40KW01'),(403,'40TRK30 RCT40'),(404,'4202'),(405,'4203 BTNG'),(406,'4205'),(407,'4399/60L'),(408,'44643/10'),(409,'45284/20'),(410,'45284/45220 PHILEX 12\"'),(411,'45BGO7S5A1G-2DL AIRCON'),(412,'45TNK804  CT-45 IS'),(413,'47681/20'),(414,'48393/20'),(415,'48548/10 NSK'),(416,'48TKA3201 4G32'),(417,'48TKA3214 4JA1 RELEASE'),(418,'4HF1 PILOT'),(419,'501349/10 KOYO'),(420,'50SCRN31P-4'),(421,'50SCRN37P.12'),(422,'50SCRN40P'),(423,'50TKB3504BR RCT3563A9 REL. BRG FX'),(424,'50TKB-3504R RELEASE FX'),(425,'51100 NSK'),(426,'51101 NSK'),(427,'51102 NSK'),(428,'51103 KOYO'),(429,'51104 KOYO (THRUST)'),(430,'51105 KOYO'),(431,'51106 KOYO'),(432,'51107 KOYO'),(433,'51108 KOYO'),(434,'51108 SKF'),(435,'51111 SKF'),(436,'51130 NSK'),(437,'51200 NSK'),(438,'51201 NSK'),(439,'51202 NSK'),(440,'51203 NSK'),(441,'51204 NTN'),(442,'51205 NSK'),(443,'51206 NSK'),(444,'51208 KOYO'),(445,'51210 KOYO'),(446,'5200 ksm'),(447,'5201 2RS'),(448,'5202 2RS'),(449,'5202 KOYO'),(450,'5203 2RS KSM'),(451,'5203 ZZ MRC'),(452,'5204 NACHI'),(453,'52052RS NTN'),(454,'5207 2RS'),(455,'5209 KOYO'),(456,'5211 2RS KOYO'),(457,'5211 KSM'),(458,'5212 ZNL'),(459,'5213 UBC'),(460,'5225491/10'),(461,'527361 FKC AXLE CORTINA'),(462,'529/522 KOYO'),(463,'5302 2RS KSM'),(464,'5304 2RS'),(465,'5306 KOYO'),(466,'5306 NSK'),(467,'5306 NTN'),(468,'5308 KOYO'),(469,'5308 ZNR NEW DISCOVERY'),(470,'5310 SAME AS 3310 2RS'),(471,'53177/53375'),(472,'545495 FAG'),(473,'54TKA3501 NSK'),(474,'54TKA3801 4BC2 REL.'),(475,'55176-C'),(476,'55187-C'),(477,'55187c/443'),(478,'55443/55187'),(479,'56418 TIMKEN TAPERED'),(480,'5666683/93 MBS'),(481,'57207 (c/c)'),(482,'57285/2735'),(483,'57307 KOYO'),(484,'580 TIMKEN'),(485,'58TKA3703B RELEASE 4D30/4D32'),(486,'594/592A'),(487,'60/28 RS 1NR'),(488,'6000 2RS KOYO'),(489,'6000 ZZ'),(490,'6001 2RS KOYO'),(491,'6001 DD NSK'),(492,'6002 2RS'),(493,'6002 LL'),(494,'6002 ZZ KOYO'),(495,'6003 2RS KOYO'),(496,'6003 ZZ KOYO'),(497,'6003 LL'),(498,'6004 2RS'),(499,'6004 DD NSK'),(500,'6004 LL KOYO'),(501,'6004 ZZ KOYO'),(502,'6005 2RS'),(503,'6005 DD'),(504,'6005 ZZ KOYO'),(505,'6006 2RS KOYO'),(506,'6006 ZZ KOYO'),(507,'6006 SKF'),(508,'6006 ZNR'),(509,'6007 2NSE'),(510,'6007 2RS'),(511,'6007 SKF'),(512,'6007 ZZ'),(513,'6007 ZNR'),(514,'6007 ZZ NSK'),(515,'6008-2RS KOYO'),(516,'6008ZZ KOYO'),(517,'6009 ZZ NSK'),(518,'60092RS KOYO'),(519,'6009ZNR KOYO'),(520,'6010 2RS FAG'),(521,'6010 2rs'),(522,'6010ZZ NSK'),(523,'6011 NTN'),(524,'6012 FAG'),(525,'6012 ZZ'),(526,'6013 NTN'),(527,'6014 2RS'),(528,'6016 FRONT INNER WHEEL 55KW02'),(529,'6017ZNR'),(530,'6017ZZ'),(531,'6018 NSK'),(532,'6022 NACHI'),(533,'6028 NSK'),(534,'603049/11'),(535,'6030DD'),(536,'604ZZ IJK'),(537,'605 NACHI'),(538,'606 2RS'),(539,'6062RS NTN'),(540,'607 2RS'),(541,'607 DD'),(542,'607 ZZ KOYO'),(543,'608 2RS KOYO'),(544,'608 DD NSK'),(545,'608 ZZ KOYO'),(546,'608 CHINA'),(547,'609 2RS'),(548,'609 ZZ KOYO'),(549,'60TB041B12'),(550,'60TB0648'),(551,'60TMK20'),(552,'612949/612910'),(553,'61904 SKF'),(554,'62/28 2RS'),(555,'6200ZZ'),(556,'6200 2RS'),(557,'6201 2RS KOYO'),(558,'6201 ZZ NSK'),(559,'6201-08'),(560,'6201 LL KOYO'),(561,'6201 ZZ 1/2'),(562,'6202 DD NSK'),(563,'6202 2RS NSK'),(564,'6202 ZZ KOYO'),(565,'6202-2RS KOYO'),(566,'6202-LL NSK'),(567,'6203 (5/8) 2RS'),(568,'6203 2RS KOYO'),(569,'6203 2RS SKF'),(570,'6203 LL KSM 1/2'),(571,'6203 LL NTN'),(572,'6203 ZZ KOYO'),(573,'6204-2RSCM'),(574,'6204 ZZ KOYO'),(575,'6204-2RS KOYO'),(576,'6204 ZNR'),(577,'6205 2RS koyo'),(578,'6205 SKF'),(579,'6205 LL'),(580,'6205 ZNR KOYO'),(581,'6205 ZZ KOYO'),(582,'6206 2RS KOYO'),(583,'6206 ZZ KOYO'),(584,'6206 UB NTN'),(585,'62062RS KOYO'),(586,'62062RS SKF'),(587,'6207 2RS KOYO'),(588,'6207 2RSCM KOYO'),(589,'6207 ZZ KOYO'),(590,'6207 ZNR'),(591,'6208 DD'),(592,'6208 LL'),(593,'6208 ZZ KOYO'),(594,'6208 2RS KOYO'),(595,'6208ZNR KOYO'),(596,'6209 2RS KOYO'),(597,'6209 LLKOYO'),(598,'6209 SKF'),(599,'6210 2NSE'),(600,'6210 2RS SKF'),(601,'6210 2RS KOYO'),(602,'6210 zz KOYO'),(603,'6210 SKF'),(604,'6211 2RS KOYO'),(605,'6211 DD NSK'),(606,'6212 2RS NACHI'),(607,'6212 ZZ NACHI'),(608,'6212 ZNR'),(609,'6213 ZZ'),(610,'6213 2RS NSK'),(611,'6214 2RS KOYO'),(612,'6214-C3'),(613,'6215-2RSC3'),(614,'6216 2RS KOYO'),(615,'6217 dd'),(616,'6218ZZ'),(617,'62204 2RS'),(618,'6222 NTN'),(619,'62303 KSM'),(620,'62304 2rs'),(621,'625 2RS NSK'),(622,'625 ZZ NACHI'),(623,'BNF-10'),(624,'BWF35-3B'),(625,'C-014 AXLE LOCK'),(626,'C014 KOYO'),(627,'C06 KOYO'),(628,'CBU 442822'),(629,'CBU 543625'),(630,'CS203LL NTN'),(631,'CS203 2RS'),(632,'CT45-IS'),(633,'CT55-BL'),(634,'DAC286142AW WHEEL BRG. COROLLA 16V  KOYO'),(635,'DAC3564A-1CS31'),(636,'DAC4074CWCS73 AXLE'),(637,'DACF1050B HUB'),(638,'DF0555nc3'),(639,'DF08A/8LLCS'),(640,'DG154614 (336)'),(641,'DG15522RDD'),(642,'DG2568'),(643,'DG3062DW2RS  KOYO'),(644,'DG306725W2RS'),(645,'DG357222DW AXLE'),(646,'DG357226 FX KOYO'),(647,'DG3572DW2RK AXLE SAMURAI'),(648,'DG358021W KOYO'),(649,'DG358026WRK'),(650,'DG358028W2RS KOYO  REVO AXLE'),(651,'DG408027 2RS'),(652,'DG409026W 2RS'),(653,'E12'),(654,'EB1'),(655,'EE2 ZZ'),(656,'EE3 ZZ'),(657,'EE4 2RS'),(658,'EE5-2RS'),(659,'EE8'),(660,'EE9 ZZ'),(661,'EN 206-20'),(662,'EN206 NSK'),(663,'EN206-20 DR NSK'),(664,'FCR48-23 NTN'),(665,'FCR55-17-11 RELEASE BEARING L-300'),(666,'FCR62-26 NTN'),(667,'FRT WHEEL BEARING ESPERO-DAEWOO'),(668,'FS7109 FEDERAL'),(669,'GE12E'),(670,'GE20ES IKO'),(671,'GE25E'),(672,'GE30ES 2RS IKO'),(673,'GE30FO 2RS'),(674,'GE30GS 2RS'),(675,'GE35ES'),(676,'GE40ES IKO'),(677,'GE40XS/K'),(678,'GE50ES CHINA'),(679,'GE50GS JBS'),(680,'GE-60 2rs SKF'),(681,'GE-60ES IKO'),(682,'GE-60ES SKF'),(683,'GE70ES'),(684,'GE70ES SPHERICAL PLAIN IKO'),(685,'GE80ES 2RS SKF'),(686,'GE80ES 2RS1 IKO'),(687,'GEH-10C'),(688,'GEH-60ES'),(689,'GEZ-108ES 1-1/2'),(690,'GEZ-300ES SKF'),(691,'GEZ-312ES'),(692,'GEZ-63ES'),(693,'GS30487'),(694,'HCTRA0607 = ST3072'),(695,'HK1816'),(696,'HK 20/12 NTN'),(697,'HK2216 SKF'),(698,'HK 3026 IKO'),(699,'HK 3038'),(700,'HK1210'),(701,'HK1312'),(702,'HK1612'),(703,'HK16/22'),(704,'HK2010'),(705,'HK2020 TORRINGTON'),(706,'HK2212'),(707,'HK2220 SKF'),(708,'HK2816'),(709,'HM212010 TIMKEN'),(710,'HM212049/11 KOYO'),(711,'HM - 88010'),(712,'HM - 88043/10'),(713,'HM-89446/10'),(714,'HM - 89449/10 NSK'),(715,'HM 88649/10'),(716,'HM801346/10'),(717,'HM-803146'),(718,'HM803149/12'),(719,'HM88542/10'),(720,'HM-88610 TIMKEN'),(721,'HMK3530'),(722,'HR302/28'),(723,'HR322/22C'),(724,'H913849/10'),(725,'IR 30*35*29*9'),(726,'IS-9670'),(727,'J30-1'),(728,'JCB8012'),(729,'JH16283'),(730,'JL69349/10'),(731,'JLM506849/10'),(732,'JLM710949  KOYO'),(733,'JLM710910  TIMKIN CUP'),(734,'KT162212 NEEDLE'),(735,'KT253526'),(736,'K314NR'),(737,'L-20 20MM ID'),(738,'L-300 AXLE BEARING 57207'),(739,'L44649/10'),(740,'L44649/10 KO'),(741,'L44649/10 SKF'),(742,'L45449/10'),(743,'L68149/11 NTN'),(744,'LJ2'),(745,'LM102949/10 KOYO'),(746,'LM104948/10 KOYO TLC'),(747,'LM104949/11'),(748,'LM11749/10 KOYO'),(749,'LM11749/10 NTN'),(750,'LM11949/10 KOYO'),(751,'LM11949/10 NSK'),(752,'LM29710'),(753,'LM300849/11'),(754,'LM48548/10'),(755,'LM603049/11'),(756,'LM613449/10'),(757,'LM67048/10 KOYO'),(758,'LM814849/10'),(759,'LRT172020 IKO INNER'),(760,'LRT172223 IKO INNER SLEEVE'),(761,'LRT202525 IKO'),(762,'LRT202530 IKO INNER SLEEVE'),(763,'LRT202532 IKO INNER SLEEVE'),(764,'M12649/10'),(765,'M35-2 KOYO/  NSK SC070902J'),(766,'M-802011'),(767,'M-802048/11 KOYO'),(768,'M-84510/48 TIMKEN'),(769,'M-86647'),(770,'M-86649'),(771,'MAZDA 5083-33.07'),(772,'MAZDA 5083-33047'),(773,'MBS 5666683/93'),(774,'MBS R-1559'),(775,'MI-20'),(776,'MR16N'),(777,'MR24 NEEDLE'),(778,'MR385717'),(779,'MR406119 KOYO'),(780,'MRJ2J=CRM16'),(781,'MU1307TM'),(782,'N215'),(783,'N209'),(784,'N306'),(785,'N307- FEDERAL'),(786,'N309'),(787,'N310'),(788,'NA 26/16 IKO'),(789,'NA 49/28 IKO'),(790,'NA 49/32 IKO'),(791,'NA 4903'),(792,'NA 4912 FAG'),(793,'NA 4914 IKO'),(794,'NA 62/22'),(795,'NA 6904 INNER RACE'),(796,'na49/32'),(797,'NAFW20*35*26'),(798,'NART 17 UUR'),(799,'NAS5010'),(800,'NF 205'),(801,'NF 209WC3'),(802,'NF 307W NSK'),(803,'NF 309 NSK'),(804,'NJ 205   SKF'),(805,'NJ 205 KOYO'),(806,'NJ 205 UBC'),(807,'NUP 205 SKF'),(808,'NJ 206 FIXED TYPE'),(809,'NJ 208   SKF'),(810,'NJ 208  NSK'),(811,'NJ 2207 STEEL'),(812,'NJ 2207 TANSO'),(813,'NJ 2212 NSK'),(814,'NJ 2213 NTN'),(815,'NJ 2307 (BRONZE)'),(816,'NJ 2311 KOYO'),(817,'NJ 2311 NTN'),(818,'NJ 2312 NSK'),(819,'NJ2315 KOYO'),(820,'NJ 307'),(821,'NJ 308'),(822,'NJ 311'),(823,'NJ 312'),(824,'NK 12/12'),(825,'NK 16/16 TORRINGTON'),(826,'NK 17/20'),(827,'NK 19/16'),(828,'NK 21/20'),(829,'NK 22/20'),(830,'NK 24/20'),(831,'NK 25 * 45 * 17.5 NTN'),(832,'NK 25/16'),(833,'NK 25/20'),(834,'NK29/20 IKO'),(835,'NK 30/30 TORRINGTON'),(836,'NK 32/30 W/O INNER RACE'),(837,'NK 35/20'),(838,'NK 5 * 10 * 10'),(839,'NK 90/25 TORRINGTON'),(840,'NK30/20 (TAF304020) W/INNER RACE (LRT 263020)'),(841,'NK32/20 W/O INNER RACE'),(842,'NKIS-30'),(843,'NSK 620322'),(844,'NSK 6308-2RS'),(845,'NTA3648'),(846,'NTA4052'),(847,'NTA411'),(848,'NTB110145'),(849,'NTB3552'),(850,'NU 1015 75MM ID * 115MM OD * 20T'),(851,'NU 307KOYO'),(852,'NU 308 NTN'),(853,'NU 310 SKF'),(854,'NU 311W'),(855,'NU203'),(856,'NU204'),(857,'NU-206 KOYO'),(858,'NU-207 KOYO'),(859,'NU-217 NTN'),(860,'NU2209'),(861,'NU-306 KOYO'),(862,'NU-307 KOYO'),(863,'NU-308 KOYO'),(864,'NUP308NR'),(865,'NUP310'),(866,'ORIG 195689'),(867,'phsb8 IKO'),(868,'PILOT BEARING 4D56'),(869,'PL25-7'),(870,'PU245339'),(871,'PU246234  2C TENSIONER'),(872,'QJ311MB RHP'),(873,'R0608PXI'),(874,'R10ZZ EZO'),(875,'R12 2RS'),(876,'R139A'),(877,'R139B'),(878,'R2 PILOT'),(879,'R201*12*700'),(880,'R20-10ANSA'),(881,'R29Z-4A'),(882,'R40-17 NSK'),(883,'R4AZ'),(884,'R4ZZ'),(885,'R55-5'),(886,'R6 2RS JBS'),(887,'R6FF KSK'),(888,'R8ZZ'),(889,'RCT322SA'),(890,'RCT325SA'),(891,'RCT331'),(892,'RCT3360L1'),(893,'RCT337SA3-1'),(894,'RCT356SA TAM. FX'),(895,'RCT356SA9 HI-ACE 96\' DIESEL'),(896,'RCT363SA'),(897,'RCT38SL'),(898,'RCT401SA'),(899,'RCT4064S RELEASE BEARING'),(900,'RCT4067'),(901,'RCT4068A 2RS'),(902,'RCT4075-IS/TK40 2C'),(903,'RCT432SA1 4BC2'),(904,'RCT432SAT-1'),(905,'RCT4500'),(906,'RCT4700'),(907,'RCT473SA 4BA1 NEW'),(908,'RCT52S'),(909,'RCTS31SA'),(910,'RCTS324SA'),(911,'RCTS325SA'),(912,'RCTS3360A2RR 3K'),(913,'RCTS338SA1'),(914,'RCTS371SA2'),(915,'RELEASE BEARING -VITARA'),(916,'RLM 2820'),(917,'RLS-15 (LRJ-2)'),(918,'RLS-20(LS-17)'),(919,'RLS4 JAF'),(920,'RLS5'),(921,'RLS6 - 2RS JAF'),(922,'RLS7'),(923,'RLS8 ZZ'),(924,'RMS14'),(925,'RMS7'),(926,'RNA 4900'),(927,'RNA 5902'),(928,'RNA 69/22'),(929,'RNA4905'),(930,'RNA6905'),(931,'RNU0727'),(932,'RO686'),(933,'RU-1570 TM'),(934,'SAMURAI'),(935,'SBB 40 GEZ-208ES'),(936,'SBB-24-2RS IKO'),(937,'SBPFL203'),(938,'SBPFL204-12 FYH'),(939,'SB60A'),(940,'SB75 IKO'),(941,'SF4007VPX1'),(942,'ST3072'),(943,'ST4090'),(944,'ST4580'),(945,'SX07B65LL NTN'),(946,'SX0933LL'),(947,'T144'),(948,'T149'),(949,'T45E KOYO'),(950,'T45R KOYO'),(951,'T50RC MRK'),(952,'TA2420'),(953,'TA 2525'),(954,'TA3013 IKO'),(955,'ta 5540'),(956,'TA 6025 IKO'),(957,'TA3020 IKO'),(958,'TA3025 NTN'),(959,'TA3230 IKO'),(960,'TA5030'),(961,'TAF 202820 IKO'),(962,'TAF 212916 IKO'),(963,'TAF 304020 IKO'),(964,'TE58-40-28'),(965,'TF28KW04'),(966,'TK40-14 NSK'),(967,'TK40-16'),(968,'TK67388'),(969,'TLA 1612 IKO'),(970,'TLA 2016'),(971,'TLA 2220UU IKO'),(972,'TLA 2520 IKO'),(973,'TLA 2820'),(974,'TLA 3020'),(975,'TLA 30262'),(976,'TLA 323934'),(977,'TLA1312'),(978,'TLA1512'),(979,'TLA5025'),(980,'TMB307X50'),(981,'TO418PTXI'),(982,'TPU006'),(983,'TR070904'),(984,'TR080803R'),(985,'TR081105AR'),(986,'TR100802-1-N KOYO'),(987,'TR191504'),(988,'TRA0607 FX'),(989,'TRB3648'),(990,'TRO305A KOYO'),(991,'TRO608 KOYO'),(992,'TRO708 KOYO (35KC802)'),(993,'TRO708-1 4T-32307C KOYO'),(994,'U199/U160L'),(995,'u35-6A'),(996,'U35-8B PILOT BEARING V-10 SC070821AV'),(997,'U399 W/COLLAR'),(998,'U399/60L'),(999,'UC205-16'),(1000,'UCP -201-08 (1/2)'),(1001,'UCP-201 CHINA'),(1002,'UCP-203'),(1003,'UCP-204-12 FYH (3/4)'),(1004,'UCP-204-12 KYH'),(1005,'UCP-205 (25MM)'),(1006,'UCP-205-16 (1\") CHINA'),(1007,'UCP-205-16 FYH'),(1008,'UCP-206-18 FYH (30MMID)'),(1009,'UCP-206-18 KOYO'),(1010,'UCP-206-30MM  FYH'),(1011,'UCP-207-20 CHINA'),(1012,'UCP-207-20  1-1/4 ASAHI'),(1013,'UCP-207-20  1-1/4 FYH'),(1014,'UCP-208 FYH 1-1/2ID'),(1015,'UCP-208-24 fkd'),(1016,'UCP-208-24J'),(1017,'UCP-208-40'),(1018,'UCP-209'),(1019,'UCP-209-28  1-3/4'),(1020,'UCP-209-45'),(1021,'UCP-210-50MM FYH'),(1022,'UCP-210 2\"'),(1023,'UCP-211'),(1024,'UCP-211-32'),(1025,'UCP-212-36'),(1026,'UCP213-40 (2-1/2\") FYH'),(1027,'UCP216'),(1028,'UCPC-208 ASAHI'),(1029,'UKP209'),(1030,'UKP211 FYH'),(1031,'UV-25-1 NSK'),(1032,'UV-30-1 NSK'),(1033,'UV34Z-1'),(1034,'UV-35-5A'),(1035,'UV-35-8'),(1036,'UY1307TM koyo'),(1037,'VBA21Z-1'),(1038,'VBA21Z-1 NSK'),(1039,'VBT17Z-2'),(1040,'VKBA 3990'),(1041,'VTAA19Z-1 NSK'),(1042,'VTAA19Z-4 NSK'),(1043,'WPB1835119RS KOYO FOR WATER PUMP'),(1044,'WS3047'),(1045,'XLU-1-3/4 \'RHP\''),(1046,'Y30-2D'),(1047,'ZKL-51115'),(1048,'#0-1522 SAKURA'),(1049,'#0259A'),(1050,'7350'),(1051,'51607'),(1052,'941432205'),(1053,'12 R  UNION C120'),(1054,'15400-P011-305'),(1055,'FX - REPLACEMENT'),(1056,'LASER, KIA CERES, HONDA VTEC'),(1057,'2L'),(1058,'26300-43040'),(1059,'4651 FORD'),(1060,'4BC2 PRIMARY C-754'),(1061,'4BC2-SECONDARY 8259-802'),(1062,'4BC2- SECONDARY C-754'),(1063,'4BE1'),(1064,'4D94'),(1065,'4D95-S'),(1066,'4D105'),(1067,'4DR5 D-0306'),(1068,'4HF1 C-711-7 VIC'),(1069,'4HF1 SAKURA'),(1070,'4JG2'),(1071,'4JJ1 97358720 D MAXX'),(1072,'4JJ1 97209306 D MAXX'),(1073,'6BG1 C771A'),(1074,'6BG1 BY PASS 1132401062-U'),(1075,'6BG1 PRIMARY'),(1076,'6BG1 C-509 vic'),(1077,'6D16'),(1078,'6d16 vic'),(1079,'6HE1 KS-217-5'),(1080,'6SD1'),(1081,'603 M-BENZ'),(1082,'8943963751-X'),(1083,'90915-30002-8T 1HDT'),(1084,'90915-TD004'),(1085,'90915-YZZD2  D4D'),(1086,'A-661-180-3209'),(1087,'FX 2C #03003'),(1088,'BENZ 190E 201 BODY'),(1089,'BMW 7 SERIES'),(1090,'BT 216'),(1091,'BT 364'),(1092,'B39 BALDWIN'),(1093,'BT 427 P558616  LF3345'),(1094,'B236'),(1095,'B76'),(1096,'B7144 BALDWIN'),(1097,'B7600'),(1098,'DC-209'),(1099,'DAMTRUCK 1878100790-X'),(1100,'C1513'),(1101,'C1534 8-97148270-2'),(1102,'c1805 sakura'),(1103,'C-409 VIC'),(1104,'EC-2303'),(1105,'HF6005'),(1106,'JC-K07/JC-450'),(1107,'L45723 PUROLATOR hyundai grace'),(1108,'LF-9009'),(1109,'P550008'),(1110,'P550067'),(1111,'P550086'),(1112,'P551014'),(1113,'P555680'),(1114,'PF-51 EQV. 173'),(1115,'ph16'),(1116,'PH25'),(1117,'VESTA 2. JCK05'),(1118,'VESTA 2.2 JCK06'),(1119,'VESTA 2.7 JCK09'),(1120,'PREGIO JCK10'),(1121,'MB -100'),(1122,'8941432050-0'),(1123,'94143205'),(1124,'C1006 SAKURA'),(1125,'C101 SAKURA'),(1126,'C101 VIC 2L/3L'),(1127,'C102 VIC'),(1128,'C103 VIC'),(1129,'C106 VIC'),(1130,'C109 VIC'),(1131,'C110 5R SAKURA'),(1132,'C110 VIC avanza COROLLA ALTIS'),(1133,'C111 VIC'),(1134,'C1045'),(1135,'C1110 SAKURA'),(1136,'C1111 SAKURA'),(1137,'C1111 SAKURA 2C'),(1138,'C1112 SAKURA'),(1139,'C1121 SAKURA'),(1140,'C112 SUPER FILTER  2C'),(1141,'C112 VIC 2C'),(1142,'C112  SAKURA'),(1143,'C115 VIC  HI ACE/ GRANDIA'),(1144,'C120 3K/12R'),(1145,'C1327 SAKURA'),(1146,'C-141 FX'),(1147,'C1502 SAKURA'),(1148,'C1505 SAKURA'),(1149,'C1506 SAKURA'),(1150,'C1512 SAKURA'),(1151,'C1539 SAKURA'),(1152,'C1514 SAKURA'),(1153,'C190 - C-305 UNION'),(1154,'C204'),(1155,'C206 SENTRA, SGL,NLS200'),(1156,'C207 SAKURA'),(1157,'C209 NISSAN PATHFINDER'),(1158,'C212 VIC'),(1159,'C226 NISSAN PATROL'),(1160,'C302'),(1161,'C303 4G32 4G33'),(1162,'C304 LASER,HONDA,KIA PRIDE OEM'),(1163,'L-300 MD-069782'),(1164,'DC305 4D32'),(1165,'C305 FUSO, 4D30, CANTER sakura'),(1166,'C305 VIC'),(1167,'C306 VIC'),(1168,'C306 SAKURA c1045 L300'),(1169,'C307'),(1170,'C313 4m40 PAJERO 4D33/35/36'),(1171,'C360'),(1172,'C-405 VIC'),(1173,'C406'),(1174,'C407/301 LANCER,CIMM.GAL,CELESTE,COLT (VIC)'),(1175,'C408/506'),(1176,'C409'),(1177,'C412'),(1178,'C414 UNION'),(1179,'KIA BESTA 802'),(1180,'4BC2 GM'),(1181,'C415 GAL.LAN,L200,ISU,MAZ, MIT'),(1182,'DC-503 4D32'),(1183,'C502'),(1184,'C503 VIC 4JA1'),(1185,'C504'),(1186,'C505 C223, C240, KC,TROOPER,C190,CANTER'),(1187,'C506'),(1188,'C508'),(1189,'C509'),(1190,'C510 VIC'),(1191,'C512 HI-LANDER'),(1192,'C513 4BC2'),(1193,'C513 VIC'),(1194,'C516/C525'),(1195,'C517 VIC'),(1196,'C524'),(1197,'C518/526 VIC'),(1198,'C519'),(1199,'C526 4HF1'),(1200,'C527 DMAX'),(1201,'C5510 SAKURA'),(1202,'C5604 SAKURA'),(1203,'C5816 SAKURA'),(1204,'C610  6D14'),(1205,'C711 4HF1'),(1206,'C806 HONDA CIVIC, CITY 96-97'),(1207,'C901 CIVIC, LANCER'),(1208,'C932 VIC'),(1209,'CHEVY 4CYL'),(1210,'CUMMINS 15\"H  75/8 OD'),(1211,'DO-1050S'),(1212,'DO-254'),(1213,'DO-256'),(1214,'DO-259'),(1215,'DO-302'),(1216,'DO-308'),(1217,'DO-356'),(1218,'DC-405'),(1219,'DC-7160'),(1220,'DO-502A'),(1221,'DO-503'),(1222,'DO-504'),(1223,'DO-506'),(1224,'DO-553'),(1225,'DO-556'),(1226,'DO-557'),(1227,'DO-561'),(1228,'DO-562'),(1229,'DO-563'),(1230,'DO-568'),(1231,'DO-570'),(1232,'DO-572 6D22'),(1233,'DO-581'),(1234,'DO-605'),(1235,'DO-618'),(1236,'DO-620'),(1237,'DONALDSON P550051'),(1238,'D20'),(1239,'HI-LUX C-110'),(1240,'F308 LANCER'),(1241,'NISSAN  15208-W1111 KOREA'),(1242,'NISSAN 15208-65 FOA XTRAIL'),(1243,'F-193 INNOVA HILUX 2KD'),(1244,'FC301 L-300DIESEL'),(1245,'FC326'),(1246,'FMS-2009'),(1247,'FMS-2063 PRIMARY'),(1248,'FMS-2026 SECONDARY'),(1249,'FORD VAN'),(1250,'FORWARD C-771A'),(1251,'FORWARD C-772A'),(1252,'IR-739 CAT'),(1253,'JH90'),(1254,'KIA OB631-14-302'),(1255,'L 41010'),(1256,'L-300 8943604181'),(1257,'L-300 DIESEL KOREA'),(1258,'LF3384'),(1259,'LF3415 FLEETGARD'),(1260,'LF697'),(1261,'TCM'),(1262,'NC-101'),(1263,'NC-301'),(1264,'NC-306'),(1265,'PATHFINDER FMS-2101'),(1266,'DC 412'),(1267,'D3B LUBERFINER'),(1268,'51791'),(1269,'CAT. 7W-2327'),(1270,'JH65'),(1271,'KS-137N 6D14'),(1272,'O-563 VIC'),(1273,'O-566 VIC'),(1274,'ph-3976'),(1275,'P550335'),(1276,'NISSAN LEC 15208-H8911'),(1277,'NC 510 6D14, 6DS7'),(1278,'15601-33021  4K, TAM.'),(1279,'23303-64010'),(1280,'23303-64010 TAMARAW'),(1281,'GASOLINE FX 90915-30001'),(1282,'TAM FX 90915-03003 2C'),(1283,'HI-LUX 15600-41010'),(1284,'TOYOTA 16-V 90915-03001'),(1285,'23-570 B2200'),(1286,'23300-26060   45 ANGLE'),(1287,'53303-56040  TLC'),(1288,'23303-64010 HI ACE \'94'),(1289,'23303-64010 TAM FX'),(1290,'23390-01041 D4D'),(1291,'0222-13-470'),(1292,'23300-36020'),(1293,'ADVENTURE  MR355746'),(1294,'B-2500 PN17*13*ZA5 A'),(1295,'C-5816'),(1296,'MA-160504 (5/16\")'),(1297,'E508-13-470'),(1298,'B-39 BALDWIN'),(1299,'BF5587'),(1300,'BF586'),(1301,'BF7681'),(1302,'BF788'),(1303,'BF954A'),(1304,'BF957'),(1305,'VOLMAX'),(1306,'bf330'),(1307,'BF970'),(1308,'BF988'),(1309,'BT-260-10'),(1310,'NISSAN KOREA 16405-OIT70'),(1311,'DAIWA DF-505'),(1312,'DAIWA DFC-158  FX DIESEL'),(1313,'DEUTZ 117-4696'),(1314,'DA-320 4DR5'),(1315,'DA-435'),(1316,'DA-508'),(1317,'DF-20'),(1318,'DF-203 C240'),(1319,'DF-308'),(1320,'DF-309'),(1321,'DF-503'),(1322,'DF-504'),(1323,'DF-507'),(1324,'DFC-607'),(1325,'DY-27 ROBIN 243-62101-20'),(1326,'F-1006 SAKURA'),(1327,'F1111 SAKURA'),(1328,'FF-185'),(1329,'GF-61 SASAKI'),(1330,'16400-59400 NISSAN'),(1331,'DONALDSON P550020'),(1332,'DONALDSON P550127'),(1333,'DONALDSON P550134'),(1334,'DONALDSON P550158'),(1335,'DONALDSON P553004'),(1336,'DONALDSON P557440'),(1337,'DOUBLE L 470-0 SASAKI'),(1338,'DOWA NFC-158  FX DIESEL'),(1339,'D4D  23390-0L041'),(1340,'D4D F-1111 SAKURA'),(1341,'FC-1003'),(1342,'FC-1004'),(1343,'FC-1104'),(1344,'FC-1302'),(1345,'FC-1501'),(1346,'FC-158 VIC 2C/2L/3L'),(1347,'FC-193 23390-0L010'),(1348,'FC-208A'),(1349,'FC-208A VIC'),(1350,'FC-226 sakura'),(1351,'FC-234'),(1352,'FC-235'),(1353,'FC-317'),(1354,'FC-319'),(1355,'FC-321 4D56'),(1356,'FC-326'),(1357,'FC-353'),(1358,'FC-510'),(1359,'FC-5704 SAKURA'),(1360,'FC-607'),(1361,'FC-709 4BA1'),(1362,'FD3375 FLEEGARD'),(1363,'DY-27 ROBIN'),(1364,'4D30 FC-317'),(1365,'FC-317 VIC'),(1366,'4JJ1 98149982 DMAXX'),(1367,'4G63'),(1368,'CARNIVAL KKY01-470'),(1369,'EFC-3322'),(1370,'F350'),(1371,'FC214'),(1372,'FF105 BALDWIN'),(1373,'FF1456-23-570'),(1374,'FF-201'),(1375,'FF-214'),(1376,'FF-5058'),(1377,'FF-5304'),(1378,'FL-300 FLEETGUARD'),(1379,'FS1212 DONALDSON'),(1380,'FS1221'),(1381,'FS-1235 FLEETGUARD'),(1382,'FS-1280 (FF5038)'),(1383,'FX'),(1384,'HA7741  A-8548'),(1385,'H-60WK07'),(1386,'H70 WK02 FS1235'),(1387,'JINBEI'),(1388,'L-300 DSL MB552234'),(1389,'L300 GAS'),(1390,'L-300 MB-220900'),(1391,'L-TYPE'),(1392,'L-TYPE SASAKI MB-433774'),(1393,'LFF-50 CAT.'),(1394,'PREGIO JFC-K02'),(1395,'P18119'),(1396,'VAI'),(1397,'P181054 DONALDSON'),(1398,'P502143'),(1399,'P550399'),(1400,'P550401'),(1401,'P550440'),(1402,'P550719'),(1403,'P551315'),(1404,'P551329 DONALDSON'),(1405,'P558030 / bf1212'),(1406,'P559100'),(1407,'PF-906 BALDWIN'),(1408,'DFC-208 4BC2'),(1409,'DFC-321'),(1410,'DFC-326'),(1411,'DFC-510'),(1412,'MB100 BENZ VAN 6610903055'),(1413,'NISSAN TERRANO 16405-02N10'),(1414,'A-8505 US ELEMENT'),(1415,'A1338 SAKURA'),(1416,'A8505 SAKURA'),(1417,'A-8548'),(1418,'a-4928'),(1419,'APD MCCONELL'),(1420,'BACKHOE IH'),(1421,'DA-435  MAZDA 2200'),(1422,'KIA VAN'),(1423,'L-300 DA-334'),(1424,'bulldozer'),(1425,'AC-6416 MRC'),(1426,'AF-335M'),(1427,'anfra-gas'),(1428,'DA-226'),(1429,'DA-551'),(1430,'1057'),(1431,'115 * 72 * 255'),(1432,'17220-P2M-700'),(1433,'2C 17801-05040'),(1434,'AAF-1120 2C'),(1435,'AAF-1140'),(1436,'AAF-2110'),(1437,'AAF-2180'),(1438,'AAF-2420 ADVENTURE'),(1439,'AAF-2620'),(1440,'AAF-9130 4JA1'),(1441,'AAF-9190'),(1442,'A5904 DAIWA'),(1443,'A6020M SAKURA'),(1444,'A6303 DAIWA'),(1445,'CAT D4D 10\"-HEIGHT  4\"-ID'),(1446,'NISSAN GA-13'),(1447,'17801-0C010 innova'),(1448,'17801-16020 ASCO FOR AVANZA'),(1449,'17801-17020 G TLC'),(1450,'17801-30050 HI ACE D4D BELOW 2014'),(1451,'17801-30070 hi ace d4d 2014'),(1452,'17801-35030'),(1453,'17801-43010'),(1454,'17801-54080 HI LUX'),(1455,'17801-54100 HI-ACE 94\''),(1456,'17801-61030 IHDT'),(1457,'17801-68020'),(1458,'17801-70050'),(1459,'17801-75010 (HI ACE)'),(1460,'17801-BZ050 AVANZA'),(1461,'4JJ1 97178609 D MAXX'),(1462,'4JJ1 97178609 D MAXX REPLACEMENT'),(1463,'6BG1 1142151081-N'),(1464,'6D15 ME033717-P'),(1465,'BESTA 6610944504'),(1466,'DA-1017'),(1467,'DA-1050 DAIWA'),(1468,'DA-102'),(1469,'DA-104 CROWN'),(1470,'DA-110 4K'),(1471,'DA-111 4K'),(1472,'DA-137'),(1473,'DA-143'),(1474,'DA-149'),(1475,'DA-170'),(1476,'DA-206'),(1477,'DA-213'),(1478,'DA-226 16546-80600 NISSAN'),(1479,'DA-3002 MITSUBISHI'),(1480,'DA-303 LANCER DAIWA'),(1481,'DA-306 L-200'),(1482,'DA-352'),(1483,'DA-353'),(1484,'DA-353A'),(1485,'DA-364'),(1486,'DA-401'),(1487,'DA-413'),(1488,'DA-427'),(1489,'DA-482'),(1490,'DA-501'),(1491,'DA-503 4BA1'),(1492,'DA-509 4BC2'),(1493,'DA-519'),(1494,'DA-563 SP'),(1495,'DA-566'),(1496,'DA-567'),(1497,'DA-568'),(1498,'DA-572'),(1499,'DA-576'),(1500,'DA-610'),(1501,'DA-612 DAIWA'),(1502,'DA-616'),(1503,'DA-942'),(1504,'JA-K12 KIA 4 * 4'),(1505,'NA-206'),(1506,'DA-606'),(1507,'DEUTZ'),(1508,'EA-334'),(1509,'FAS-8014 FX'),(1510,'FAS-8402 SENTRA'),(1511,'FAS-8811 HONDA'),(1512,'FORD RANGER HA3318'),(1513,'FORD RANGER'),(1514,'FORWARD'),(1515,'HI-ACE - DIESEL'),(1516,'H-202'),(1517,'ISUZU HI-LANDER 4JA1'),(1518,'K 592-603'),(1519,'KIA OK790-23-603B'),(1520,'KIA PRIDE KK150-13700'),(1521,'KIA CERES III 16546-73C10'),(1522,'L-300'),(1523,'LN-166 17801-54180 (DA-147) DAIWA HI LUX'),(1524,'LN-166 17801-54180 HI LUX'),(1525,'KOMATSO'),(1526,'LANCER 1.3 MD-620508'),(1527,'LANCER 1.6 MD-620738'),(1528,'COROLLA 1.6 17801-15060'),(1529,'MAZDA B-2500'),(1530,'MD603384'),(1531,'NEC-89503'),(1532,'NLA-576'),(1533,'PA-202 16546-65000 ARMAN COLLANTES'),(1534,'PC200'),(1535,'P821883 DONALDSON (BCI)'),(1536,'SAMSUNG'),(1537,'SENTRA 16546-71A10'),(1538,'SA-288 PATHFINDER'),(1539,'SENTRA'),(1540,'starex'),(1541,'DA-330');
/*!40000 ALTER TABLE `models` ENABLE KEYS */;
UNLOCK TABLES;

--
-- Table structure for table `notification`
--

DROP TABLE IF EXISTS `notification`;
/*!40101 SET @saved_cs_client     = @@character_set_client */;
/*!40101 SET character_set_client = utf8 */;
CREATE TABLE `notification` (
  `notificationid` int(15) NOT NULL AUTO_INCREMENT,
  `inventoryname` varchar(50) NOT NULL,
  `inventorysize` varchar(50) DEFAULT NULL,
  `modelno` varchar(50) NOT NULL,
  `notificationdetails` longtext,
  `ndate` date DEFAULT NULL,
  `time` time DEFAULT NULL,
  PRIMARY KEY (`notificationid`)
) ENGINE=InnoDB DEFAULT CHARSET=latin1;
/*!40101 SET character_set_client = @saved_cs_client */;

--
-- Dumping data for table `notification`
--

LOCK TABLES `notification` WRITE;
/*!40000 ALTER TABLE `notification` DISABLE KEYS */;
/*!40000 ALTER TABLE `notification` ENABLE KEYS */;
UNLOCK TABLES;

--
-- Table structure for table `outgoingitems`
--

DROP TABLE IF EXISTS `outgoingitems`;
/*!40101 SET @saved_cs_client     = @@character_set_client */;
/*!40101 SET character_set_client = utf8 */;
CREATE TABLE `outgoingitems` (
  `isdate` date NOT NULL,
  `time` time NOT NULL,
  `enteredby` varchar(20) NOT NULL,
  `quantity` int(11) NOT NULL,
  `inventoryid` int(11) NOT NULL,
  `reason` varchar(500) NOT NULL
) ENGINE=InnoDB DEFAULT CHARSET=latin1;
/*!40101 SET character_set_client = @saved_cs_client */;

--
-- Dumping data for table `outgoingitems`
--

LOCK TABLES `outgoingitems` WRITE;
/*!40000 ALTER TABLE `outgoingitems` DISABLE KEYS */;
INSERT INTO `outgoingitems` VALUES ('2015-11-27','11:35:24','admin1',2,1264,'Sales'),('2015-11-27','11:35:36','admin1',3,1730,'Sales'),('2015-11-27','11:35:51','admin1',4,1267,'Sales'),('2015-11-27','11:36:03','admin1',2,1275,'Sales'),('2015-11-27','11:36:48','admin1',3,1295,'Sales');
/*!40000 ALTER TABLE `outgoingitems` ENABLE KEYS */;
UNLOCK TABLES;

--
-- Table structure for table `precutmetal`
--

DROP TABLE IF EXISTS `precutmetal`;
/*!40101 SET @saved_cs_client     = @@character_set_client */;
/*!40101 SET character_set_client = utf8 */;
CREATE TABLE `precutmetal` (
  `precutmetalid` int(11) NOT NULL AUTO_INCREMENT,
  `itemid` varchar(50) NOT NULL,
  `precutitemdiam` varchar(50) NOT NULL,
  `precutitemdiamconverted` decimal(10,4) NOT NULL,
  `precutitemdiamul` varchar(10) NOT NULL,
  `precutitemlength` varchar(50) NOT NULL,
  `precutitemlengthul` varchar(10) NOT NULL,
  PRIMARY KEY (`precutmetalid`)
) ENGINE=InnoDB AUTO_INCREMENT=313 DEFAULT CHARSET=latin1;
/*!40101 SET character_set_client = @saved_cs_client */;

--
-- Dumping data for table `precutmetal`
--

LOCK TABLES `precutmetal` WRITE;
/*!40000 ALTER TABLE `precutmetal` DISABLE KEYS */;
INSERT INTO `precutmetal` VALUES (1,'1','1-1/2',1.5000,'inch','12','inch'),(2,'1','10-1/8',10.1250,'mm','5','inch'),(3,'1','6-1/4',6.2500,'mm','3','inch'),(4,'2','10',10.0000,'mm','2','METER'),(5,'2','1-1/2',1.5000,'inch','2','FT'),(6,'2','1-1/4',1.2500,'inch','20','FT'),(7,'2','1-3/4',1.7500,'mm','20','FT'),(8,'2','2',2.0000,'inch','2','FT'),(9,'2','2-1/2',2.5000,'inch','13','inch'),(10,'2','2-1/4',2.2500,'inch','13','inch'),(11,'2','3/16',0.1875,'mm','6','FT'),(12,'2','3/4',0.7500,'mm','4','FT'),(13,'2','3/8',0.3750,'mm','1.5','METER'),(14,'2','3/8',0.3750,'mm','6','FT'),(15,'2','3-1/2',3.5000,'inch','4','inch'),(16,'2','5/8',0.6250,'mm','4','FT'),(17,'2','7/8',0.8750,'mm','2','FT'),(18,'3','1',1.0000,'mm','6','METER'),(19,'3','1',1.0000,'inch','20','FT'),(20,'3','1/2',0.5000,'mm','20','FT'),(21,'3','1/4',0.2500,'inch','20','FT'),(22,'3','1/8',0.1250,'inch','20','FT'),(23,'3','1-1/2',1.5000,'mm','20','FT'),(24,'3','1-1/4',1.2500,'mm','20','FT'),(25,'3','1-1/8',1.1250,'inch','20','FT'),(26,'3','1-3/4',1.7500,'mm','6','METER'),(27,'3','1-3/8',1.3750,'mm','20','inch'),(28,'3','1-5/8',1.6250,'mm','20','FT'),(29,'3','16',16.0000,'mm','20','FT'),(30,'3','19',19.0000,'mm','20','FT'),(31,'3','2',2.0000,'inch','20','FT'),(32,'3','2-1/2',2.5000,'mm','29-1/2','inch'),(33,'3','2-1/4',2.2500,'mm','145','inch'),(34,'3','2-3/4',2.7500,'mm','3','FT'),(35,'3','3',3.0000,'inch','6','METER'),(36,'3','3/16',0.1875,'mm','20','inch'),(37,'3','3/4',0.7500,'mm','20','inch'),(38,'3','3/8',0.3750,'mm','20','FT'),(39,'3','3-1/2',3.5000,'mm','15-1/4','inch'),(40,'3','3-1/2',3.5000,'inch','6','METER'),(41,'3','3-1/4',3.2500,'inch','12','METER'),(42,'3','3-1/4',3.2500,'mm','55','inch'),(43,'3','32',32.0000,'mm','6','METER'),(44,'3','3/8',0.3750,'mm','20','FT'),(45,'3','4',4.0000,'inch','6','METER'),(46,'3','4 1/2',4.0000,'mm','2-5/8','inch'),(47,'3','4-1/4',4.2500,'mm','6','METER'),(48,'3','5/16',0.3125,'mm','20','FT'),(49,'3','5',5.0000,'inch','6','METER'),(50,'3','5-1/2',5.5000,'mm','6','METER'),(51,'3','5/8',0.6250,'mm','20','inch'),(52,'3','6',6.0000,'inch','6','METER'),(53,'3','7/16',0.4375,'mm','20','FT'),(54,'3','7/8',0.8750,'mm','20','FT'),(55,'3','7/8',0.8750,'mm','20','FT'),(56,'4','9/16',0.5625,'mm','20','FT'),(57,'4','1',1.0000,'inch','12','inch'),(58,'4','1/2',0.5000,'inch','12','inch'),(59,'4','12',12.0000,'mm','2','inch'),(60,'4','1-1/4',1.2500,'inch','12','inch'),(61,'4','29',29.0000,'mm','6','METER'),(62,'4','32',32.0000,'mm','10','FT'),(63,'4','32',32.0000,'mm','6','METER'),(64,'4','38',38.0000,'mm','2','FT'),(65,'4','3/4',0.7500,'inch','12','inch'),(66,'4','5/8',0.6250,'mm','3','FT'),(67,'4','7/8',0.8750,'inch','12','inch'),(68,'4','12',12.0000,'mm','24','inch'),(69,'4','16',16.0000,'mm','24','inch'),(70,'4','19',19.0000,'mm','2','FT'),(71,'4','22',22.0000,'mm','2','FT'),(72,'4','25',25.0000,'mm','5','FT'),(73,'4','26',26.0000,'mm','2','inch'),(74,'4','29',29.0000,'mm','6','METER'),(75,'4','32',32.0000,'mm','1','METER'),(76,'4','35',35.0000,'mm','6','METER'),(77,'4','38',38.0000,'mm','13','inch'),(78,'4','41',41.0000,'mm','36','inch'),(79,'4','46',46.0000,'mm','13','inch'),(80,'4','5/8',0.6250,'mm','5','FT'),(81,'4','65',65.0000,'mm','12','inch'),(82,'5','7/8',0.8750,'mm','5','inch'),(83,'6','120',120.0000,'mm','14','inch'),(84,'6','160',160.0000,'mm','4','inch'),(85,'6','250',250.0000,'mm','120','METER'),(86,'7','1',1.0000,'inch','20','FT'),(87,'7','1/8',0.1250,'mm','20','FT'),(88,'7','1-1/2',1.5000,'mm','20','FT'),(89,'7','1-1/4',1.2500,'mm','10','FT'),(90,'7','1-1/8',1.1250,'mm','5','FT'),(91,'7','1-3/8',1.3750,'mm','6','FT'),(92,'7','2',2.0000,'inch','20','inch'),(93,'7','2',2.0000,'inch','24','inch'),(94,'7','2',2.0000,'inch','8-1/4','inch'),(95,'7','2-1/2',2.5000,'mm','12','inch'),(96,'7','2-1/2',2.5000,'mm','6','inch'),(97,'7','2-1/8',2.1250,'mm','12','inch'),(98,'7','2-3/4',2.7500,'mm','12','inch'),(99,'7','2-3/8',2.3750,'inch','12','inch'),(100,'7','3',3.0000,'inch','24','inch'),(101,'7','3',3.0000,'inch','4','inch'),(102,'7','3/16',0.1875,'mm','20','FT'),(103,'7','3-3/4',3.7500,'mm','50','METER'),(104,'7','3/4',0.7500,'mm','20','FT'),(105,'7','3/4',0.7500,'inch','5','FT'),(106,'7','4-1/2',4.5000,'inch','8','inch'),(107,'7','4-3/4',4.7500,'inch','95','METER'),(108,'7','5-1/2',5.5000,'mm','3-1/2','METER'),(109,'7','5/8',0.6250,'inch','20','FT'),(110,'7','7/16',0.4375,'mm','20','FT'),(111,'7','7/8',0.8750,'mm','20','FT'),(112,'8','8 5/8',8.0000,'mm','5 1/4','METER'),(113,'9','1/2',0.5000,'mm','20','FT'),(114,'9','1-3/4',1.7500,'mm','8','FT'),(115,'9','5/16',0.3125,'mm','20','FT'),(116,'9','1/4',0.2500,'mm','20','FT'),(117,'9','1-1/2 (38 )',1.5000,'inch','5','FT'),(118,'9','1-1/8',1.1250,'inch','20','FT'),(119,'9','1-5/8 (41 )',1.6250,'inch','5','FT'),(120,'9','3/8',0.3750,'mm','20','FT'),(121,'10','1',1.0000,'inch','3','FT'),(122,'10','1/2',0.5000,'mm','2','FT'),(123,'10','1-3/4',1.7500,'inch','24','inch'),(124,'10','2-1/4',2.2500,'mm','13','inch'),(125,'10','3/8',0.3750,'mm','48','inch'),(126,'11','9/16',0.5625,'mm','20','FT'),(127,'11','1/2',0.5000,'mm','20','FT'),(128,'11','100',100.0000,'mm','5','FT'),(129,'11','1-1/8',1.1250,'mm','60','METER'),(130,'11','110',110.0000,'mm','14','inch'),(131,'11','120',120.0000,'mm','21','METER'),(132,'11','12',12.0000,'mm','2000','METER'),(133,'11','130',130.0000,'mm','61-3/4','inch'),(134,'11','13',13.0000,'mm','6','METER'),(135,'11','140',140.0000,'mm','80','METER'),(136,'11','150',150.0000,'mm','70','METER'),(137,'11','160',160.0000,'mm','3','inch'),(138,'11','16',16.0000,'mm','6','METER'),(139,'11','170',170.0000,'mm','82','METER'),(140,'11','180',180.0000,'mm','3 1/4','METER'),(141,'11','190',190.0000,'mm','135','METER'),(142,'11','19',19.0000,'mm','6','METER'),(143,'11','20',20.0000,'mm','6','METER'),(144,'11','22',22.0000,'mm','5.85','METER'),(145,'11','220',220.0000,'mm','55','METER'),(146,'11','240',240.0000,'mm','3','inch'),(147,'11','25',25.0000,'mm','6','METER'),(148,'11','28',28.0000,'mm','6','METER'),(149,'11','30',30.0000,'mm','25','inch'),(150,'11','30',30.0000,'mm','6','METER'),(151,'11','300',300.0000,'mm','120','METER'),(152,'11','310',310.0000,'mm','7-3/16','METER'),(153,'11','32',32.0000,'mm','6','METER'),(154,'11','40',40.0000,'mm','6','METER'),(155,'11','45',45.0000,'mm','18-1/ 2','METER'),(156,'11','50',50.0000,'mm','6','METER'),(157,'11','55',55.0000,'mm','36','inch'),(158,'11','60',60.0000,'mm','6','METER'),(159,'11','65',65.0000,'mm','6','inch'),(160,'11','75',75.0000,'mm','32','inch'),(161,'11','80',80.0000,'mm','50','inch'),(162,'11','80',80.0000,'mm','6','METER'),(163,'11','85',85.0000,'mm','6','METER'),(164,'12','95',95.0000,'mm','6','METER'),(165,'13','1',1.0000,'mm','6','METER'),(166,'13','1/2',0.5000,'mm','6','METER'),(167,'13','10',10.0000,'mm','6','METER'),(168,'13','100',100.0000,'mm','5','FT'),(169,'13','100',100.0000,'mm','6','METER'),(170,'13','100',100.0000,'mm','',''),(171,'13','1-1/2',1.5000,'mm','10','FT'),(172,'13','1-1/4',1.2500,'mm','20','FT'),(173,'13','1-1/8',1.1250,'inch','6','METER'),(174,'13','110',110.0000,'mm','6','METER'),(175,'13','120',120.0000,'mm','10','FT'),(176,'13','1-3/4',1.7500,'inch','48','inch'),(177,'13','13',13.0000,'mm','6','METER'),(178,'13','130',130.0000,'mm','6','METER'),(179,'13','140',140.0000,'mm','5','FT'),(180,'13','150',150.0000,'mm','10','FT'),(181,'13','16',16.0000,'mm','6','METER'),(182,'13','160',160.0000,'mm','4','inch'),(183,'13','170',170.0000,'mm','130','METER'),(184,'13','180',180.0000,'mm','82','inch'),(185,'13','190',190.0000,'mm','105','METER'),(186,'13','19',19.0000,'mm','5.85','METER'),(187,'13','2',2.0000,'mm','10','FT'),(188,'13','2',2.0000,'inch','48','inch'),(189,'13','20',20.0000,'mm','6','METER'),(190,'13','200',200.0000,'mm','100','METER'),(191,'13','220',220.0000,'mm','45','METER'),(192,'13','22',22.0000,'mm','6','METER'),(193,'13','230',230.0000,'mm','4-5/8','METER'),(194,'13','230',230.0000,'mm','155','METER'),(195,'13','24',24.0000,'mm','19','METER'),(196,'13','240',240.0000,'mm','7-1/2','METER'),(197,'13','250',250.0000,'mm','65','METER'),(198,'13','25',25.0000,'mm','6','METER'),(199,'13','26',26.0000,'mm','20','FT'),(200,'13','260',260.0000,'mm','7 3/4','inch'),(201,'13','27',27.0000,'mm','27-1/2','METER'),(202,'13','270',270.0000,'mm','109','inch'),(203,'13','280',280.0000,'mm','5-1/2','METER'),(204,'13','28',28.0000,'mm','6','METER'),(205,'13','3',3.0000,'inch','12','inch'),(206,'13','32',32.0000,'mm','6','METER'),(207,'13','3/4',0.7500,'mm','20','FT'),(208,'13','3/8',0.3750,'inch','20','inch'),(209,'13','30',30.0000,'mm','6','METER'),(210,'13','32',32.0000,'mm','6','METER'),(211,'13','300',300.0000,'mm','190','METER'),(212,'13','310',310.0000,'mm','7-1/2','METER'),(213,'13','3/4',0.7500,'mm','6','METER'),(214,'13','340',340.0000,'mm','6','inch'),(215,'13','35',35.0000,'mm','6','METER'),(216,'13','36',36.0000,'mm','6','METER'),(217,'13','38',38.0000,'mm','6','METER'),(218,'13','40',40.0000,'mm','6','METER'),(219,'13','420',420.0000,'mm','4-3/8','METER'),(220,'13','45',45.0000,'mm','20','FT'),(221,'13','45',45.0000,'mm','6','METER'),(222,'13','460',460.0000,'mm','8-1/2','inch'),(223,'13','48',48.0000,'mm','5','FT'),(224,'13','5/8',0.6250,'mm','6','METER'),(225,'13','50',50.0000,'mm','6','METER'),(226,'13','55',55.0000,'mm','20','FT'),(227,'13','60',60.0000,'mm','6','METER'),(228,'13','65',65.0000,'mm','6','METER'),(229,'13','70',70.0000,'mm','10','FT'),(230,'13','75',75.0000,'mm','6','FT'),(231,'13','80',80.0000,'mm','10','FT'),(232,'13','85',85.0000,'mm','10','FT'),(233,'13','90',90.0000,'mm','10','FT'),(234,'13','95',95.0000,'mm','6','METER'),(235,'14','150',150.0000,'mm','110       4-3/8','inch'),(236,'14','170',170.0000,'mm','30       1-1/4','inch'),(237,'14','35',35.0000,'mm','6','METER'),(238,'14','40',40.0000,'mm','13','inch'),(239,'14','45',45.0000,'mm','63','inch'),(240,'14','50',50.0000,'mm','24','inch'),(241,'14','55',55.0000,'mm','13','inch'),(242,'14','60',60.0000,'mm','6','inch'),(243,'14','65',65.0000,'mm','32-1/2','inch'),(244,'14','70',70.0000,'mm','96','inch'),(245,'14','80',80.0000,'mm','12','inch'),(246,'14','90',90.0000,'mm','60','METER'),(247,'14','95',95.0000,'mm','910          36','inch'),(248,'15','30',30.0000,'mm','15','inch'),(249,'15','32',32.0000,'mm','6','METER'),(250,'15','110',110.0000,'mm','75','METER'),(251,'15','120',120.0000,'mm','80','METER'),(252,'15','130',130.0000,'mm','6','METER'),(253,'15','140',140.0000,'mm','100','METER'),(254,'15','150',150.0000,'mm','38','inch'),(255,'15','160',160.0000,'mm','45','METER'),(256,'15','180',180.0000,'mm','6-1/8','inch'),(257,'15','200',200.0000,'mm','3/4','METER'),(258,'15','230',230.0000,'mm','90','METER'),(259,'15','240',240.0000,'mm','165','METER'),(260,'15','25',25.0000,'mm','26','inch'),(261,'15','30',30.0000,'mm','56','inch'),(262,'15','32',32.0000,'mm','70','METER'),(263,'15','36',36.0000,'mm','12','inch'),(264,'15','38',38.0000,'mm','13','inch'),(265,'15','45',45.0000,'mm','2','FT'),(266,'15','50',50.0000,'mm','1','FT'),(267,'15','55',55.0000,'mm','60','inch'),(268,'15','60',60.0000,'mm','1','FT'),(269,'15','60',60.0000,'mm','5.85','METER'),(270,'15','65',65.0000,'mm','12','inch'),(271,'15','70',70.0000,'mm','6','METER'),(272,'15','75',75.0000,'mm','12','inch'),(273,'15','80',80.0000,'mm','3','FT'),(274,'15','85',85.0000,'mm','50','METER'),(275,'16','110',110.0000,'mm','11','inch'),(276,'16','120',120.0000,'mm','75','METER'),(277,'16','130',130.0000,'mm','11','inch'),(278,'16','140',140.0000,'mm','190','METER'),(279,'16','13-3/4',13.7500,'inch','24-1/2','inch'),(280,'16','135',135.0000,'mm','3','inch'),(281,'16','16',16.0000,'mm','20','FT'),(282,'16','30',30.0000,'mm','12','inch'),(283,'16','35',35.0000,'mm','13','inch'),(284,'16','40',40.0000,'mm','13','inch'),(285,'16','50',50.0000,'mm','13','inch'),(286,'16','55',55.0000,'mm','13','inch'),(287,'16','60',60.0000,'mm','10','inch'),(288,'16','85',85.0000,'mm','2.5','FT'),(289,'16','90',90.0000,'mm','5','inch'),(290,'16','210',210.0000,'mm','35','METER'),(291,'16','240',240.0000,'mm','145','METER'),(292,'16','280',280.0000,'mm','45       1-7/8','inch'),(293,'16','25',25.0000,'mm','2','FT'),(294,'16','30',30.0000,'mm','13','inch'),(295,'16','300',300.0000,'mm','6-3/8','inch'),(296,'16','32',32.0000,'mm','12','inch'),(297,'16','35',35.0000,'mm','30','inch'),(298,'16','40',40.0000,'mm','13','inch'),(299,'16','45',45.0000,'mm','180','METER'),(300,'16','50',50.0000,'mm','12','inch'),(301,'16','55',55.0000,'mm','13','inch'),(302,'16','60',60.0000,'mm','12','inch'),(303,'16','60',60.0000,'mm','300','inch'),(304,'16','65',65.0000,'mm','50','inch'),(305,'16','70',70.0000,'mm','250','METER'),(306,'16','75',75.0000,'mm','25','inch'),(307,'16','80',80.0000,'mm','150','METER'),(308,'16','85',85.0000,'mm','5','inch'),(309,'16','90',90.0000,'mm','6','inch'),(310,'16','95',95.0000,'mm','40','METER'),(311,'22','3-3/4',3.7500,'mm','40','METER'),(312,'22','4',4.0000,'mm','8','METER');
/*!40000 ALTER TABLE `precutmetal` ENABLE KEYS */;
UNLOCK TABLES;

--
-- Table structure for table `sales`
--

DROP TABLE IF EXISTS `sales`;
/*!40101 SET @saved_cs_client     = @@character_set_client */;
/*!40101 SET character_set_client = utf8 */;
CREATE TABLE `sales` (
  `saleid` int(15) NOT NULL AUTO_INCREMENT,
  `invoiceno` varchar(45) NOT NULL,
  `saledate` date DEFAULT NULL,
  `itemname` varchar(45) DEFAULT NULL,
  `saleprice` decimal(11,2) DEFAULT NULL,
  `itemsize` varchar(45) DEFAULT NULL,
  `noofitems` int(5) DEFAULT NULL,
  `total` decimal(11,2) DEFAULT NULL,
  `modelno` varchar(45) DEFAULT NULL,
  PRIMARY KEY (`saleid`),
  KEY `fk_sales_clientid_idx` (`itemsize`)
) ENGINE=InnoDB AUTO_INCREMENT=7 DEFAULT CHARSET=latin1;
/*!40101 SET character_set_client = @saved_cs_client */;

--
-- Dumping data for table `sales`
--

LOCK TABLES `sales` WRITE;
/*!40000 ALTER TABLE `sales` DISABLE KEYS */;
INSERT INTO `sales` VALUES (2,'68165165','2015-11-04','Bearing',580.00,NULL,2,1160.00,'BWF35-3B'),(3,'61681','2015-11-05','Oil Filter',970.00,NULL,3,2910.00,'BMW 7 SERIES'),(4,'98181','2015-11-06','Bearing',580.00,NULL,4,2320.00,'C06 KOYO'),(5,'68116','2015-11-07','Bearing',580.00,NULL,2,1160.00,'DAC3564A-1CS31'),(6,'981681','2015-11-11','Bearing',899.00,NULL,3,2697.00,'EE2 ZZ');
/*!40000 ALTER TABLE `sales` ENABLE KEYS */;
UNLOCK TABLES;

--
-- Table structure for table `servicelogs`
--

DROP TABLE IF EXISTS `servicelogs`;
/*!40101 SET @saved_cs_client     = @@character_set_client */;
/*!40101 SET character_set_client = utf8 */;
CREATE TABLE `servicelogs` (
  `servicelogid` int(15) NOT NULL AUTO_INCREMENT,
  `serviceprice` decimal(11,2) DEFAULT NULL,
  `joborderid` decimal(38,0) DEFAULT NULL,
  `serviceid` int(15) DEFAULT NULL,
  `servicesstatus` enum('Pending','Started','Done') DEFAULT 'Pending',
  PRIMARY KEY (`servicelogid`),
  KEY `fk_servicelogs_joborderid_idx` (`joborderid`),
  KEY `fk_servicelogs_serviceid_idx` (`serviceid`),
  CONSTRAINT `fk_servicelogs_serviceid` FOREIGN KEY (`serviceid`) REFERENCES `services` (`serviceid`) ON DELETE NO ACTION ON UPDATE NO ACTION
) ENGINE=InnoDB AUTO_INCREMENT=132 DEFAULT CHARSET=latin1;
/*!40101 SET character_set_client = @saved_cs_client */;

--
-- Dumping data for table `servicelogs`
--

LOCK TABLES `servicelogs` WRITE;
/*!40000 ALTER TABLE `servicelogs` DISABLE KEYS */;
INSERT INTO `servicelogs` VALUES (44,NULL,201511271,3,'Pending'),(45,NULL,201511272,12,'Pending'),(46,NULL,201511273,9,'Pending'),(47,NULL,201511274,9,'Pending'),(48,NULL,201511275,2,'Pending'),(49,NULL,201511276,14,'Pending'),(50,NULL,201511277,12,'Pending'),(51,NULL,201511278,11,'Pending'),(52,NULL,201511279,10,'Pending'),(53,NULL,2015112710,11,'Pending'),(54,NULL,2015112711,11,'Pending'),(55,NULL,2015112712,10,'Pending'),(56,NULL,2015112713,9,'Pending'),(57,NULL,2015112714,14,'Pending'),(58,NULL,2015112715,15,'Pending'),(59,NULL,2015112716,14,'Pending'),(60,NULL,2015112717,15,'Pending'),(61,NULL,2015112718,13,'Pending'),(62,NULL,2015112719,6,'Pending'),(63,NULL,2015112720,12,'Pending'),(64,NULL,2015112721,8,'Pending'),(65,NULL,2015112722,11,'Pending'),(66,NULL,2015112723,15,'Pending'),(67,NULL,2015112724,11,'Pending'),(68,NULL,2015112725,12,'Pending'),(69,NULL,2015112726,13,'Pending'),(70,NULL,2015112727,18,'Pending'),(71,NULL,2015112728,13,'Pending'),(72,NULL,2015112729,16,'Pending'),(73,NULL,2015112730,14,'Pending'),(74,NULL,2015112731,17,'Pending'),(75,NULL,2015112732,13,'Pending'),(76,NULL,2015112733,11,'Pending'),(77,NULL,2015112734,9,'Pending'),(78,NULL,2015112735,13,'Pending'),(79,NULL,2015112736,14,'Pending'),(80,NULL,2015112737,16,'Pending'),(81,NULL,2015112738,12,'Pending'),(82,NULL,2015112739,11,'Pending'),(83,NULL,2015112740,17,'Pending'),(84,NULL,2015112741,17,'Pending'),(85,NULL,2015112742,12,'Pending'),(86,NULL,2015112743,12,'Pending'),(87,NULL,2015112744,15,'Pending'),(88,NULL,2015112745,16,'Pending'),(89,NULL,2015112746,10,'Pending'),(90,NULL,2015112747,16,'Pending'),(91,NULL,2015112748,12,'Pending'),(92,NULL,2015112749,16,'Pending'),(93,NULL,2015112749,13,'Pending'),(94,NULL,2015112749,13,'Pending'),(95,NULL,2015112749,15,'Pending'),(96,NULL,2015112749,16,'Pending'),(97,NULL,2015112749,9,'Pending'),(98,NULL,2015112750,14,'Pending'),(99,NULL,2015112751,13,'Pending'),(100,NULL,2015112752,15,'Pending'),(102,NULL,2015112753,15,'Pending'),(103,NULL,2015112754,12,'Pending'),(104,NULL,2015112795,15,'Pending'),(105,NULL,2015112796,13,'Pending'),(106,NULL,2015112797,15,'Pending'),(107,NULL,2015112798,14,'Pending'),(108,NULL,2015112799,11,'Pending'),(109,NULL,20151127100,14,'Pending'),(110,NULL,20151127101,16,'Pending'),(111,NULL,20151127102,13,'Pending'),(112,NULL,20151127103,16,'Pending'),(113,NULL,20151127104,11,'Pending'),(114,NULL,20151127105,17,'Pending'),(115,NULL,20151127106,17,'Pending'),(116,NULL,20151127107,10,'Pending'),(117,NULL,20151127108,18,'Pending'),(118,NULL,20151127109,13,'Pending'),(119,NULL,20151127110,15,'Pending'),(120,NULL,20151127111,16,'Pending'),(121,NULL,20151127112,13,'Pending'),(122,NULL,20151127113,8,'Pending'),(123,NULL,20151127114,12,'Pending'),(124,NULL,20151127115,17,'Pending'),(125,NULL,20151127116,18,'Pending'),(126,NULL,20151127117,12,'Pending'),(127,NULL,20151127118,15,'Pending'),(128,NULL,20151127119,16,'Pending'),(129,NULL,20151127120,16,'Pending'),(130,NULL,20151127121,16,'Pending'),(131,NULL,20151127122,17,'Pending');
/*!40000 ALTER TABLE `servicelogs` ENABLE KEYS */;
UNLOCK TABLES;

--
-- Table structure for table `services`
--

DROP TABLE IF EXISTS `services`;
/*!40101 SET @saved_cs_client     = @@character_set_client */;
/*!40101 SET character_set_client = utf8 */;
CREATE TABLE `services` (
  `serviceid` int(15) NOT NULL AUTO_INCREMENT,
  `servicename` varchar(300) DEFAULT NULL,
  `serviceprice` decimal(11,2) DEFAULT NULL,
  `servicedesc` varchar(300) DEFAULT NULL,
  `servicedatemod` date DEFAULT NULL,
  `serviceitems` varchar(300) DEFAULT NULL,
  `servicestatus` enum('Offered','Discontinued') DEFAULT NULL,
  PRIMARY KEY (`serviceid`)
) ENGINE=InnoDB AUTO_INCREMENT=30 DEFAULT CHARSET=latin1;
/*!40101 SET character_set_client = @saved_cs_client */;

--
-- Dumping data for table `services`
--

LOCK TABLES `services` WRITE;
/*!40000 ALTER TABLE `services` DISABLE KEYS */;
INSERT INTO `services` VALUES (1,'Block Sleeving',650.00,NULL,'2015-11-22',NULL,'Offered'),(2,'Block Washing',700.00,NULL,'2015-11-22',NULL,'Offered'),(3,'Block Rebore',620.00,NULL,'2015-11-22',NULL,'Offered'),(4,'Block Hydrotest',650.00,NULL,'2015-11-22',NULL,'Offered'),(5,'Block Resurface',700.00,NULL,'2015-11-22',NULL,'Offered'),(6,'Block and Con Rod Refitting',800.00,NULL,'2015-11-22',NULL,'Offered'),(7,'Block Align Boring',750.00,'Block Align Boring','2015-11-25',NULL,'Offered'),(8,'Cylinder Head Hydrotest',500.00,NULL,'2015-11-22',NULL,'Offered'),(9,'Cylinder Head Resurface',550.00,NULL,'2015-11-22',NULL,'Offered'),(10,'Cylinder Head Washing ',350.00,NULL,'2015-11-22',NULL,'Offered'),(11,'Cylinder Head Cold Welding',300.00,NULL,'2015-11-22',NULL,'Offered'),(12,'Valve Seat Insert',250.00,NULL,'2015-11-22',NULL,'Offered'),(13,'Valve Gulda Replace',550.00,NULL,'2015-11-22',NULL,'Offered'),(14,'Valve Clearance',380.00,NULL,'2015-11-22',NULL,'Offered'),(15,'Crankshaft Regrind Mala and Con Rod',400.00,NULL,'2015-11-22',NULL,'Offered'),(16,'Crackshaft Gear Pull out',300.00,NULL,'2015-11-22',NULL,'Offered'),(17,'Crackshaft Check-up',180.00,NULL,'2015-11-22',NULL,'Offered'),(18,'Rear Oil Seal Build-up and and Machining',380.00,NULL,'2015-11-22',NULL,'Offered'),(19,'Front Oil Seal Build-up',380.00,NULL,'2015-11-22',NULL,'Offered'),(20,'Con Rod Arm Rebushing',500.00,NULL,'2015-11-22',NULL,'Offered'),(21,'Con Rod Arm Re-std',400.00,NULL,'2015-11-22',NULL,'Offered'),(22,'Con Rod Arm Alignment',350.00,NULL,'2015-11-22',NULL,'Offered'),(23,'Camshaft Bushing Replace',900.00,NULL,'2015-11-22',NULL,'Offered'),(24,'Piston Press In/Out',370.00,NULL,'2015-11-22',NULL,'Offered'),(25,'Piston Rearcove',420.00,NULL,'2015-11-22',NULL,'Offered'),(26,'Side Thrust Fabricate',400.00,NULL,'2015-11-22',NULL,'Offered'),(27,'Side Thrust Build-up and Machining',360.00,NULL,'2015-11-22',NULL,'Offered'),(28,'Idler Gear Rebushing',350.00,NULL,'2015-11-22',NULL,'Offered'),(29,'Pulley Re-sleeving-Build-up',300.00,NULL,'2015-11-22',NULL,'Offered');
/*!40000 ALTER TABLE `services` ENABLE KEYS */;
UNLOCK TABLES;

--
-- Table structure for table `servicesinventory`
--

DROP TABLE IF EXISTS `servicesinventory`;
/*!40101 SET @saved_cs_client     = @@character_set_client */;
/*!40101 SET character_set_client = utf8 */;
CREATE TABLE `servicesinventory` (
  `serviceid` int(15) NOT NULL,
  `inventoryid` int(15) NOT NULL,
  PRIMARY KEY (`serviceid`,`inventoryid`),
  KEY `fk_servicesinventory_inventoryid_idx` (`inventoryid`),
  CONSTRAINT `fk_servicesinventory_inventoryid` FOREIGN KEY (`inventoryid`) REFERENCES `inventory` (`inventoryid`) ON DELETE NO ACTION ON UPDATE NO ACTION,
  CONSTRAINT `fk_servicesinventory_serviceid` FOREIGN KEY (`serviceid`) REFERENCES `services` (`serviceid`) ON DELETE NO ACTION ON UPDATE NO ACTION
) ENGINE=InnoDB DEFAULT CHARSET=latin1;
/*!40101 SET character_set_client = @saved_cs_client */;

--
-- Dumping data for table `servicesinventory`
--

LOCK TABLES `servicesinventory` WRITE;
/*!40000 ALTER TABLE `servicesinventory` DISABLE KEYS */;
/*!40000 ALTER TABLE `servicesinventory` ENABLE KEYS */;
UNLOCK TABLES;

--
-- Table structure for table `users`
--

DROP TABLE IF EXISTS `users`;
/*!40101 SET @saved_cs_client     = @@character_set_client */;
/*!40101 SET character_set_client = utf8 */;
CREATE TABLE `users` (
  `userid` int(15) NOT NULL AUTO_INCREMENT,
  `username` varchar(50) DEFAULT NULL,
  `userpassword` varchar(50) DEFAULT NULL,
  `userfirstname` varchar(50) DEFAULT NULL,
  `userlastname` varchar(50) DEFAULT NULL,
  `usermidinitial` varchar(5) DEFAULT NULL,
  `usertype` varchar(50) DEFAULT NULL,
  PRIMARY KEY (`userid`)
) ENGINE=InnoDB AUTO_INCREMENT=2 DEFAULT CHARSET=latin1;
/*!40101 SET character_set_client = @saved_cs_client */;

--
-- Dumping data for table `users`
--

LOCK TABLES `users` WRITE;
/*!40000 ALTER TABLE `users` DISABLE KEYS */;
INSERT INTO `users` VALUES (1,'admin1','admin1','Benedict','Tiong','S','admin');
/*!40000 ALTER TABLE `users` ENABLE KEYS */;
UNLOCK TABLES;
/*!40103 SET TIME_ZONE=@OLD_TIME_ZONE */;

/*!40101 SET SQL_MODE=@OLD_SQL_MODE */;
/*!40014 SET FOREIGN_KEY_CHECKS=@OLD_FOREIGN_KEY_CHECKS */;
/*!40014 SET UNIQUE_CHECKS=@OLD_UNIQUE_CHECKS */;
/*!40101 SET CHARACTER_SET_CLIENT=@OLD_CHARACTER_SET_CLIENT */;
/*!40101 SET CHARACTER_SET_RESULTS=@OLD_CHARACTER_SET_RESULTS */;
/*!40101 SET COLLATION_CONNECTION=@OLD_COLLATION_CONNECTION */;
/*!40111 SET SQL_NOTES=@OLD_SQL_NOTES */;

-- Dump completed on 2016-01-26 14:53:34
